customer_id,customer_name,email,phone_number,city,state,signup_date
CUST_00001,Tamara Hayes,tamara.hayes@yahoo.com,(421)217-7139,Fox River Grove,IL,2025-06-10
CUST_00002,Bailey Kirby,bailey.kirby@hotmail.com,001-515-842-0743x9179,New York,NY,2024-03-26
CUST_00003,Joseph Hernandez,joseph.hernandez@aol.com,(431)505-4858x49772,Strandburg,SD,2025-02-22
CUST_00004,Amy Martinez,amy.martinez@gmail.com,+1-267-645-8705,Manistee,MI,2026-01-17
CUST_00005,Judith Dorsey,judith.dorsey@hotmail.com,(665)946-5787,Raleigh,NC,2024-05-19
CUST_00006,Logan Miller,logan.miller@aol.com,(870)805-1488x19731,Apo,AP,2024-10-06
CUST_00007,Margaret Snyder,margaret.snyder@gmail.com,001-845-637-0134x6541,Snohomish,WA,2023-11-22
CUST_00008,Christina Odonnell,christina.odonnell@yahoo.com,457-898-8994,Maybrook,NY,2025-04-10
CUST_00009,Kyle Evans,kyle.evans@outlook.com,554.244.9331x05565,Cornish,UT,2025-02-01
CUST_00010,Vanessa Gardner,vanessa.gardner@yahoo.com,+1-227-282-9544x926,Thorne Bay,AK,2025-04-01
CUST_00011,Albert Jenkins,albert.jenkins@icloud.com,001-993-672-2335x14731,Albany,NY,2024-04-27
CUST_00012,Nancy Miles,nancy.miles@icloud.com,+1-274-728-2277,Roanoke,VA,2024-11-21
CUST_00013,Jack Sanford,jack.sanford@yahoo.com,(628)973-1127,Westminster,CA,2025-05-16
CUST_00014,Kevin Brown,kevin.brown@gmail.com,491-640-7021,Birmingham,AL,2024-05-14
CUST_00015,Brian Leblanc,brian.leblanc@yahoo.com,+1-986-706-6966x2988,Tulsa,OK,2026-07-15
CUST_00016,Carlos Sparks,carlos.sparks@yahoo.com,+1-712-353-7048x87180,Coatesville,PA,2026-08-08
CUST_00017,Matthew Garcia,matthew.garcia@aol.com,+1-934-531-9617x373,Whittier,CA,2025-08-03
CUST_00018,Melissa Rice,melissa.rice@yahoo.com,211-727-7276x19994,Topeka,KS,2024-01-21
CUST_00019,Lisa Burton,lisa.burton@aol.com,691-914-3663x40296,Louisville,KY,2025-02-04
CUST_00020,Jeremy Mcguire,jeremy.mcguire@gmail.com,001-893-780-7621x96371,Washington,DC,2025-09-03
CUST_00021,Carol Bates,carol.bates@gmail.com,238.438.0663x43079,Pompton Plains,NJ,2025-08-15
CUST_00022,Russell Carter,russell.carter@outlook.com,+1-866-984-4467,Lake Providence,LA,2023-09-24
CUST_00023,Jennifer Wood,jennifer.wood@aol.com,705.862.5456x76539,Lincoln,NE,2024-04-09
CUST_00024,Kimberly Soto,kimberly.soto@yahoo.com,+1-203-656-4198x893,Barton City,MI,2024-02-09
CUST_00025,Nathan Olson,nathan.olson@aol.com,(841)444-8133,Alleyton,TX,2025-04-14
CUST_00026,Rachel Miller,rachel.miller@outlook.com,726.810.8599x1541,Statenville,GA,2026-04-20
CUST_00027,Thomas Johnson,thomas.johnson@icloud.com,+1-811-311-0370x3525,Tulsa,OK,2023-09-10
CUST_00028,Raymond Howard,raymond.howard@yahoo.com,(319)876-8842x64753,Colonial Beach,VA,2024-05-23
CUST_00029,Adam Mathews,adam.mathews@icloud.com,+1-709-223-6406x36673,Wakefield,NE,2024-01-17
CUST_00030,Matthew Campbell,matthew.campbell@outlook.com,223-842-1104x7244,Craigsville,VA,2025-01-21
CUST_00031,Christopher Garrett,christopher.garrett@hotmail.com,001-465-390-9675x2791,Greenford,OH,2024-07-16
CUST_00032,Betty Lopez,betty.lopez@yahoo.com,(249)283-4898,Hoosick,NY,2025-07-27
CUST_00033,Sarah Carlson,sarah.carlson@icloud.com,988-682-2931,Bramwell,WV,2025-01-30
CUST_00034,Scott Johnson,scott.johnson@outlook.com,+1-297-649-4070x9059,Cairnbrook,PA,2024-03-21
CUST_00035,Paul Torres,paul.torres@icloud.com,3837684214,Portland,OR,2025-01-18
CUST_00036,Steven Hayes,steven.hayes@aol.com,001-991-478-4566x796,Geneseo,NY,2024-11-01
CUST_00037,Juan Pham,juan.pham@yahoo.com,246-603-4480x6747,Elmendorf,TX,2024-04-14
CUST_00038,Joseph Williams,joseph.williams@yahoo.com,747-408-7863,Cebolla,NM,2024-12-07
CUST_00039,Yvette Christian,yvette.christian@aol.com,3517015126,Greenville,VA,2025-07-25
CUST_00040,Sara Sheppard,sara.sheppard@yahoo.com,(514)348-9323,Sunnyside,UT,2026-04-04
CUST_00041,David Hill,david.hill@hotmail.com,799-752-2322,Dover Foxcroft,ME,2024-06-07
CUST_00042,Veronica Mckay,veronica.mckay@hotmail.com,(677)219-4609x6142,Sterling,IL,2024-08-30
CUST_00043,Mark Gomez,mark.gomez@yahoo.com,(628)794-3279x007,Black Earth,WI,2023-11-12
CUST_00044,Angela Sparks,angela.sparks@outlook.com,(973)858-4183x28087,Davis Wharf,VA,2024-03-04
CUST_00045,Zachary Atkins,zachary.atkins@yahoo.com,452-240-3103x65333,Endeavor,WI,2023-11-29
CUST_00046,John Glenn,john.glenn@aol.com,893.313.5139x53165,Ardara,PA,2025-05-01
CUST_00047,Dale Vasquez,dale.vasquez@gmail.com,001-816-994-2028x493,Lakeland,GA,2024-07-05
CUST_00048,Gina Alexander,gina.alexander@yahoo.com,5633933615,Scottsbluff,NE,2025-11-07
CUST_00049,Michelle Chung,michelle.chung@outlook.com,337.492.7481x297,Pevely,MO,2026-07-07
CUST_00050,Robert Miller,robert.miller@aol.com,+1-857-501-9377x0717,West Mifflin,PA,2023-12-30
CUST_00051,Julie Johnson,julie.johnson@outlook.com,+1-996-356-7130x570,Fort Hill,PA,2025-01-30
CUST_00052,Beverly Rogers,beverly.rogers@hotmail.com,(704)776-0744,Harrisville,NY,2026-05-10
CUST_00053,Sonya Castillo,sonya.castillo@yahoo.com,+1-665-828-9636x4391,South Lake Tahoe,CA,2026-04-21
CUST_00054,Corey Carpenter,corey.carpenter@outlook.com,001-796-541-0754,Jacksonville,AL,2026-07-11
CUST_00055,Richard Johnson,richard.johnson@icloud.com,(974)692-8097,Smicksburg,PA,2023-12-14
CUST_00056,Christina Wilson,christina.wilson@gmail.com,433.705.5783x530,Carterville,IL,2025-12-05
CUST_00057,Dorothy Anderson,dorothy.anderson@hotmail.com,653.933.7214,Roaring Branch,PA,2024-08-24
CUST_00058,Kevin Flores,kevin.flores@hotmail.com,+1-591-270-4129x212,Wildomar,CA,2024-11-14
CUST_00059,Lisa Pennington,lisa.pennington@outlook.com,001-650-893-2572x4022,Olyphant,PA,2024-04-25
CUST_00060,Cassandra French,cassandra.french@icloud.com,500-506-1356,Waterbury,NE,2024-08-13
CUST_00061,Brian Humphrey,brian.humphrey@hotmail.com,001-541-256-8755x57277,Poplar Ridge,NY,2025-04-29
CUST_00062,Jennifer Montes,jennifer.montes@icloud.com,+1-219-506-4847x5891,Hialeah,FL,2025-02-08
CUST_00063,Joseph Gardner,joseph.gardner@gmail.com,(395)747-4273,Alvarado,TX,2026-06-19
CUST_00064,Shelly Thompson,shelly.thompson@gmail.com,+1-431-561-9654x05250,Iva,SC,2024-10-31
CUST_00065,Erik Russell,erik.russell@yahoo.com,+1-610-828-2790x692,Millport,NY,2025-12-05
CUST_00066,Tiffany Phelps,tiffany.phelps@aol.com,(378)649-7289x959,South Colby,WA,2026-06-27
CUST_00067,Bethany Giles,bethany.giles@outlook.com,357-411-2394,San Fernando,CA,2024-02-08
CUST_00068,Kevin Davis,kevin.davis@yahoo.com,(990)201-8811,Port Saint Lucie,FL,2026-01-31
CUST_00069,Rhonda Edwards,rhonda.edwards@outlook.com,001-845-545-0823x356,Fort Hunter,NY,2024-05-08
CUST_00070,Jorge Castro,jorge.castro@icloud.com,+1-731-762-7680,Morland,KS,2026-08-13
CUST_00071,Joshua White,joshua.white@outlook.com,(339)785-4498,Libuse,LA,2024-11-06
CUST_00072,Erin Garrison,erin.garrison@icloud.com,388.837.9409,Cottontown,TN,2024-12-14
CUST_00073,Bethany Lewis,bethany.lewis@icloud.com,587-232-7410,Wilton,MN,2024-08-22
CUST_00074,Lorraine Campbell,lorraine.campbell@hotmail.com,+1-993-238-0364x106,Westwego,LA,2024-07-30
CUST_00075,Kara Gonzalez,kara.gonzalez@yahoo.com,+1-784-976-9748,West Terre Haute,IN,2025-10-12
CUST_00076,Sarah Gibbs,sarah.gibbs@icloud.com,308.415.6974,Deer Creek,OK,2024-07-13
CUST_00077,Wayne Farmer,wayne.farmer@yahoo.com,687.260.8845,Glasston,ND,2025-05-28
CUST_00078,Jeanette Hamilton,jeanette.hamilton@yahoo.com,(368)365-7428,Halsey,OR,2024-11-29
CUST_00079,Timothy Mayo,timothy.mayo@outlook.com,739-707-3058,Inkster,ND,2024-02-19
CUST_00080,Sean Graves,sean.graves@yahoo.com,001-562-261-4634x5826,Detroit,MI,2023-10-14
CUST_00081,Rebecca Dixon,rebecca.dixon@outlook.com,992-884-8890x1901,Chicago,IL,2025-05-22
CUST_00082,Christopher Cummings,christopher.cummings@yahoo.com,(786)806-9183,Budd Lake,NJ,2024-01-04
CUST_00083,Alicia Chan,alicia.chan@yahoo.com,6429609262,Camden,NJ,2026-05-04
CUST_00084,Larry Richardson,larry.richardson@aol.com,(665)467-8748x7143,Lebo,KS,2026-04-28
CUST_00085,Daniel Abbott,daniel.abbott@hotmail.com,+1-857-322-9138,Jackson,TN,2024-06-28
CUST_00086,Michael Guzman,michael.guzman@gmail.com,+1-369-877-2701x153,Southfield,MI,2026-07-12
CUST_00087,Sandra Gray,sandra.gray@gmail.com,001-677-823-3342x12538,Thomaston,GA,2023-09-08
CUST_00088,Rhonda Ward,rhonda.ward@aol.com,421.300.9909x3301,Birmingham,AL,2025-08-10
CUST_00089,Elizabeth Rogers,elizabeth.rogers@aol.com,+1-587-384-4575x091,Sioux Rapids,IA,2025-12-27
CUST_00090,Crystal Miller,crystal.miller@hotmail.com,727.507.8574x0334,Webster,IA,2024-12-21
CUST_00091,Brian Oneal,brian.oneal@gmail.com,001-810-780-4427x42600,Sherman,TX,2024-12-24
CUST_00092,Kaitlyn Mason,kaitlyn.mason@yahoo.com,001-425-455-0483,Spring Park,MN,2023-12-06
CUST_00093,Mitchell Harper,mitchell.harper@outlook.com,748-587-8607x1517,Boston,MA,2026-01-09
CUST_00094,Jonathan Williams,jonathan.williams@icloud.com,(793)412-6814,Jasper,AL,2024-08-20
CUST_00095,Mary Norman,mary.norman@gmail.com,2265981866,Highland Lakes,NJ,2024-06-15
CUST_00096,Mathew Evans,mathew.evans@hotmail.com,001-504-826-2214x527,Little Hocking,OH,2024-12-11
CUST_00097,Lindsay Thompson,lindsay.thompson@gmail.com,+1-488-267-2944x844,Phoenix,AZ,2025-10-11
CUST_00098,Gabriel Vega,gabriel.vega@aol.com,(517)891-5951x512,Deweese,NE,2023-10-28
CUST_00099,Sarah Pineda,sarah.pineda@outlook.com,6495774932,Brewton,AL,2024-02-23
CUST_00100,Raymond Campbell,raymond.campbell@yahoo.com,896-926-1594,Lexington,SC,2025-06-08
CUST_00101,Paula Strickland,paula.strickland@hotmail.com,+1-241-396-6576x595,Austin,TX,2025-01-28
CUST_00102,Alexander Villarreal,alexander.villarreal@yahoo.com,001-272-416-9803x86886,Red House,VA,2024-03-01
CUST_00103,Richard Carson,richard.carson@yahoo.com,+1-235-898-3469x9214,Mounds,IL,2023-10-15
CUST_00104,Charles Martinez,charles.martinez@gmail.com,+1-270-239-6131x1977,Miami,FL,2024-12-08
CUST_00105,Krystal Lopez,krystal.lopez@gmail.com,(758)442-8433,Crab Orchard,TN,2024-06-23
CUST_00106,David Pierce,david.pierce@yahoo.com,558.911.0918,Richland,IN,2024-08-11
CUST_00107,Michelle Wood,michelle.wood@icloud.com,(769)595-4265x77745,Bessemer,AL,2025-12-08
CUST_00108,Anthony Barnett,anthony.barnett@outlook.com,878.754.0105,Fpo,AP,2025-05-27
CUST_00109,Savannah Woodward,savannah.woodward@gmail.com,402-525-7012x5126,Rives Junction,MI,2023-12-04
CUST_00110,Barbara Krueger,barbara.krueger@gmail.com,533.599.1544x20226,Farmington,MI,2024-08-19
CUST_00111,Nicholas Rocha,nicholas.rocha@aol.com,+1-923-751-4859,Yawkey,WV,2026-02-23
CUST_00112,Justin White,justin.white@hotmail.com,488.710.5951,Benkelman,NE,2025-07-17
CUST_00113,Tyler Jimenez,tyler.jimenez@icloud.com,(449)574-6514x36037,Anselmo,NE,2025-05-11
CUST_00114,Lisa Sloan,lisa.sloan@yahoo.com,+1-368-620-3320x1553,Bonner Springs,KS,2025-03-09
CUST_00115,Kristin Wong,kristin.wong@outlook.com,001-344-779-7504x774,Gormania,WV,2023-11-05
CUST_00116,Benjamin Palmer,benjamin.palmer@yahoo.com,(732)623-3054x43295,Omaha,NE,2024-12-06
CUST_00117,Charles Bell,charles.bell@yahoo.com,975-555-6525x86451,Haw River,NC,2025-05-20
CUST_00118,Madison Davis,madison.davis@yahoo.com,(673)241-4909,Williston,TN,2026-04-20
CUST_00119,Adrienne Marshall,adrienne.marshall@outlook.com,+1-607-425-0686x8810,Oak Harbor,WA,2025-09-21
CUST_00120,Stephanie Tanner,stephanie.tanner@aol.com,001-950-438-1074x002,Oakland,CA,2024-03-22
CUST_00121,Brianna Aguilar,brianna.aguilar@gmail.com,+1-625-430-4978x64841,Houston,TX,2024-10-26
CUST_00122,Thomas Gonzales,thomas.gonzales@icloud.com,001-686-757-7927,Rochester,NY,2024-03-23
CUST_00123,Kevin Jones,kevin.jones@yahoo.com,821-571-4291x5596,Washington,DC,2024-08-01
CUST_00124,Mike Stevens,mike.stevens@icloud.com,574-928-2050x8163,Stockton Springs,ME,2025-12-14
CUST_00125,Colleen Lee,colleen.lee@hotmail.com,948-452-2184x024,Rainbow City,AL,2025-12-25
CUST_00126,Eric Cooley,eric.cooley@icloud.com,+1-434-374-4454x946,Peabody,KS,2023-09-02
CUST_00127,Rebecca Carr,rebecca.carr@yahoo.com,(793)455-3388x2200,Los Angeles,CA,2025-10-24
CUST_00128,Cody Brooks,cody.brooks@outlook.com,+1-939-913-8193x9150,Fort Worth,TX,2025-02-09
CUST_00129,Heather Bradford,heather.bradford@icloud.com,756-663-7384x822,Independence,OR,2024-04-26
CUST_00130,Heather Johnson,heather.johnson@icloud.com,(231)395-0475x4646,Shiro,TX,2025-06-16
CUST_00131,Miranda Scott,miranda.scott@outlook.com,327-963-4091x63065,Shrub Oak,NY,2024-11-16
CUST_00132,Jennifer Navarro,jennifer.navarro@yahoo.com,+1-292-963-0861x9708,Spencer,ID,2024-12-02
CUST_00133,Anthony Frazier,anthony.frazier@hotmail.com,248-527-2154x723,Colony,OK,2026-08-20
CUST_00134,Caleb Estrada,caleb.estrada@yahoo.com,+1-342-446-1785x804,Colmesneil,TX,2025-11-23
CUST_00135,Rachel Leonard,rachel.leonard@aol.com,(451)347-5227x67115,Penns Creek,PA,2025-10-30
CUST_00136,Eugene Young,eugene.young@hotmail.com,001-208-553-5302x916,Bimble,KY,2025-04-18
CUST_00137,Sandra Contreras,sandra.contreras@gmail.com,(663)502-4852x331,Perth Amboy,NJ,2025-03-02
CUST_00138,Manuel Johnston,manuel.johnston@gmail.com,(614)618-9713,Buffalo,SC,2024-09-13
CUST_00139,Anthony Gibbs,anthony.gibbs@gmail.com,+1-758-838-2704x65238,Portland,OR,2024-12-15
CUST_00140,Sally Chen,sally.chen@aol.com,822.604.4815x82615,Pittsburgh,PA,2026-03-19
CUST_00141,Spencer Miller,spencer.miller@yahoo.com,001-700-235-8383x9114,Potosi,WI,2026-02-19
CUST_00142,Todd Berg,todd.berg@aol.com,398.695.6312x09078,Millville,NJ,2024-11-05
CUST_00143,Catherine Murphy,catherine.murphy@aol.com,(719)587-7814x0948,Phoenix,AZ,2025-07-06
CUST_00144,Kimberly Allen,kimberly.allen@outlook.com,001-261-887-1488x3458,Mascotte,FL,2025-02-09
CUST_00145,Michael Oneill,michael.oneill@icloud.com,+1-697-615-9455,Buffalo,NY,2025-06-27
CUST_00146,Thomas Ewing,thomas.ewing@yahoo.com,887-408-7810x81411,West Alexandria,OH,2024-12-07
CUST_00147,Trevor Sheppard,trevor.sheppard@gmail.com,(852)951-4180,Mayesville,SC,2024-06-24
CUST_00148,Ethan Smith,ethan.smith@aol.com,001-638-231-8154x60610,Fpo,AE,2026-03-20
CUST_00149,Bruce Bender,bruce.bender@icloud.com,651-719-1232x173,San Luis Obispo,CA,2026-08-23
CUST_00150,Wesley Banks,wesley.banks@aol.com,513-752-5554x83106,Salt Lake City,UT,2025-04-21
CUST_00151,Steven Barton,steven.barton@yahoo.com,702-556-9281x47838,Sedgwick,CO,2025-04-02
CUST_00152,Derrick Figueroa,derrick.figueroa@aol.com,+1-224-477-6719x28178,Austin,TX,2025-07-06
CUST_00153,David Stewart,david.stewart@gmail.com,+1-257-307-7065x2303,Greeneville,TN,2024-05-03
CUST_00154,Tyler Brown,tyler.brown@hotmail.com,001-594-883-8082x9236,Iron City,GA,2025-01-22
CUST_00155,Jasmine Wheeler,jasmine.wheeler@gmail.com,597.242.8072x0240,Roberts,WI,2025-03-09
CUST_00156,Tina Moore,tina.moore@gmail.com,+1-721-877-1824x622,Worcester,MA,2024-08-27
CUST_00157,Jacob Atkinson,jacob.atkinson@icloud.com,001-435-913-8685x5246,Cincinnati,OH,2026-06-20
CUST_00158,Sue Fletcher,sue.fletcher@gmail.com,960-989-3307x2138,Peel,AR,2025-06-19
CUST_00159,Tommy Hardy,tommy.hardy@icloud.com,624-967-5589x209,Easton,PA,2025-05-06
CUST_00160,Gloria Tate,gloria.tate@aol.com,400-749-8387,San Diego,CA,2024-01-08
CUST_00161,Cesar Williams,cesar.williams@outlook.com,928-699-5897x3963,Little Rock,IA,2025-04-06
CUST_00162,Matthew Bennett,matthew.bennett@gmail.com,209-611-8559x3829,Bellmore,NY,2026-06-19
CUST_00163,Marie Moreno,marie.moreno@yahoo.com,(779)577-0123x74772,Covington,PA,2025-03-26
CUST_00164,Melissa Liu,melissa.liu@aol.com,+1-588-439-5103x0891,Norfolk,VA,2025-10-08
CUST_00165,Gregory Hayes,gregory.hayes@aol.com,+1-497-424-0028,Saint Joseph,MO,2025-01-22
CUST_00166,Desiree Riddle,desiree.riddle@yahoo.com,+1-601-464-9321x890,Wyaconda,MO,2026-01-24
CUST_00167,Benjamin Wilson,benjamin.wilson@icloud.com,933-878-2127,Bend,TX,2025-04-27
CUST_00168,Christopher Williams,christopher.williams@yahoo.com,696.995.9761,West Richland,WA,2024-01-06
CUST_00169,Anthony Knox,anthony.knox@icloud.com,+1-589-207-0228x263,Bomoseen,VT,2026-03-24
CUST_00170,Nancy Mercado,nancy.mercado@gmail.com,(979)480-5664x149,Stillwater,OK,2024-09-22
CUST_00171,Nicole Nelson,nicole.nelson@yahoo.com,635.983.5645x489,Grand Rapids,MI,2025-01-06
CUST_00172,Charles Williams,charles.williams@gmail.com,+1-344-930-0020x683,Jennings,LA,2025-09-07
CUST_00173,Alejandra Williams,alejandra.williams@icloud.com,001-924-663-8384x419,Troy,NH,2024-01-05
CUST_00174,Wayne Martin,wayne.martin@outlook.com,(819)214-3808,Midkiff,TX,2024-11-19
CUST_00175,Kayla Johnson,kayla.johnson@yahoo.com,250.576.9307,Charleston,IL,2026-05-17
CUST_00176,Matthew Webb,matthew.webb@icloud.com,(818)235-0818x0481,Hollandale,WI,2024-09-28
CUST_00177,David Mack,david.mack@yahoo.com,+1-222-454-0182,Randolph,MN,2026-07-11
CUST_00178,Victoria Nelson,victoria.nelson@aol.com,001-619-316-7222x4906,Rowland,PA,2024-06-09
CUST_00179,Renee Rogers,renee.rogers@gmail.com,260.722.8428x07767,Westport,WA,2024-07-06
CUST_00180,Beverly Walker,beverly.walker@icloud.com,601-826-4875x136,Wayne City,IL,2026-01-02
CUST_00181,Curtis Patel,curtis.patel@outlook.com,+1-952-837-6981,Berkeley,CA,2024-08-13
CUST_00182,Joyce Gonzales,joyce.gonzales@hotmail.com,+1-272-442-2771x92792,Willmar,MN,2024-03-25
CUST_00183,Christina Walker,christina.walker@icloud.com,(414)760-9258,Butler,PA,2025-05-21
CUST_00184,Tyler Escobar,tyler.escobar@outlook.com,998.887.6098x9323,Bloomfield Hills,MI,2024-05-05
CUST_00185,Angela Hall,angela.hall@gmail.com,001-235-418-5561x19651,Eagle,NE,2024-12-28
CUST_00186,Austin Wright,austin.wright@gmail.com,786.744.1887x13021,Clearfield,UT,2025-06-17
CUST_00187,Alicia Myers,alicia.myers@outlook.com,001-740-257-4618,Whitmer,WV,2024-01-07
CUST_00188,Bryan Lamb,bryan.lamb@yahoo.com,001-438-283-0723x0340,Eden,UT,2024-08-13
CUST_00189,Jason Wilson,jason.wilson@icloud.com,5769576516,Louisville,KY,2025-04-14
CUST_00190,James Nelson,james.nelson@hotmail.com,(472)550-3271x900,Dayton,ID,2025-01-01
CUST_00191,John Knight,john.knight@yahoo.com,(799)355-4693,Palestine,IL,2025-12-17
CUST_00192,Kevin Wilson,kevin.wilson@hotmail.com,001-603-216-0460x508,Stillwater,NY,2025-09-15
CUST_00193,Sandra Alvarado,sandra.alvarado@hotmail.com,295-477-2021x917,Van Wyck,SC,2024-10-30
CUST_00194,Michael Barrett,michael.barrett@outlook.com,7486823203,Palmdale,CA,2024-10-11
CUST_00195,Heather Smith,heather.smith@gmail.com,431.300.6233,Fryburg,PA,2026-01-23
CUST_00196,Connie Cooper,connie.cooper@yahoo.com,001-745-654-9660,Likely,CA,2025-05-03
CUST_00197,Louis Padilla,louis.padilla@aol.com,539-682-3718x145,Fonda,IA,2024-02-29
CUST_00198,Mark Newton,mark.newton@hotmail.com,880-780-3333,Timnath,CO,2024-05-09
CUST_00199,Maurice Jackson,maurice.jackson@yahoo.com,713.795.7223x5385,Beedeville,AR,2024-12-12
CUST_00200,Jeffrey Park,jeffrey.park@yahoo.com,+1-702-245-8376x563,Cartersville,GA,2026-04-19
CUST_00201,Justin Molina,justin.molina@gmail.com,248-491-2731x820,Oxnard,CA,2024-02-17
CUST_00202,Aaron Carroll,aaron.carroll@outlook.com,941-897-1241,Haleiwa,HI,2023-12-27
CUST_00203,Christina Armstrong,christina.armstrong@icloud.com,703.507.8402,Westminster,MD,2024-02-06
CUST_00204,Jerry Diaz,jerry.diaz@outlook.com,874-702-8470,Pasadena,TX,2023-11-19
CUST_00205,Kimberly Mcdaniel,kimberly.mcdaniel@icloud.com,(404)794-8454x087,Bark River,MI,2026-07-29
CUST_00206,Gregory Cross,gregory.cross@aol.com,(364)342-7010,Millerton,IA,2025-07-30
CUST_00207,Scott Wheeler,scott.wheeler@yahoo.com,551-916-0530,Chicago,IL,2025-08-22
CUST_00208,Sherry Green,sherry.green@icloud.com,(462)401-0376x138,Philadelphia,PA,2024-05-03
CUST_00209,William Sawyer,william.sawyer@hotmail.com,284.996.5809x439,Floral Park,NY,2025-11-08
CUST_00210,Zachary Gentry,zachary.gentry@aol.com,001-557-295-8211,Hayes Center,NE,2026-03-08
CUST_00211,Nicole Phillips,nicole.phillips@aol.com,832.433.9881x30170,Westminster,VT,2026-04-06
CUST_00212,Logan Lawrence,logan.lawrence@hotmail.com,+1-862-387-7037,Oneida,TN,2023-12-07
CUST_00213,Michael Moran,michael.moran@icloud.com,793.911.1785x7776,San Bernardino,CA,2026-07-10
CUST_00214,Joshua Miller,joshua.miller@outlook.com,+1-251-497-8971,Tyler,AL,2024-12-12
CUST_00215,Katherine Gregory,katherine.gregory@icloud.com,7778526908,Jacksonville,FL,2025-06-05
CUST_00216,Jason Woodard,jason.woodard@yahoo.com,365-805-3574,Rhodelia,KY,2025-01-04
CUST_00217,Robert Booker,robert.booker@icloud.com,2699719608,Saint Meinrad,IN,2023-11-12
CUST_00218,Lindsey Thompson,lindsey.thompson@icloud.com,682-654-0648x34461,Whitesburg,TN,2024-09-03
CUST_00219,Jonathan Gibson,jonathan.gibson@icloud.com,510.900.2378x128,Great Bend,KS,2024-01-24
CUST_00220,Dwayne Sanchez,dwayne.sanchez@aol.com,+1-556-241-6674x923,Niagara Falls,NY,2026-07-23
CUST_00221,Robert Russell,robert.russell@aol.com,(286)429-8533x683,Novato,CA,2026-02-24
CUST_00222,Anne Rogers,anne.rogers@gmail.com,(292)243-9198x579,Huntland,TN,2025-03-29
CUST_00223,Kenneth Atkinson,kenneth.atkinson@yahoo.com,001-746-885-3565x235,Windsor Mill,MD,2024-05-07
CUST_00224,Sydney Miles,sydney.miles@icloud.com,001-592-846-4212,Donaldsonville,LA,2026-05-21
CUST_00225,Tiffany Garcia,tiffany.garcia@aol.com,+1-741-551-7083x5648,Acton,MA,2026-01-06
CUST_00226,Albert Smith,albert.smith@yahoo.com,9587271734,Galena,IL,2024-10-03
CUST_00227,Chase Jones,chase.jones@aol.com,291.617.4504x662,Groveland,CA,2025-04-26
CUST_00228,Debra Williamson,debra.williamson@icloud.com,3053679302,Valdosta,GA,2025-04-23
CUST_00229,Kayla Mccarty,kayla.mccarty@aol.com,001-397-813-4699x25259,Salt Lake City,UT,2025-12-20
CUST_00230,Deanna Rios,deanna.rios@gmail.com,+1-573-521-9599x15004,Lemoyne,OH,2025-07-05
CUST_00231,Kara Warren,kara.warren@hotmail.com,951.896.2310,Currie,MN,2025-01-13
CUST_00232,David Santana,david.santana@outlook.com,845.742.3843,Tucson,AZ,2025-11-19
CUST_00233,Samantha Hendricks,samantha.hendricks@icloud.com,994.670.1044,Morganville,NJ,2025-12-09
CUST_00234,Emily Rivera,emily.rivera@yahoo.com,001-950-991-9435,Scobey,MT,2026-03-04
CUST_00235,Alexandria Miller,alexandria.miller@aol.com,658-319-2963,Holly Bluff,MS,2026-04-19
CUST_00236,Alexander Hanna,alexander.hanna@yahoo.com,(475)683-2091x3609,Waukena,CA,2025-10-11
CUST_00237,Jeremy Brown,jeremy.brown@aol.com,727.404.4324x5048,North Metro,GA,2026-01-20
CUST_00238,Fernando Cox,fernando.cox@gmail.com,(463)916-2005x533,Hulett,WY,2024-08-26
CUST_00239,Jonathan Howell,jonathan.howell@gmail.com,2809898519,Great Barrington,MA,2026-02-10
CUST_00240,Travis Hampton,travis.hampton@gmail.com,569.742.9013x1115,Crompond,NY,2026-01-31
CUST_00241,Randy Sanchez,randy.sanchez@hotmail.com,+1-432-383-7400x4375,Wadley,GA,2025-03-04
CUST_00242,Justin Morgan,justin.morgan@aol.com,(266)523-3171x76188,Union,NH,2025-05-20
CUST_00243,Edward Hart,edward.hart@outlook.com,529.321.0641,Hemingford,NE,2023-12-16
CUST_00244,Rachel Jefferson,rachel.jefferson@yahoo.com,+1-853-295-9355x772,Falls City,TX,2025-07-11
CUST_00245,Morgan Jones,morgan.jones@outlook.com,2673358210,Fpo,AP,2025-09-10
CUST_00246,Mark Melendez,mark.melendez@aol.com,001-908-656-4506x71465,Midland,VA,2024-09-28
CUST_00247,Allen Santos,allen.santos@outlook.com,293.749.0315,Leetonia,OH,2024-08-19
CUST_00248,Jeff Roberts,jeff.roberts@hotmail.com,001-968-208-0175x459,Pearl City,IL,2025-08-17
CUST_00249,Jerry Weaver,jerry.weaver@aol.com,570-200-8585,Sumner,WA,2025-05-03
CUST_00250,Tammy Wallace,tammy.wallace@gmail.com,3615611179,Buckeye Lake,OH,2026-08-23
CUST_00251,Jennifer Moore,jennifer.moore@icloud.com,001-765-965-7340,Stuttgart,AR,2026-02-04
CUST_00252,Michael Scott,michael.scott@outlook.com,(807)996-5275x88207,Vancouver,WA,2026-02-07
CUST_00253,David Hutchinson,david.hutchinson@icloud.com,+1-568-274-0864x6123,Austin,TX,2024-09-17
CUST_00254,Kathy Thomas,kathy.thomas@gmail.com,608.857.8205x434,Pierpont,OH,2026-02-02
CUST_00255,Katherine Bishop,katherine.bishop@hotmail.com,(638)446-1896,Haysi,VA,2025-12-26
CUST_00256,Dawn Herrera,dawn.herrera@gmail.com,233-819-5275x936,Staten Island,NY,2023-11-18
CUST_00257,Heather Salazar,heather.salazar@outlook.com,+1-697-646-1554x0667,Minneapolis,MN,2026-07-03
CUST_00258,Jonathan Jones,jonathan.jones@icloud.com,290-837-4730x7736,Simi Valley,CA,2023-11-04
CUST_00259,Misty Bender,misty.bender@hotmail.com,+1-438-585-4799x745,Denver,CO,2024-08-30
CUST_00260,James Jordan,james.jordan@gmail.com,(762)842-6183x54595,Inkom,ID,2026-08-14
CUST_00261,Charlotte Weaver,charlotte.weaver@yahoo.com,361-316-6187x217,New Vernon,NJ,2026-03-29
CUST_00262,Tony Patterson,tony.patterson@aol.com,758.201.5360x07257,Kattskill Bay,NY,2024-07-20
CUST_00263,Jennifer Castillo,jennifer.castillo@yahoo.com,589.862.3762x610,North Port,FL,2023-10-23
CUST_00264,Dylan Waters,dylan.waters@yahoo.com,(773)496-2368x81703,Winston Salem,NC,2024-09-27
CUST_00265,Mary Wang,mary.wang@yahoo.com,962-400-1988x14884,Madrid,NE,2025-10-15
CUST_00266,Michael Fowler,michael.fowler@aol.com,001-352-439-5765,Hamilton,OH,2025-12-27
CUST_00267,Jennifer Wright,jennifer.wright@outlook.com,(925)408-3759,Cottonwood Falls,KS,2026-05-12
CUST_00268,Morgan Cooper,morgan.cooper@gmail.com,919-676-9440x574,Stewart,OH,2024-03-02
CUST_00269,Christina Robles,christina.robles@icloud.com,698-216-1080x50162,Chantilly,VA,2024-01-21
CUST_00270,Stanley Jenkins,stanley.jenkins@gmail.com,384.924.5351x55534,Burbank,CA,2026-07-31
CUST_00271,Jimmy Gonzalez,jimmy.gonzalez@aol.com,816.335.0628,Butte,MT,2025-12-26
CUST_00272,Karina Terry,karina.terry@gmail.com,001-867-689-2371x80028,Gibbstown,NJ,2024-10-10
CUST_00273,Albert Walker,albert.walker@hotmail.com,948.773.4732x5257,Marshall,WA,2025-09-15
CUST_00274,Brenda Wright,brenda.wright@hotmail.com,(441)417-8649,Atlanta,GA,2024-11-03
CUST_00275,Kristen Walker,kristen.walker@outlook.com,248.449.0885,Birmingham,AL,2024-04-17
CUST_00276,Randy Hill,randy.hill@icloud.com,(227)755-1535x2997,Greenville,TX,2026-03-21
CUST_00277,Peggy Parker,peggy.parker@outlook.com,328-620-4192x15742,Stockport,IA,2023-09-05
CUST_00278,Sara Pollard,sara.pollard@aol.com,(982)225-5301,Gruetli Laager,TN,2024-04-12
CUST_00279,Jonathan Odom,jonathan.odom@gmail.com,+1-395-506-2379,Beaver,AR,2024-10-16
CUST_00280,Michele Brown,michele.brown@icloud.com,001-743-933-7866x18130,Mexico,PA,2025-06-23
CUST_00281,Christopher Fletcher,christopher.fletcher@outlook.com,001-390-241-0027,Mount Holly Springs,PA,2024-12-22
CUST_00282,Thomas Brown,thomas.brown@aol.com,001-490-521-8853x32367,Stone Mountain,GA,2024-10-12
CUST_00283,William Doyle,william.doyle@icloud.com,+1-448-466-1567x747,Bloomington,IL,2025-08-10
CUST_00284,Alice Fletcher,alice.fletcher@outlook.com,989-871-2858,Locustville,VA,2023-12-01
CUST_00285,Edward Faulkner,edward.faulkner@hotmail.com,+1-501-731-5942x4080,East Mc Keesport,PA,2024-01-11
CUST_00286,Holly Rush,holly.rush@yahoo.com,602.946.1270x0260,New Bloomfield,PA,2025-03-20
CUST_00287,Kimberly Hoover,kimberly.hoover@gmail.com,796-402-6126x0235,San Diego,CA,2026-04-02
CUST_00288,Elizabeth Hood,elizabeth.hood@gmail.com,6318474939,Tulsa,OK,2025-10-01
CUST_00289,Frank Hartman,frank.hartman@yahoo.com,757.515.1347x58896,Suquamish,WA,2025-05-16
CUST_00290,Maurice Anderson,maurice.anderson@aol.com,001-599-736-9769x194,Conyers,GA,2024-08-24
CUST_00291,Steven Rhodes,steven.rhodes@aol.com,+1-975-597-5587x02536,Maxeys,GA,2024-07-07
CUST_00292,Matthew Ross,matthew.ross@gmail.com,8505425003,Burleson,TX,2024-08-30
CUST_00293,John Johnson,john.johnson@icloud.com,(240)613-3283x483,Jamestown,NY,2024-11-15
CUST_00294,Amanda Hicks,amanda.hicks@hotmail.com,4506954543,Rockville,MD,2024-06-10
CUST_00295,Daniel Arnold,daniel.arnold@hotmail.com,(449)748-2149x42746,Pennington Gap,VA,2024-08-27
CUST_00296,Judy Allen,judy.allen@aol.com,(382)972-2248x720,Belle Haven,VA,2023-09-30
CUST_00297,Austin Martinez,austin.martinez@icloud.com,657-325-2740x79627,Apo,AE,2024-05-15
CUST_00298,Margaret Brewer,margaret.brewer@hotmail.com,235.750.0965x999,Parshall,ND,2026-03-31
CUST_00299,Steven Lewis,steven.lewis@outlook.com,472-684-6212,Buena Vista,CO,2024-01-09
CUST_00300,Jeanne Klein,jeanne.klein@outlook.com,245.869.0339,Miami Beach,FL,2024-06-30
CUST_00301,Robert Haney,robert.haney@outlook.com,290.822.0868x8534,Live Oak,CA,2025-03-12
CUST_00302,Michael Terry,michael.terry@yahoo.com,+1-233-483-1251x434,Verona,VA,2024-09-14
CUST_00303,Tyler Roth,tyler.roth@aol.com,(624)914-6129,White Plains,GA,2024-07-18
CUST_00304,Caleb Hall,caleb.hall@gmail.com,+1-566-696-3989x141,Washington,DC,2026-07-17
CUST_00305,Lauren Mcpherson,lauren.mcpherson@hotmail.com,+1-650-202-6533x090,Pall Mall,TN,2024-06-26
CUST_00306,Bradley Stephens,bradley.stephens@aol.com,(532)639-3631,Cary,NC,2026-05-28
CUST_00307,Monica Rivera,monica.rivera@gmail.com,(227)321-8368,Basehor,KS,2024-11-30
CUST_00308,Blake Cook,blake.cook@aol.com,001-376-428-3935x499,Carlton,PA,2025-05-20
CUST_00309,Christopher Alvarez,christopher.alvarez@aol.com,001-526-727-6990,Concan,TX,2026-08-26
CUST_00310,Rachael Porter,rachael.porter@aol.com,(745)375-3376,Smithfield,OH,2026-08-12
CUST_00311,John Medina,john.medina@gmail.com,001-492-822-7568x25230,Waverly,MO,2024-08-09
CUST_00312,Russell Johnson,russell.johnson@gmail.com,914.347.4252x65093,New Berlin,IL,2025-11-13
CUST_00313,Kristin Johnson,kristin.johnson@outlook.com,001-606-355-7753x51902,Laclede,ID,2025-11-07
CUST_00314,Evan Bishop,evan.bishop@gmail.com,974.885.8950x48360,Lawrence,NY,2024-03-22
CUST_00315,Kenneth Payne,kenneth.payne@gmail.com,(831)446-3197x852,Revere,MN,2023-10-17
CUST_00316,Jasmine Bennett,jasmine.bennett@yahoo.com,467-744-6293,Dayton,TN,2024-12-20
CUST_00317,Jim Barron,jim.barron@hotmail.com,454.848.3018x93666,Clay,NY,2025-03-24
CUST_00318,Mia Mclaughlin,mia.mclaughlin@gmail.com,8466652023,Averill,VT,2024-04-27
CUST_00319,Mark Rogers,mark.rogers@hotmail.com,001-532-664-6677,Bulan,KY,2024-02-18
CUST_00320,James Brown,james.brown@outlook.com,(423)795-9415,Elk City,ID,2025-07-11
CUST_00321,Tyler Holmes,tyler.holmes@icloud.com,001-450-784-9864x3329,Dallas,TX,2024-09-04
CUST_00322,Ruben Potts,ruben.potts@gmail.com,265-596-6673,Apo,AE,2024-01-20
CUST_00323,James Harrison,james.harrison@aol.com,(623)320-0787,Pasadena,CA,2026-02-21
CUST_00324,Rebecca Schultz,rebecca.schultz@yahoo.com,368-990-5032,Washington,DC,2023-09-09
CUST_00325,Aaron Kelly,aaron.kelly@yahoo.com,+1-815-682-0174x320,Atlanta,GA,2023-12-07
CUST_00326,Tonya Potter,tonya.potter@icloud.com,+1-649-689-5214,Cordova,SC,2025-08-22
CUST_00327,Rachel King,rachel.king@hotmail.com,612.929.8210x9534,Springfield,OR,2024-05-24
CUST_00328,Lisa Fletcher,lisa.fletcher@icloud.com,(909)660-3077,Trapper Creek,AK,2025-03-24
CUST_00329,Roy Fisher,roy.fisher@aol.com,228-773-0128x77692,Crowley,TX,2025-12-22
CUST_00330,Krystal Davis,krystal.davis@aol.com,772-753-8213,Hines,OR,2026-05-03
CUST_00331,Austin Hill,austin.hill@icloud.com,983-941-2841x1277,Andover,MA,2026-02-11
CUST_00332,David Singh,david.singh@hotmail.com,(324)259-5881,Coal Run,OH,2024-10-16
CUST_00333,Kelly Cochran,kelly.cochran@yahoo.com,945.818.5262x24451,Homer,IN,2026-03-31
CUST_00334,Douglas Wood,douglas.wood@outlook.com,+1-447-220-6229x56992,Ruidoso,NM,2026-06-04
CUST_00335,Joann Martin,joann.martin@gmail.com,(366)779-2473x21776,Central City,NE,2023-09-05
CUST_00336,Toni Rivas,toni.rivas@outlook.com,408.864.0184x99811,Jefferson,ME,2024-08-01
CUST_00337,Kenneth Paul,kenneth.paul@outlook.com,463-258-7150x586,Simms,TX,2025-06-01
CUST_00338,Matthew Sanchez,matthew.sanchez@aol.com,710.831.5876,North Hollywood,CA,2024-12-30
CUST_00339,Henry Castaneda,henry.castaneda@outlook.com,(857)309-5630x95960,Montgomery,AL,2025-01-22
CUST_00340,Robert Townsend,robert.townsend@gmail.com,611.367.7017,Edcouch,TX,2026-05-19
CUST_00341,Laurie Simon,laurie.simon@outlook.com,542-316-2409x485,Saint Ignatius,MT,2025-10-14
CUST_00342,Regina Chaney,regina.chaney@hotmail.com,573.326.5095x7279,Elma,NY,2024-09-17
CUST_00343,Brett Owens,brett.owens@icloud.com,428-814-8387,Cadiz,KY,2024-11-04
CUST_00344,David Adams,david.adams@gmail.com,469-576-4329,Green Pond,AL,2025-06-17
CUST_00345,Jason Lewis,jason.lewis@hotmail.com,001-415-909-9643x460,Riverdale,NE,2025-09-01
CUST_00346,Emily Collins,emily.collins@hotmail.com,001-534-637-7376,Jeffersonville,GA,2026-03-08
CUST_00347,Amy Austin,amy.austin@gmail.com,(727)441-3586x591,Tewksbury,MA,2024-01-07
CUST_00348,Richard Smith,richard.smith@outlook.com,001-892-916-4595x167,Aynor,SC,2024-01-16
CUST_00349,Tiffany Nguyen,tiffany.nguyen@aol.com,(295)527-5716x6779,Henderson,NV,2023-11-20
CUST_00350,Melissa Kelley,melissa.kelley@aol.com,553-298-6676x70836,Monterey,CA,2024-02-15
CUST_00351,Becky Smith,becky.smith@icloud.com,755.885.8578x751,Salem,WI,2023-11-19
CUST_00352,Sara Allen,sara.allen@aol.com,+1-448-248-5776x4527,Alum Bank,PA,2025-03-22
CUST_00353,Kevin Mccullough,kevin.mccullough@aol.com,570.532.8685x025,Grand Rapids,MI,2024-10-21
CUST_00354,Tammie Young,tammie.young@gmail.com,+1-265-740-1740,Milwaukee,WI,2025-07-25
CUST_00355,Gregory Owens,gregory.owens@gmail.com,(851)909-3043,La Harpe,KS,2026-06-14
CUST_00356,Emily Mcdowell,emily.mcdowell@gmail.com,001-926-358-0519x42718,Wiley Ford,WV,2023-09-20
CUST_00357,James Lee,james.lee@hotmail.com,(369)563-8533x8674,Carmel,CA,2025-02-24
CUST_00358,Ryan Shaffer,ryan.shaffer@outlook.com,675.408.2658x061,Yakima,WA,2024-02-05
CUST_00359,Jesse Hernandez,jesse.hernandez@outlook.com,+1-919-532-2351x0958,Byron Center,MI,2024-08-08
CUST_00360,Chelsea Brown,chelsea.brown@yahoo.com,001-579-942-1905,Quaker City,OH,2024-05-12
CUST_00361,Emily Salinas,emily.salinas@hotmail.com,(519)529-3001x75847,Racine,WV,2025-06-28
CUST_00362,Jose Estrada,jose.estrada@hotmail.com,422.955.3954,Fort Blackmore,VA,2026-02-24
CUST_00363,Regina Smith,regina.smith@hotmail.com,675.243.4694x1979,Rhodes,MI,2025-06-14
CUST_00364,Bethany Grant,bethany.grant@hotmail.com,(289)304-1785x590,Monrovia,CA,2023-12-04
CUST_00365,Matthew Tucker,matthew.tucker@gmail.com,001-206-432-7748x1439,Mount Sinai,NY,2025-01-15
CUST_00366,Christopher Morgan,christopher.morgan@icloud.com,5282892989,Chewsville,MD,2023-10-25
CUST_00367,Danielle Osborn,danielle.osborn@icloud.com,573-930-7954,Oceanside,CA,2026-07-13
CUST_00368,Dale Hughes,dale.hughes@yahoo.com,+1-586-962-8879x98276,Ira,TX,2025-09-10
CUST_00369,Amber Walker,amber.walker@gmail.com,+1-887-859-0818x311,New Waverly,IN,2026-03-24
CUST_00370,Michael Moore,michael.moore@outlook.com,668-446-8496x591,Santa Barbara,CA,2024-12-09
CUST_00371,David Dickson,david.dickson@hotmail.com,(680)743-0597,Hendley,NE,2024-01-16
CUST_00372,Kelly Chaney,kelly.chaney@icloud.com,661.215.9714x5734,Redmond,WA,2024-02-10
CUST_00373,Vickie Sloan,vickie.sloan@hotmail.com,560.722.3415x8923,Pineville,PA,2023-10-19
CUST_00374,Philip Alvarez,philip.alvarez@icloud.com,760-982-0318x04539,Harpers Ferry,IA,2024-07-19
CUST_00375,Dennis Watkins,dennis.watkins@outlook.com,272-228-4709x281,Livermore,ME,2024-04-14
CUST_00376,Michael Mcintosh,michael.mcintosh@hotmail.com,(963)453-5366x8719,Atkins,AR,2026-06-17
CUST_00377,Daisy Thompson,daisy.thompson@icloud.com,233-302-2269x45534,New Castle,PA,2024-06-03
CUST_00378,Raymond Hall,raymond.hall@aol.com,001-603-845-1043x83761,Los Angeles,CA,2023-11-26
CUST_00379,Brandon Butler,brandon.butler@icloud.com,(881)982-4321x49047,San Diego,CA,2025-09-17
CUST_00380,Dennis Webb,dennis.webb@outlook.com,504.682.8607x155,Babson Park,FL,2024-06-23
CUST_00381,Erin Contreras,erin.contreras@yahoo.com,+1-475-207-8763,Philadelphia,PA,2025-12-09
CUST_00382,Juan Thomas,juan.thomas@yahoo.com,4377729418,Macomb,MO,2024-09-29
CUST_00383,Nicole Hernandez,nicole.hernandez@icloud.com,001-501-985-5652x484,Duarte,CA,2023-12-19
CUST_00384,Jamie Shaw,jamie.shaw@icloud.com,389-838-0281x184,Fairfield,IA,2024-02-18
CUST_00385,Trevor Newton,trevor.newton@yahoo.com,+1-431-485-4345x1492,Balaton,MN,2023-10-30
CUST_00386,John Robertson,john.robertson@gmail.com,(556)380-5838,Sycamore,PA,2024-11-24
CUST_00387,Kendra Cruz,kendra.cruz@gmail.com,289-250-7667,Edison,NJ,2025-04-30
CUST_00388,Adam Hunt,adam.hunt@yahoo.com,(714)759-0433x64890,Eastport,ID,2023-10-04
CUST_00389,Sarah Wilson,sarah.wilson@hotmail.com,271.782.7280x3864,Clio,SC,2024-01-15
CUST_00390,Michael Jenkins,michael.jenkins@aol.com,419.418.8287x8083,Vernon,MI,2025-01-26
CUST_00391,Brian Graham,brian.graham@hotmail.com,699.843.7987x0575,Albuquerque,NM,2023-10-15
CUST_00392,Michelle Garrison,michelle.garrison@hotmail.com,787-593-1535x863,Summerfield,OH,2024-01-19
CUST_00393,Dakota Fry,dakota.fry@outlook.com,582-870-9944x72774,Las Cruces,NM,2025-03-20
CUST_00394,Drew Fields,drew.fields@gmail.com,8149283433,Pleasanton,TX,2026-08-03
CUST_00395,Lynn Anderson,lynn.anderson@aol.com,+1-837-564-1299x586,Augusta,AR,2025-09-20
CUST_00396,Ryan Green,ryan.green@icloud.com,+1-901-410-4255x1963,Fort Cobb,OK,2024-04-10
CUST_00397,Deanna Bailey,deanna.bailey@aol.com,402-734-7210,Tishomingo,MS,2023-11-16
CUST_00398,Kirsten Moore,kirsten.moore@yahoo.com,001-506-962-1937x3502,Summitville,IN,2024-12-03
CUST_00399,Yvonne Steele,yvonne.steele@hotmail.com,922.608.6039,Flandreau,SD,2025-05-05
CUST_00400,Michael Palmer,michael.palmer@gmail.com,+1-350-848-1029,Spokane,WA,2024-01-21
CUST_00401,David Jarvis,david.jarvis@aol.com,566-669-5194x725,Malvern,AR,2025-08-24
CUST_00402,Andrew Lane,andrew.lane@outlook.com,353-798-6018x47740,Vienna,SD,2025-06-15
CUST_00403,Ashley Moore,ashley.moore@aol.com,+1-826-901-9563,Ogilvie,MN,2025-04-18
CUST_00404,Mariah Rodriguez,mariah.rodriguez@icloud.com,(888)717-0383x884,Seminary,MS,2024-12-21
CUST_00405,Thomas Gordon,thomas.gordon@gmail.com,641.974.7805x023,Diamond,MO,2024-04-13
CUST_00406,Stephen Mann,stephen.mann@outlook.com,+1-359-857-6860x0647,Melstone,MT,2025-06-07
CUST_00407,Theresa Ryan,theresa.ryan@outlook.com,795-723-9453x2504,Valdosta,GA,2023-09-02
CUST_00408,Virginia Carter,virginia.carter@outlook.com,8669479436,Seville,GA,2024-08-01
CUST_00409,Jason Velazquez,jason.velazquez@hotmail.com,870-707-7649,Short Creek,WV,2025-10-22
CUST_00410,Suzanne Moody,suzanne.moody@outlook.com,579-323-1072x47799,Handley,WV,2025-03-08
CUST_00411,Daniel Ford,daniel.ford@icloud.com,001-408-215-3913x7601,Lycoming,NY,2024-09-13
CUST_00412,Matthew Mills,matthew.mills@icloud.com,+1-711-261-9845,Carson City,NV,2024-02-25
CUST_00413,Curtis Stephens,curtis.stephens@icloud.com,730.878.4440,Irwin,OH,2025-11-11
CUST_00414,Eric Rice,eric.rice@hotmail.com,6264839783,College Park,MD,2024-12-07
CUST_00415,Joseph Avila,joseph.avila@icloud.com,+1-702-848-6824x96576,Buffalo,NY,2025-07-04
CUST_00416,William Burgess,william.burgess@icloud.com,001-461-762-5932x10124,Crystal Beach,FL,2024-04-11
CUST_00417,Alexis Newton,alexis.newton@yahoo.com,738-434-7278x9584,Lomita,CA,2025-06-12
CUST_00418,Daniel Townsend,daniel.townsend@yahoo.com,+1-914-953-4173x5176,Sylmar,CA,2025-01-13
CUST_00419,Patricia Salas,patricia.salas@icloud.com,(686)365-9719x455,Potter,NE,2025-05-17
CUST_00420,Isabel Oliver,isabel.oliver@gmail.com,001-458-972-0847x01469,Gruetli Laager,TN,2023-10-19
CUST_00421,Christopher Lambert,christopher.lambert@outlook.com,(679)205-5883x1755,Inarajan,GU,2026-06-05
CUST_00422,Derek Tate,derek.tate@icloud.com,(673)858-3714x33110,Lancaster,TN,2024-06-09
CUST_00423,Chad Gillespie,chad.gillespie@aol.com,+1-775-772-8291x6899,Chicago,IL,2024-03-16
CUST_00424,Matthew Lucas,matthew.lucas@hotmail.com,+1-604-614-6118x02253,Drayden,MD,2023-10-28
CUST_00425,Gina Collier,gina.collier@outlook.com,254-555-9111,Bison,KS,2024-08-26
CUST_00426,Melissa Burgess,melissa.burgess@gmail.com,+1-577-614-9925x3684,Dansville,MI,2024-06-03
CUST_00427,Karen Thornton,karen.thornton@icloud.com,446.713.4372x111,Van Nuys,CA,2024-08-08
CUST_00428,John Gallagher,john.gallagher@gmail.com,001-844-240-9867x5351,Stewart,OH,2026-05-24
CUST_00429,James Roth,james.roth@outlook.com,852.296.1467x766,Eagle,NE,2024-08-25
CUST_00430,Christina Boone,christina.boone@gmail.com,+1-926-664-4115,Walloon Lake,MI,2023-11-06
CUST_00431,Lindsey Fisher,lindsey.fisher@icloud.com,295-596-6373,Montvale,VA,2026-04-29
CUST_00432,Michael Freeman,michael.freeman@outlook.com,737-429-7389x679,Byron,GA,2024-06-21
CUST_00433,Denise Walker,denise.walker@gmail.com,657.485.9940,London,KY,2024-06-18
CUST_00434,Jermaine Wheeler,jermaine.wheeler@hotmail.com,861.843.3097x51064,Rib Lake,WI,2023-12-21
CUST_00435,Benjamin Johnston,benjamin.johnston@outlook.com,+1-932-514-0626x71289,Milton Center,OH,2024-05-09
CUST_00436,Grace Acosta,grace.acosta@yahoo.com,001-633-494-8230x553,Litchfield,NH,2023-10-02
CUST_00437,Michael Meyer,michael.meyer@yahoo.com,+1-568-237-8768,Colorado City,AZ,2025-02-18
CUST_00438,Laura Olsen,laura.olsen@gmail.com,269-295-4706x1130,Salem,OR,2023-12-05
CUST_00439,Maria Mcgrath,maria.mcgrath@aol.com,+1-806-341-0533x6751,Batesland,SD,2023-12-25
CUST_00440,Linda Wilson,linda.wilson@hotmail.com,389.752.5299x45142,Williamstown,NJ,2023-11-09
CUST_00441,Peter Palmer,peter.palmer@yahoo.com,834.637.3697x10846,Newport,VA,2025-07-03
CUST_00442,Sophia Duran,sophia.duran@icloud.com,001-924-642-6612x7929,Seattle,WA,2023-11-16
CUST_00443,Natalie Cruz,natalie.cruz@icloud.com,+1-373-229-1000x23656,Walker,MO,2024-10-08
CUST_00444,Andrea Morris,andrea.morris@hotmail.com,+1-348-345-6760,Ravenna,TX,2024-05-26
CUST_00445,Brad Young,brad.young@gmail.com,(597)406-9904,Millville,DE,2025-05-13
CUST_00446,Jacob Price,jacob.price@icloud.com,703-629-2412x7208,Gansevoort,NY,2023-12-14
CUST_00447,Angela Cordova,angela.cordova@aol.com,(339)228-0598x26819,Church Hill,TN,2024-07-17
CUST_00448,Elizabeth Campos,elizabeth.campos@yahoo.com,387-544-3281x1486,Birchleaf,VA,2026-06-09
CUST_00449,Gina Crawford,gina.crawford@gmail.com,683-500-7766x61947,Salinas,CA,2025-08-30
CUST_00450,Michelle Taylor,michelle.taylor@yahoo.com,001-491-444-3907,Pinecliffe,CO,2025-07-03
CUST_00451,Kathryn Bradley,kathryn.bradley@outlook.com,783-996-2448x291,Briggs,TX,2024-09-11
CUST_00452,Michael Shepard,michael.shepard@gmail.com,001-674-880-5980x3459,Raleigh,NC,2024-06-22
CUST_00453,Tyler Craig,tyler.craig@yahoo.com,(480)884-2968x3811,Dublin,PA,2023-12-18
CUST_00454,Lauren Lane,lauren.lane@yahoo.com,+1-583-288-4753x9495,Baileyville,ME,2024-04-25
CUST_00455,Kelsey Pacheco,kelsey.pacheco@aol.com,826-932-5457,Dennisville,NJ,2026-05-19
CUST_00456,Justin Guzman,justin.guzman@icloud.com,7196631952,Sioux Falls,SD,2025-01-03
CUST_00457,Mindy Clark,mindy.clark@hotmail.com,+1-730-685-2554x664,Stuart,OK,2025-02-19
CUST_00458,Michael Gonzalez,michael.gonzalez@hotmail.com,6882712437,Troy,NC,2025-02-24
CUST_00459,David Keller,david.keller@icloud.com,4586057604,Taylorsville,GA,2025-09-13
CUST_00460,Natalie Griffin,natalie.griffin@gmail.com,3583177952,Annapolis,MD,2025-03-30
CUST_00461,Nicholas Wilson,nicholas.wilson@yahoo.com,393-611-2671x19849,Austin,TX,2024-07-15
CUST_00462,Dean Rogers,dean.rogers@gmail.com,847-515-1395x17406,Killdeer,ND,2023-11-15
CUST_00463,Joseph Snyder,joseph.snyder@yahoo.com,9754681203,Barrigada,GU,2025-11-26
CUST_00464,Victoria Sharp,victoria.sharp@outlook.com,+1-479-246-0005,Evansville,IN,2024-06-25
CUST_00465,Colin Singh,colin.singh@outlook.com,(367)363-2718,Media,PA,2025-03-10
CUST_00466,Audrey Dean,audrey.dean@gmail.com,885.257.9755,Milton,TN,2023-12-13
CUST_00467,Christina Delacruz,christina.delacruz@yahoo.com,(553)233-5154x73654,Callensburg,PA,2026-05-14
CUST_00468,Thomas Thomas,thomas.thomas@hotmail.com,469-892-9510,Keene,CA,2024-10-14
CUST_00469,Brianna Sweeney,brianna.sweeney@yahoo.com,(947)864-2473,Harpersville,AL,2023-10-03
CUST_00470,April Smith,april.smith@yahoo.com,610-835-6340,Turkey,TX,2025-01-06
CUST_00471,Amanda Pearson,amanda.pearson@aol.com,001-335-378-2632x0570,Millerton,OK,2026-01-15
CUST_00472,Mark Sanchez,mark.sanchez@hotmail.com,226.521.4211,Dormansville,NY,2026-04-27
CUST_00473,Nancy Beard,nancy.beard@yahoo.com,9818985207,Windermere,FL,2025-05-23
CUST_00474,Ann Bell,ann.bell@outlook.com,725.603.8358,Otis,KS,2026-01-09
CUST_00475,Michael Brennan,michael.brennan@gmail.com,+1-796-793-0342x960,Shawnee,OK,2026-06-29
CUST_00476,Amy Elliott,amy.elliott@hotmail.com,7735297949,Mount Lookout,WV,2025-02-16
CUST_00477,Veronica Wilson,veronica.wilson@aol.com,950.406.8361x266,West Newton,PA,2024-03-06
CUST_00478,Ethan King,ethan.king@icloud.com,001-403-495-1553x447,Linwood,MI,2026-02-10
CUST_00479,Randall Hoover,randall.hoover@aol.com,+1-815-321-0272x7240,New York,NY,2024-11-19
CUST_00480,Michelle Jensen,michelle.jensen@icloud.com,(307)271-3253,High Point,NC,2026-04-08
CUST_00481,Anthony Johnson,anthony.johnson@icloud.com,861-901-8188x89428,Bellevue,NE,2024-11-23
CUST_00482,Chris Clark,chris.clark@gmail.com,(905)620-1253,Peoria,IL,2025-06-08
CUST_00483,Brian Johnson,brian.johnson@aol.com,+1-329-853-0326x34073,La Place,LA,2025-01-06
CUST_00484,Emily Myers,emily.myers@outlook.com,3073228943,Forest Dale,VT,2024-08-18
CUST_00485,Tiffany Campbell,tiffany.campbell@gmail.com,001-873-698-3408x3714,Marionville,VA,2024-10-03
CUST_00486,Brian Reynolds,brian.reynolds@gmail.com,001-835-713-8617,Sacramento,CA,2025-07-01
CUST_00487,Erika Morales,erika.morales@outlook.com,8278686043,Saunderstown,RI,2025-12-23
CUST_00488,Laurie Wiley,laurie.wiley@hotmail.com,001-967-472-8874,Reading,PA,2025-04-24
CUST_00489,Sherry Sanders,sherry.sanders@hotmail.com,485.406.6676,Strawberry,AR,2025-05-16
CUST_00490,Duane Chapman,duane.chapman@hotmail.com,3639593482,Clinton Township,MI,2026-08-30
CUST_00491,Jason Stewart,jason.stewart@gmail.com,279.355.1930x607,Romeo,CO,2025-03-02
CUST_00492,Gerald Jordan,gerald.jordan@yahoo.com,001-864-756-9934x64687,Reasnor,IA,2024-04-12
CUST_00493,Daniel Bridges,daniel.bridges@icloud.com,967-886-7808,Whitesville,KY,2024-07-27
CUST_00494,David Jones,david.jones@gmail.com,(518)364-6092x92730,Fpo,AE,2025-04-18
CUST_00495,Jennifer Williams,jennifer.williams@outlook.com,660-906-1878x150,Brewster,KS,2024-06-11
CUST_00496,Kevin Terry,kevin.terry@hotmail.com,(872)614-5118x522,Ashville,AL,2026-05-25
CUST_00497,Michael Mayer,michael.mayer@gmail.com,(430)895-2278x6390,Fairchild,WI,2025-12-24
CUST_00498,Deborah Sanchez,deborah.sanchez@aol.com,+1-777-437-0686x00094,Charlotte,NC,2023-10-18
CUST_00499,Richard Stuart,richard.stuart@yahoo.com,(422)754-5192x526,Spokane,WA,2023-12-24
CUST_00500,Paul Smith,paul.smith@gmail.com,240.650.6604,Tampa,FL,2024-09-07
CUST_00501,Sylvia Newman,sylvia.newman@yahoo.com,001-854-350-8348x7400,Dutton,VA,2024-12-30
CUST_00502,Amy Brown,amy.brown@gmail.com,+1-681-319-8028x878,Ellendale,TN,2024-08-25
CUST_00503,Keith Thompson,keith.thompson@hotmail.com,001-624-817-0539x49487,Riverview,FL,2025-12-05
CUST_00504,Justin Chavez,justin.chavez@gmail.com,+1-251-451-2732x38283,Mount Holly,VT,2025-11-15
CUST_00505,Richard Kelly,richard.kelly@yahoo.com,201-808-6131x384,Ogilvie,MN,2025-09-01
CUST_00506,Darrell Gallagher,darrell.gallagher@gmail.com,(893)672-2961x2901,Garber,IA,2025-11-18
CUST_00507,Brianna Bailey,brianna.bailey@outlook.com,959-855-1993,Spring Valley,NY,2025-08-26
CUST_00508,Andrea Edwards,andrea.edwards@aol.com,(250)442-5686,Custer,MI,2024-01-30
CUST_00509,Tammy Morgan,tammy.morgan@outlook.com,510.608.6767x0752,Murdock,NE,2024-09-02
CUST_00510,Sabrina Hogan,sabrina.hogan@outlook.com,6412471361,Friona,TX,2024-05-24
CUST_00511,Susan Craig,susan.craig@gmail.com,502-662-4639x274,Atkinson,IL,2025-12-27
CUST_00512,Sarah Bennett,sarah.bennett@gmail.com,(815)797-8314x8233,The Dalles,OR,2025-03-19
CUST_00513,Gregory Medina,gregory.medina@yahoo.com,001-577-280-9120,Grenville,SD,2025-11-17
CUST_00514,Tamara Wheeler,tamara.wheeler@aol.com,(824)740-4088,Monponsett,MA,2025-02-01
CUST_00515,Robert Greer,robert.greer@icloud.com,001-694-708-4407,Hartford,KS,2026-03-30
CUST_00516,Raymond Acosta,raymond.acosta@outlook.com,287-399-6134x97202,Hortonville,NY,2025-07-31
CUST_00517,Robert Donaldson,robert.donaldson@outlook.com,338-545-3178x1269,Nadeau,MI,2025-03-09
CUST_00518,Brian Mack,brian.mack@hotmail.com,001-765-418-1374x33617,Garrison,IA,2024-11-20
CUST_00519,Brett Hickman,brett.hickman@aol.com,001-291-653-4151x030,Louisville,TN,2026-04-30
CUST_00520,Jose Carlson,jose.carlson@outlook.com,+1-524-437-2602x99945,Aurora,CO,2023-11-13
CUST_00521,Michael Burke,michael.burke@icloud.com,+1-346-729-2169x82602,Des Moines,NM,2024-08-20
CUST_00522,Kelly Horton,kelly.horton@outlook.com,(596)976-7604,Rock Camp,OH,2025-01-28
CUST_00523,Jodi Jones,jodi.jones@gmail.com,588.229.4894,Huntington,NY,2023-10-21
CUST_00524,James Williams,james.williams@outlook.com,001-344-312-9083,Spokane,WA,2025-08-09
CUST_00525,Kimberly Garcia,kimberly.garcia@aol.com,+1-817-563-1884,Mills,PA,2026-07-26
CUST_00526,Kelly Hernandez,kelly.hernandez@yahoo.com,253-936-8469x931,Milton,MA,2025-01-30
CUST_00527,Kyle Thompson,kyle.thompson@gmail.com,539.936.8467,Banner,WY,2026-01-19
CUST_00528,Kevin Aguirre,kevin.aguirre@aol.com,(213)225-3164x48158,Edgard,LA,2025-11-10
CUST_00529,Christopher Taylor,christopher.taylor@icloud.com,(645)777-6936x218,Clifton,ID,2026-03-25
CUST_00530,Melissa Clark,melissa.clark@gmail.com,001-306-493-5311x203,Lyndell,PA,2025-09-24
CUST_00531,Michael Young,michael.young@aol.com,+1-507-433-5153,Dixon,IA,2023-10-02
CUST_00532,John Alvarez,john.alvarez@yahoo.com,587.452.0413x32212,American Falls,ID,2025-02-12
CUST_00533,James Cortez,james.cortez@gmail.com,448-686-2122x763,Almond,NC,2026-05-25
CUST_00534,Brian Conrad,brian.conrad@icloud.com,(338)345-3194x6857,Attica,MI,2024-02-11
CUST_00535,Curtis Smith,curtis.smith@gmail.com,(436)726-9916x822,Shubuta,MS,2026-03-09
CUST_00536,Rachel Steele,rachel.steele@gmail.com,(899)843-9035x4302,Montgomery,AL,2025-11-20
CUST_00537,Samantha Daniels,samantha.daniels@hotmail.com,+1-262-685-7408,Greenbush,MI,2024-09-04
CUST_00538,Thomas Hudson,thomas.hudson@icloud.com,456.513.6738x30795,Eight Mile,AL,2024-11-13
CUST_00539,Thomas Hill,thomas.hill@outlook.com,491-400-2180,Las Vegas,NV,2024-08-20
CUST_00540,Amanda Smith,amanda.smith@aol.com,+1-200-989-2867,Wichita,KS,2023-11-18
CUST_00541,Amanda White,amanda.white@aol.com,607-940-7543x2352,Millstone,KY,2024-05-08
CUST_00542,Timothy Parker,timothy.parker@aol.com,536-254-8977x38052,Readsboro,VT,2025-04-07
CUST_00543,Christopher Brooks,christopher.brooks@aol.com,(739)523-3636,Paoli,OK,2024-07-23
CUST_00544,Sally Griffin,sally.griffin@aol.com,334.502.2054x761,Nineveh,PA,2025-05-15
CUST_00545,Diane Mccarthy,diane.mccarthy@outlook.com,900-510-9743,Biloxi,MS,2024-11-22
CUST_00546,Jay Thomas,jay.thomas@hotmail.com,390.552.8137x65488,Jefferson City,MO,2026-04-17
CUST_00547,Connie Murphy,connie.murphy@outlook.com,579.290.6041x27615,Bloomington,IN,2025-09-11
CUST_00548,Edward Wyatt,edward.wyatt@hotmail.com,229.468.7766,Charlotte,NC,2025-11-25
CUST_00549,Stephanie Brown,stephanie.brown@yahoo.com,906-283-4997,Gardiner,MT,2025-05-24
CUST_00550,Beverly Stokes,beverly.stokes@outlook.com,840-460-7625,Fernwood,ID,2025-12-23
CUST_00551,Jeffrey Garza,jeffrey.garza@outlook.com,(232)804-5993x4127,La Grange,CA,2024-10-22
CUST_00552,Matthew Washington,matthew.washington@outlook.com,+1-683-665-5962x7709,Trenton,SC,2024-12-02
CUST_00553,Nancy Garcia,nancy.garcia@yahoo.com,+1-822-382-1441x6518,Captiva,FL,2024-06-23
CUST_00554,Caitlin Ortega,caitlin.ortega@outlook.com,+1-336-339-8588x550,Bridgewater,VT,2024-02-15
CUST_00555,Sean Baker,sean.baker@hotmail.com,932.474.6590,Memphis,TN,2026-05-29
CUST_00556,Melissa Rivera,melissa.rivera@hotmail.com,8216150605,Goodfield,IL,2024-01-04
CUST_00557,Bradley Wallace,bradley.wallace@outlook.com,561-421-0239x4001,North Platte,NE,2025-05-15
CUST_00558,Alan Walsh,alan.walsh@icloud.com,(968)526-1908x208,Albion,NY,2024-08-08
CUST_00559,Amanda Rodriguez,amanda.rodriguez@yahoo.com,552-773-2825,Canyon Country,CA,2024-01-05
CUST_00560,Andrew Dixon,andrew.dixon@aol.com,001-702-694-2011x11949,Canton,MI,2026-04-22
CUST_00561,Samantha Lane,samantha.lane@icloud.com,777-997-2868x402,Vilas,CO,2024-12-28
CUST_00562,Jason Cobb,jason.cobb@aol.com,001-503-836-3674,Manchester,NH,2025-05-04
CUST_00563,Kathleen Baird,kathleen.baird@yahoo.com,+1-412-743-5233x642,Asotin,WA,2024-09-25
CUST_00564,Wendy Salazar,wendy.salazar@hotmail.com,279.424.4747x1579,Hanford,CA,2025-02-26
CUST_00565,Laura Whitehead,laura.whitehead@yahoo.com,001-272-873-4685x74290,Palm Bay,FL,2026-08-07
CUST_00566,Juan Elliott,juan.elliott@outlook.com,219-403-7525,Scobey,MT,2026-08-16
CUST_00567,Sean Peterson,sean.peterson@hotmail.com,+1-694-839-7315,Albany,LA,2025-08-05
CUST_00568,Ashlee Lewis,ashlee.lewis@aol.com,959.729.5141x59405,Higbee,MO,2025-05-23
CUST_00569,Mark Garcia,mark.garcia@aol.com,(300)642-8366x552,Montclair,NJ,2025-09-15
CUST_00570,Sean Mcdonald,sean.mcdonald@gmail.com,(895)837-2713,Judsonia,AR,2025-11-02
CUST_00571,Susan Myers,susan.myers@hotmail.com,799-447-9184,Jonesville,LA,2025-02-12
CUST_00572,Michael Krause,michael.krause@outlook.com,518-902-7964x20488,Stella,NC,2026-01-11
CUST_00573,Justin Sherman,justin.sherman@hotmail.com,001-502-260-7123,Melville,MT,2026-05-04
CUST_00574,Krystal Hill,krystal.hill@gmail.com,698-586-6131,Raleigh,NC,2024-08-23
CUST_00575,Daniel Robinson,daniel.robinson@outlook.com,347-867-5202,Laconia,NH,2023-11-03
CUST_00576,Katie Oneill,katie.oneill@outlook.com,289.232.8218x540,South Saint Paul,MN,2026-03-23
CUST_00577,Donald Snyder,donald.snyder@aol.com,4827767121,Miami,FL,2025-07-25
CUST_00578,Jennifer Herman,jennifer.herman@gmail.com,3323801183,Booneville,MS,2025-08-02
CUST_00579,Jennifer Weber,jennifer.weber@hotmail.com,+1-754-832-6223x845,Afton,OK,2023-10-16
CUST_00580,Tammy Richardson,tammy.richardson@hotmail.com,441-787-8874x903,Valhermoso Springs,AL,2023-12-17
CUST_00581,Brittany Harrison,brittany.harrison@outlook.com,+1-521-451-4425x711,Marlow,OK,2024-04-09
CUST_00582,Anthony Kennedy,anthony.kennedy@yahoo.com,+1-645-259-2575x75359,Hammond,LA,2023-11-08
CUST_00583,James Taylor,james.taylor@icloud.com,001-746-729-7786x484,Russell,IA,2025-11-03
CUST_00584,Teresa Hamilton,teresa.hamilton@hotmail.com,8822360464,Fall River,KS,2026-02-14
CUST_00585,Kelly Gonzalez,kelly.gonzalez@icloud.com,859.442.8954x9582,Saint Petersburg,FL,2024-07-08
CUST_00586,Morgan Solis,morgan.solis@yahoo.com,+1-357-394-9931,Revloc,PA,2025-10-02
CUST_00587,Randall Roberts,randall.roberts@icloud.com,4755262643,Saint Michael,MN,2026-04-14
CUST_00588,Natasha Evans,natasha.evans@outlook.com,659-551-1265x079,Brooklyn,NY,2025-03-18
CUST_00589,Andrew Johnson,andrew.johnson@icloud.com,953.800.7129x4133,Low Moor,IA,2025-03-30
CUST_00590,Stephen Wright,stephen.wright@outlook.com,699.452.0546x364,Alexandria,VA,2026-06-15
CUST_00591,Leah Williams,leah.williams@outlook.com,(638)345-9555,South Montrose,PA,2025-10-01
CUST_00592,Glenn Sullivan,glenn.sullivan@yahoo.com,+1-808-449-8782x4734,Sacramento,CA,2023-09-24
CUST_00593,Jason Hernandez,jason.hernandez@icloud.com,(899)614-9416,Ferndale,PA,2025-11-30
CUST_00594,Stephanie Rowe,stephanie.rowe@hotmail.com,612.898.5556x07978,Dayton,OH,2025-09-13
CUST_00595,Nicole Wagner,nicole.wagner@hotmail.com,+1-634-737-0776x42071,Orange,CA,2026-01-14
CUST_00596,Nancy Lynch,nancy.lynch@hotmail.com,+1-852-278-1823x7144,Catano,PR,2025-11-08
CUST_00597,Denise Watson,denise.watson@yahoo.com,+1-972-795-7209x88665,Princeton,WI,2026-05-22
CUST_00598,Michael Jennings,michael.jennings@gmail.com,356.619.4475x6032,Phoenix,AZ,2025-03-08
CUST_00599,Jason Terry,jason.terry@yahoo.com,630.422.3645x507,Menlo Park,CA,2026-04-25
CUST_00600,Pamela Taylor,pamela.taylor@gmail.com,(218)933-8485,Shrewsbury,MA,2023-10-02
CUST_00601,Cynthia Walker,cynthia.walker@icloud.com,(247)925-9625x4211,Grain Valley,MO,2024-05-25
CUST_00602,Duane Melton,duane.melton@icloud.com,855-311-5010,Lakeview,OR,2023-10-27
CUST_00603,Suzanne Sanders,suzanne.sanders@gmail.com,001-404-945-1156x9828,Montgomery,AL,2026-05-03
CUST_00604,Misty Morris,misty.morris@hotmail.com,+1-922-801-6072x3928,Suisun City,CA,2025-04-23
CUST_00605,Stacy Williams,stacy.williams@icloud.com,+1-296-621-5925,Ledbetter,KY,2024-05-17
CUST_00606,Michelle Fuller,michelle.fuller@aol.com,646-344-0640x25864,Norwood,VA,2023-11-21
CUST_00607,Kathleen Garcia,kathleen.garcia@hotmail.com,695-774-4793x7102,Superior,WY,2025-03-19
CUST_00608,Ronald Aguirre,ronald.aguirre@outlook.com,505.620.4986x05686,Ft Mitchell,KY,2025-11-22
CUST_00609,Matthew Owen,matthew.owen@hotmail.com,001-212-517-4548x862,Buhl,ID,2025-04-29
CUST_00610,Lisa Lindsey,lisa.lindsey@icloud.com,001-616-536-9449x9172,Allentown,NJ,2024-04-02
CUST_00611,Jacqueline Russell,jacqueline.russell@outlook.com,779.344.3294,Harvey,LA,2024-12-30
CUST_00612,Shannon Schneider,shannon.schneider@gmail.com,+1-245-856-2171x7700,Arco,ID,2025-12-20
CUST_00613,Pedro Yang,pedro.yang@gmail.com,543.269.3149x59185,Milwaukee,WI,2025-09-30
CUST_00614,Kaitlin Hernandez,kaitlin.hernandez@gmail.com,211.441.0610x525,Saint Marys,GA,2025-03-22
CUST_00615,Scott Johnson,scott.johnson@gmail.com,(896)561-0492x2771,Seminole,AL,2023-09-15
CUST_00616,Victor Gallegos,victor.gallegos@icloud.com,958-230-7656x3074,Orland Park,IL,2026-04-26
CUST_00617,Candace Tran,candace.tran@gmail.com,308-795-1502x4096,Warsaw,VA,2025-06-27
CUST_00618,Russell Harmon,russell.harmon@outlook.com,(622)663-3177,Towson,MD,2024-04-10
CUST_00619,Mark White,mark.white@aol.com,840-561-4251,Montrose,GA,2024-03-06
CUST_00620,Laura James,laura.james@outlook.com,591.834.3781x065,Mount Eden,KY,2024-02-11
CUST_00621,Jeremy Garcia,jeremy.garcia@hotmail.com,9073191351,Ruthven,IA,2023-12-08
CUST_00622,Jessica Kemp,jessica.kemp@yahoo.com,(444)916-1771x31888,Matherville,IL,2023-10-02
CUST_00623,Matthew Hayes,matthew.hayes@icloud.com,322-761-2212,Seminole,FL,2026-01-26
CUST_00624,Samantha Brewer,samantha.brewer@icloud.com,409.351.0379x5060,Bryant Pond,ME,2024-03-05
CUST_00625,Christopher Garcia,christopher.garcia@outlook.com,001-782-364-0185,Mojave,CA,2025-05-03
CUST_00626,Oscar Dixon,oscar.dixon@hotmail.com,+1-785-961-6755x496,Atlanta,GA,2025-10-24
CUST_00627,Maurice Perkins,maurice.perkins@yahoo.com,252-788-2350x52109,New Russia,NY,2024-10-09
CUST_00628,Jesse Evans,jesse.evans@icloud.com,(669)948-7744x8747,Colchester,IL,2024-07-07
CUST_00629,Linda Le,linda.le@outlook.com,775-810-9503x8699,Dresser,WI,2025-08-19
CUST_00630,Andrew Gomez,andrew.gomez@aol.com,001-772-858-1410x25351,Baton Rouge,LA,2025-03-10
CUST_00631,Chad Terry,chad.terry@hotmail.com,(303)224-7581x0460,Alleene,AR,2026-05-20
CUST_00632,Larry Burton,larry.burton@aol.com,(477)612-5271,Dpo,AA,2026-04-02
CUST_00633,Stephanie Walsh,stephanie.walsh@gmail.com,698.343.9276,New Milford,PA,2026-01-30
CUST_00634,Taylor Thompson,taylor.thompson@yahoo.com,+1-205-282-8892,Corydon,IA,2024-07-08
CUST_00635,Anthony Thomas,anthony.thomas@icloud.com,(351)750-3606x3020,Hamden,CT,2026-01-17
CUST_00636,Douglas Bowman,douglas.bowman@outlook.com,495.364.7275x259,Waldorf,MD,2026-07-04
CUST_00637,Karen Jenkins,karen.jenkins@aol.com,+1-914-678-4199x31772,Trinity,NC,2024-12-30
CUST_00638,Andrew Carroll,andrew.carroll@outlook.com,001-946-767-6332x92955,Plant City,FL,2024-04-05
CUST_00639,Nicole Le,nicole.le@hotmail.com,+1-575-828-0390x96747,Grimes,CA,2023-09-02
CUST_00640,Paul Turner,paul.turner@yahoo.com,328-270-7180x22083,Des Moines,IA,2024-01-09
CUST_00641,Justin Robles,justin.robles@yahoo.com,239.674.0596,Eldorado,OK,2026-01-10
CUST_00642,Susan Lee,susan.lee@hotmail.com,4758145043,Groveland,IL,2026-07-06
CUST_00643,James Hughes,james.hughes@icloud.com,(499)798-4912,Leadore,ID,2023-11-21
CUST_00644,Daniel Turner,daniel.turner@aol.com,800.486.3014x98341,Crescent City,FL,2025-10-05
CUST_00645,Carolyn Flores,carolyn.flores@aol.com,940-717-1669x9286,Irma,WI,2023-09-17
CUST_00646,Jamie Dennis,jamie.dennis@gmail.com,922-791-0516x9765,Michigamme,MI,2026-04-03
CUST_00647,Todd Blankenship,todd.blankenship@aol.com,+1-419-242-0660x08106,Dunmore,WV,2024-04-28
CUST_00648,Kim Owens,kim.owens@gmail.com,(976)866-0686x2789,Suring,WI,2026-01-12
CUST_00649,Kristopher Montgomery,kristopher.montgomery@yahoo.com,9402520849,Maupin,OR,2023-11-14
CUST_00650,Angela Rodriguez,angela.rodriguez@yahoo.com,349-541-9175x933,Carthage,SD,2026-02-10
CUST_00651,Lisa Graham,lisa.graham@icloud.com,499.809.3955x93754,Frenchboro,ME,2026-02-19
CUST_00652,Veronica Jackson,veronica.jackson@icloud.com,(331)388-9014x59824,Powers,OR,2026-02-16
CUST_00653,Robert Miller,robert.miller@outlook.com,+1-381-771-0119x01755,Wagontown,PA,2026-01-20
CUST_00654,Beth Frazier,beth.frazier@yahoo.com,001-624-860-3746,Minneapolis,MN,2023-09-08
CUST_00655,Paul Parsons,paul.parsons@outlook.com,5275845536,Rockport,TX,2025-07-05
CUST_00656,Lisa Martinez,lisa.martinez@yahoo.com,479-570-4825x1628,Indian Mound,TN,2025-06-21
CUST_00657,Suzanne Irwin,suzanne.irwin@yahoo.com,334.675.0368x65679,Causey,NM,2025-03-28
CUST_00658,James Brooks,james.brooks@yahoo.com,+1-789-986-2391,Lincoln,IA,2025-11-16
CUST_00659,Jade Davidson,jade.davidson@icloud.com,835-518-1105x816,Cedarville,CA,2025-07-03
CUST_00660,Ashley Carter,ashley.carter@outlook.com,001-914-905-0898x685,Lincolns New Salem,IL,2024-03-22
CUST_00661,Stacey Barron,stacey.barron@yahoo.com,(240)499-2334x74706,Havana,IL,2024-05-07
CUST_00662,Mathew Green,mathew.green@aol.com,214-282-4176,Fpo,AP,2023-12-28
CUST_00663,Robert Walker,robert.walker@icloud.com,(319)431-4319,Oceanside,CA,2024-03-10
CUST_00664,Lisa Kramer,lisa.kramer@yahoo.com,6155395813,Wapato,WA,2024-04-30
CUST_00665,William Moreno,william.moreno@gmail.com,217-693-1156x212,Mount Ephraim,NJ,2026-04-11
CUST_00666,Shelia Stanley,shelia.stanley@aol.com,326.591.9606x35439,Belmont,NY,2025-08-04
CUST_00667,Ariana Camacho,ariana.camacho@gmail.com,+1-403-384-9165,Roxana,IL,2023-11-17
CUST_00668,Stephanie Christian,stephanie.christian@outlook.com,+1-356-997-8718x7923,Chicopee,MA,2025-05-23
CUST_00669,Matthew Turner,matthew.turner@gmail.com,001-616-998-7404x4582,Briar,MO,2026-06-02
CUST_00670,Kristen Garcia,kristen.garcia@gmail.com,911.515.8417x206,Alexandria,LA,2024-06-02
CUST_00671,Oscar Perez,oscar.perez@yahoo.com,(987)647-2226x196,Mc Kean,PA,2025-08-07
CUST_00672,Victor Lopez,victor.lopez@yahoo.com,470-714-2048,Roca,NE,2025-05-28
CUST_00673,Anne Chambers,anne.chambers@icloud.com,910.491.7860x24594,West Chester,PA,2024-08-15
CUST_00674,Reginald Johnson,reginald.johnson@outlook.com,605.211.0772x3847,Ardara,PA,2025-11-25
CUST_00675,Joseph Donaldson,joseph.donaldson@yahoo.com,+1-920-385-7262x64292,Luverne,ND,2025-06-16
CUST_00676,Julie Taylor,julie.taylor@yahoo.com,001-379-947-9037,Tygh Valley,OR,2025-11-30
CUST_00677,Sabrina Williams,sabrina.williams@outlook.com,548-276-5832x163,Vidalia,LA,2026-03-23
CUST_00678,Michael Little,michael.little@icloud.com,(692)803-2546,Oelwein,IA,2023-12-31
CUST_00679,Megan Sanders,megan.sanders@hotmail.com,692-393-9172,Coalfield,TN,2025-11-17
CUST_00680,Colton Miller,colton.miller@gmail.com,(510)360-7682,Bowmansville,PA,2026-08-13
CUST_00681,James Turner,james.turner@hotmail.com,779-884-2456,St John,KS,2026-01-18
CUST_00682,Jerry Maldonado,jerry.maldonado@hotmail.com,001-532-527-4372x85658,Maiden,NC,2023-11-12
CUST_00683,Katie Drake,katie.drake@yahoo.com,(593)746-4764,Ceres,NY,2026-03-26
CUST_00684,James Hodges,james.hodges@icloud.com,001-358-258-7925x70849,San Luis,CO,2025-12-10
CUST_00685,Daniel Matthews,daniel.matthews@yahoo.com,725.265.0367,Macomb,MO,2024-07-28
CUST_00686,Adrian Nelson,adrian.nelson@hotmail.com,(253)292-4404,Rolling Meadows,IL,2026-06-10
CUST_00687,Scott Peterson,scott.peterson@yahoo.com,613.836.6547,Ashwood,OR,2023-10-19
CUST_00688,Mary Adkins,mary.adkins@outlook.com,443.929.6921,Sapphire,NC,2024-07-01
CUST_00689,Michael Yang,michael.yang@aol.com,(770)385-8499x79530,Ponce,PR,2025-01-26
CUST_00690,Nicholas Boyer,nicholas.boyer@aol.com,8585848991,Hinton,IA,2026-05-22
CUST_00691,Todd Morgan,todd.morgan@gmail.com,980.323.0587x03629,New Lisbon,IN,2024-05-08
CUST_00692,Kyle Scott,kyle.scott@icloud.com,902-480-7417x187,Fort Payne,AL,2025-08-05
CUST_00693,Michael Gibson,michael.gibson@aol.com,+1-643-631-4795x5409,Shady Point,OK,2025-10-18
CUST_00694,Amy Mckee,amy.mckee@icloud.com,841.544.1029x64788,Marietta,MS,2024-01-08
CUST_00695,Andrew Wright,andrew.wright@outlook.com,+1-968-287-6949x902,Coggon,IA,2026-01-29
CUST_00696,Terri Norton,terri.norton@yahoo.com,+1-437-514-7805x53656,Tunbridge,VT,2025-11-14
CUST_00697,Andrea Jimenez,andrea.jimenez@gmail.com,746-390-4273,Morrisonville,NY,2024-04-14
CUST_00698,Amy Robbins,amy.robbins@icloud.com,687.387.3527x17033,Duck River,TN,2023-10-20
CUST_00699,Lisa Benitez,lisa.benitez@aol.com,870.710.1622x62717,Altoona,AL,2025-04-09
CUST_00700,Karen Osborn,karen.osborn@hotmail.com,+1-509-371-7734x492,Melber,KY,2023-11-23
CUST_00701,Matthew Horn,matthew.horn@yahoo.com,439-477-2606x13593,Wilkes Barre,PA,2024-09-06
CUST_00702,Ashley Reyes,ashley.reyes@hotmail.com,525.614.5119,Graford,TX,2026-04-02
CUST_00703,Adrian Contreras,adrian.contreras@aol.com,292.659.3249x0591,Shawneetown,IL,2023-10-12
CUST_00704,Emily Watson,emily.watson@yahoo.com,658.777.7988x35298,Trexlertown,PA,2024-06-18
CUST_00705,Karen Clark,karen.clark@outlook.com,217-310-2069x534,Sykesville,MD,2025-03-13
CUST_00706,Gary Robertson,gary.robertson@aol.com,+1-431-393-1912x217,Henrico,NC,2025-08-20
CUST_00707,Dylan Johnson,dylan.johnson@aol.com,2554796661,Vendor,AR,2026-02-19
CUST_00708,Kayla Adams,kayla.adams@aol.com,+1-581-271-5461x3245,Mousie,KY,2024-04-12
CUST_00709,Russell Gregory,russell.gregory@hotmail.com,001-518-687-3154x0965,Cima,CA,2024-05-25
CUST_00710,Adam White,adam.white@yahoo.com,304.887.6617,Lake Hubert,MN,2026-05-10
CUST_00711,Patricia Strong,patricia.strong@icloud.com,+1-434-416-2839x39114,Lomira,WI,2024-05-02
CUST_00712,Lisa Matthews,lisa.matthews@outlook.com,+1-338-643-8246x068,Oelrichs,SD,2024-03-14
CUST_00713,Jeremiah Parrish,jeremiah.parrish@yahoo.com,741-397-7259x965,Climax,CO,2024-04-30
CUST_00714,Kayla Wood,kayla.wood@hotmail.com,+1-791-755-2803x471,Tacoma,WA,2024-11-12
CUST_00715,Beth Sullivan,beth.sullivan@gmail.com,859.365.3228,Lisbon,ND,2025-09-21
CUST_00716,Christian Hanna,christian.hanna@outlook.com,957.526.7612x23606,Maple Falls,WA,2026-04-08
CUST_00717,Jessica Henry,jessica.henry@gmail.com,001-591-422-9765,Homestead,FL,2025-09-06
CUST_00718,Joseph Whitehead,joseph.whitehead@outlook.com,443-465-7468,Letohatchee,AL,2026-03-20
CUST_00719,Stacey Anderson,stacey.anderson@hotmail.com,001-690-630-6423x65220,Salt Lake City,UT,2025-06-06
CUST_00720,Christopher Nguyen,christopher.nguyen@aol.com,001-538-719-2358x153,Gregory,TX,2024-05-19
CUST_00721,Yvonne Colon,yvonne.colon@hotmail.com,(709)839-4120,Kodiak,AK,2026-06-10
CUST_00722,Stephanie Valencia,stephanie.valencia@icloud.com,001-891-672-3813x215,Sun City,AZ,2024-03-23
CUST_00723,Teresa Price,teresa.price@aol.com,698-369-8917x1585,Babcock,WI,2026-06-02
CUST_00724,Alexandra Martin,alexandra.martin@outlook.com,799.947.2852,Harwich,MA,2026-02-24
CUST_00725,James Watson,james.watson@hotmail.com,912.916.1005,Jolley,IA,2024-10-17
CUST_00726,Maureen Rodriguez,maureen.rodriguez@yahoo.com,645-855-0249,Clarksburg,MD,2025-09-29
CUST_00727,Natalie Heath,natalie.heath@outlook.com,879-479-2409x990,Lexington,KY,2023-12-31
CUST_00728,Erin Smith,erin.smith@gmail.com,001-417-907-3233x90092,Pahokee,FL,2025-01-25
CUST_00729,Alexandra Hinton,alexandra.hinton@gmail.com,264.982.1492,Lake Katrine,NY,2024-06-27
CUST_00730,Victor James,victor.james@icloud.com,+1-314-242-0647x67149,Hartford,CT,2023-11-09
CUST_00731,Gabrielle Curtis,gabrielle.curtis@outlook.com,+1-848-267-8002x338,Steuben,ME,2024-08-09
CUST_00732,Kathryn Lee,kathryn.lee@yahoo.com,001-732-567-3567x283,Castro Valley,CA,2025-02-09
CUST_00733,Michele Gonzales,michele.gonzales@yahoo.com,537.275.5088,Boydton,VA,2024-01-05
CUST_00734,Brandon Porter,brandon.porter@icloud.com,354-333-7961x17826,Cherry Valley,NY,2025-01-12
CUST_00735,Tammy Vaughn,tammy.vaughn@aol.com,001-561-482-8515,Conchas Dam,NM,2026-04-02
CUST_00736,Peter Dodson,peter.dodson@yahoo.com,001-244-381-7491x62941,Carrollton,TX,2024-10-15
CUST_00737,Joshua Martin,joshua.martin@icloud.com,+1-533-361-3165,Atalissa,IA,2026-03-11
CUST_00738,Paul Collins,paul.collins@aol.com,+1-372-715-5509x9576,Kansas City,MO,2023-12-31
CUST_00739,Jesse Williams,jesse.williams@icloud.com,(976)742-6160x33663,Charleston,MS,2023-09-16
CUST_00740,Jacob Williams,jacob.williams@aol.com,(813)431-2472x40122,Cheshire,MA,2025-12-30
CUST_00741,Andrew Chambers,andrew.chambers@hotmail.com,(963)343-8207x13656,Chapman Ranch,TX,2025-06-07
CUST_00742,Mary Gonzales,mary.gonzales@hotmail.com,220.223.2366,Berlin,NH,2024-06-16
CUST_00743,Joshua Banks,joshua.banks@gmail.com,+1-954-389-3069x49145,Sacramento,CA,2025-12-23
CUST_00744,Christopher Cortez,christopher.cortez@yahoo.com,+1-472-793-1807x4377,Stillwater,ME,2026-08-11
CUST_00745,Bethany Richardson,bethany.richardson@icloud.com,(767)533-2140x906,Germanton,NC,2025-05-01
CUST_00746,Steve Wilson,steve.wilson@aol.com,742.955.5919,Los Angeles,CA,2023-11-11
CUST_00747,Jackson Sanders,jackson.sanders@hotmail.com,001-614-615-3943x318,Guaynabo,PR,2026-08-22
CUST_00748,Stephanie Davenport,stephanie.davenport@hotmail.com,991-849-6449x050,Bauxite,AR,2023-09-18
CUST_00749,Elizabeth Hunter,elizabeth.hunter@yahoo.com,(903)243-4909x748,Drexel Hill,PA,2023-12-08
CUST_00750,Kristi Hall,kristi.hall@outlook.com,001-951-868-1418x8816,Bethany Beach,DE,2026-04-28
CUST_00751,Daniel Smith,daniel.smith@yahoo.com,742-793-3418,Andrew,IA,2023-12-30
CUST_00752,Hannah Davenport,hannah.davenport@outlook.com,+1-531-846-8676x130,Edgar Springs,MO,2026-06-05
CUST_00753,Randy Garcia,randy.garcia@gmail.com,(214)495-9065x389,Pasadena,CA,2024-08-13
CUST_00754,Gary Shepard,gary.shepard@aol.com,902.242.0525x085,Cleveland,OH,2026-01-16
CUST_00755,Mark Kelley,mark.kelley@icloud.com,737-466-5382x48001,Dallas,TX,2025-04-24
CUST_00756,Zachary Woodward,zachary.woodward@outlook.com,+1-855-527-5159x6584,Cuttyhunk,MA,2023-10-24
CUST_00757,Melissa Williams,melissa.williams@outlook.com,+1-292-242-2480,Riverside,TX,2025-02-28
CUST_00758,Melissa Dennis,melissa.dennis@aol.com,364.210.4420,Newberry,FL,2024-11-14
CUST_00759,Amanda Johnson,amanda.johnson@gmail.com,207.601.0290x562,Berrysburg,PA,2024-07-28
CUST_00760,Devin Smith,devin.smith@hotmail.com,+1-218-732-6036x536,Phoenix,AZ,2025-01-17
CUST_00761,Kenneth Norton,kenneth.norton@aol.com,(459)556-9206,Johannesburg,MI,2026-08-09
CUST_00762,Shane Hines,shane.hines@icloud.com,2097623265,Sonoita,AZ,2025-06-12
CUST_00763,Jennifer Gonzalez,jennifer.gonzalez@yahoo.com,968-965-9268x87663,Royal,NE,2025-08-28
CUST_00764,Kyle Johnson,kyle.johnson@hotmail.com,7208916539,Switchback,WV,2024-10-14
CUST_00765,Cheryl Brown,cheryl.brown@aol.com,001-840-571-4812x2985,Rustburg,VA,2025-02-05
CUST_00766,Angel Decker,angel.decker@outlook.com,587-244-0160,Grafton,ND,2024-12-06
CUST_00767,Abigail Lamb,abigail.lamb@yahoo.com,223.952.2153,New York,NY,2023-11-22
CUST_00768,Kimberly Spence,kimberly.spence@aol.com,620.913.1360,Brownstown,IN,2024-06-26
CUST_00769,Joshua Rowe,joshua.rowe@aol.com,+1-657-788-6585x17429,New York,NY,2026-08-19
CUST_00770,Joe Harper,joe.harper@yahoo.com,+1-449-798-2941x710,Dallas,TX,2023-10-11
CUST_00771,Valerie Warren,valerie.warren@outlook.com,(321)937-0491x400,Mount Gay,WV,2024-11-15
CUST_00772,Whitney Baker,whitney.baker@icloud.com,399.503.1723x231,Shiocton,WI,2023-09-04
CUST_00773,Kayla Rodriguez,kayla.rodriguez@yahoo.com,353-205-3713x70019,Fort Pierre,SD,2025-09-02
CUST_00774,Anthony Anderson,anthony.anderson@hotmail.com,254-483-1604x955,Hartford,CT,2024-06-22
CUST_00775,Sarah Wood,sarah.wood@outlook.com,(567)240-4284,Creola,AL,2026-03-23
CUST_00776,Tony Frazier,tony.frazier@aol.com,+1-437-691-3210x8346,Negaunee,MI,2025-06-21
CUST_00777,Raymond Gordon,raymond.gordon@aol.com,001-308-977-0919x779,English,IN,2024-08-16
CUST_00778,Barbara Shepherd,barbara.shepherd@yahoo.com,(580)826-6727x0442,Pelsor,AR,2023-12-30
CUST_00779,Tonya Lewis,tonya.lewis@icloud.com,(373)361-3702,Jadwin,MO,2023-12-06
CUST_00780,Gina Ellis,gina.ellis@outlook.com,(741)350-4956,Ayrshire,IA,2026-08-05
CUST_00781,Amanda Wilson,amanda.wilson@gmail.com,397-462-0708,Las Vegas,NV,2026-03-14
CUST_00782,Mark Levy,mark.levy@gmail.com,001-904-211-6266,Lakeville,MA,2024-12-06
CUST_00783,Emily Turner,emily.turner@yahoo.com,001-736-965-6416,Shelby,IN,2024-01-21
CUST_00784,Jessica Harris,jessica.harris@aol.com,533-297-2790x341,Huntington,WV,2024-08-23
CUST_00785,Corey May,corey.may@outlook.com,400-738-6361,North Eastham,MA,2026-04-18
CUST_00786,Andrew Lopez,andrew.lopez@hotmail.com,669.710.4226x04260,Mc Sherrystown,PA,2024-04-04
CUST_00787,Jonathan Jensen,jonathan.jensen@hotmail.com,(813)971-9190x9127,Bloomingdale,NY,2024-03-29
CUST_00788,Michael Diaz,michael.diaz@yahoo.com,+1-902-264-2349x886,Leland,IL,2025-12-10
CUST_00789,Jessica Smith,jessica.smith@gmail.com,001-407-216-7593x1247,Petoskey,MI,2025-07-05
CUST_00790,Stephanie Sloan,stephanie.sloan@outlook.com,+1-803-801-0978x701,Forest City,IL,2023-11-22
CUST_00791,Kelly Burns,kelly.burns@aol.com,672.779.7409x78513,Montpelier Station,VA,2024-09-19
CUST_00792,Richard Martinez,richard.martinez@yahoo.com,001-254-909-0173x0886,Lexington,KY,2024-05-10
CUST_00793,John Reid,john.reid@hotmail.com,918.918.6693x647,Newport News,VA,2024-05-01
CUST_00794,Zachary Burns,zachary.burns@outlook.com,5174740157,Smyrna,NC,2023-10-19
CUST_00795,Deborah Kelly,deborah.kelly@icloud.com,(203)668-3431x311,Taylor,TX,2026-04-07
CUST_00796,Nathan Stewart,nathan.stewart@icloud.com,518.951.2070x1771,Nanticoke,MD,2026-05-24
CUST_00797,Christopher Hudson,christopher.hudson@icloud.com,(399)604-0039x656,Greenbrier,TN,2025-01-06
CUST_00798,Eric Smith,eric.smith@outlook.com,(758)827-3249x12301,Portland,OR,2025-03-02
CUST_00799,Heidi Pratt,heidi.pratt@icloud.com,+1-443-991-9257,Cedar Grove,NC,2024-09-09
CUST_00800,Monica Sims,monica.sims@yahoo.com,(202)314-3963x0573,Shepardsville,IN,2023-11-14
CUST_00801,Edward Brown,edward.brown@hotmail.com,878-848-5589x3224,Edwards,MO,2025-11-02
CUST_00802,Jessica Hobbs,jessica.hobbs@gmail.com,+1-795-901-6347,Springfield,MO,2024-03-28
CUST_00803,Brandi Campbell,brandi.campbell@hotmail.com,716-725-1115,Monroe,MI,2023-11-09
CUST_00804,Glenn James,glenn.james@icloud.com,+1-812-776-5824,Fallbrook,CA,2026-06-25
CUST_00805,Nicole Young,nicole.young@aol.com,264.669.0339,Rugby,ND,2024-04-25
CUST_00806,Jennifer Fields,jennifer.fields@aol.com,670.520.6410x631,Colorado Springs,CO,2024-02-20
CUST_00807,Elizabeth Day,elizabeth.day@yahoo.com,225-511-9514x348,San Diego,CA,2024-03-13
CUST_00808,Denise Mcintyre,denise.mcintyre@yahoo.com,001-433-944-7236x030,Mukilteo,WA,2023-12-08
CUST_00809,John Garza,john.garza@hotmail.com,691.412.9278x19203,Roll,AZ,2026-07-20
CUST_00810,Manuel Mayo,manuel.mayo@hotmail.com,(465)351-0418,Kent,OR,2026-03-11
CUST_00811,Valerie Griffith,valerie.griffith@gmail.com,322.526.0815,Tama,IA,2024-02-29
CUST_00812,Diana Meyer,diana.meyer@icloud.com,8979342192,Stanton,TN,2025-07-06
CUST_00813,Ryan Hester,ryan.hester@aol.com,(880)215-9515,Garnavillo,IA,2025-11-04
CUST_00814,Heather Olson,heather.olson@icloud.com,590-886-7558x98544,Dry Creek,WV,2025-09-09
CUST_00815,Amy Johnson,amy.johnson@yahoo.com,(263)586-2263,Pe Ell,WA,2024-09-18
CUST_00816,Michael Garcia,michael.garcia@aol.com,+1-515-628-9785x04234,Wever,IA,2023-11-17
CUST_00817,Melanie Walter,melanie.walter@gmail.com,537.713.5747,San Diego,CA,2026-01-26
CUST_00818,Alexandria Kramer,alexandria.kramer@yahoo.com,+1-966-676-9886x186,Glennville,GA,2026-04-18
CUST_00819,Danielle Flores,danielle.flores@gmail.com,749.795.3070x8235,Bragg City,MO,2024-02-14
CUST_00820,Samantha Richards,samantha.richards@outlook.com,739.340.5724x23887,Northern Cambria,PA,2026-03-27
CUST_00821,Thomas Roberts,thomas.roberts@icloud.com,+1-752-781-9298x257,Cornish,ME,2026-02-15
CUST_00822,Kathryn Hernandez,kathryn.hernandez@yahoo.com,001-934-447-3439,Chicopee,MA,2024-04-08
CUST_00823,Eddie Morales,eddie.morales@outlook.com,264.416.5444,Donora,PA,2023-11-02
CUST_00824,Claudia Davis,claudia.davis@aol.com,291-245-1445x56632,Wilson,KS,2026-06-20
CUST_00825,Christopher Brown,christopher.brown@hotmail.com,859.691.5584x35849,Jayuya,PR,2026-07-05
CUST_00826,Shane Little,shane.little@icloud.com,+1-601-636-8209x61871,Dallas,TX,2025-12-27
CUST_00827,Matthew Horton,matthew.horton@icloud.com,(656)706-2354x092,Humphrey,NE,2023-10-07
CUST_00828,Joseph Robinson,joseph.robinson@icloud.com,001-946-320-9491x4315,San Juan,TX,2024-05-13
CUST_00829,Katherine Williams,katherine.williams@yahoo.com,7295960863,Laurens,NY,2024-03-19
CUST_00830,Paul Drake,paul.drake@icloud.com,671.324.8087,Merryville,LA,2024-02-13
CUST_00831,Jeremy Elliott,jeremy.elliott@yahoo.com,001-557-870-7728x7575,Lansing,MI,2024-12-11
CUST_00832,Daniel Gonzales,daniel.gonzales@yahoo.com,(820)525-5017x506,Rifton,NY,2023-12-04
CUST_00833,Melissa Wade,melissa.wade@hotmail.com,672-441-2609x5886,Atlanta,GA,2024-04-22
CUST_00834,Nicholas Bass,nicholas.bass@outlook.com,001-717-717-3088x701,Mcallen,TX,2024-05-11
CUST_00835,Kayla Williams,kayla.williams@hotmail.com,548-455-3525x741,Quitaque,TX,2025-08-18
CUST_00836,Kelsey Walsh,kelsey.walsh@icloud.com,+1-477-451-8412,Pasadena,CA,2025-12-09
CUST_00837,Laura Hubbard,laura.hubbard@outlook.com,567-595-4356x6398,Washington,DC,2023-09-24
CUST_00838,Alexandra Brock,alexandra.brock@icloud.com,(869)457-1479x53198,Beaumont,TX,2026-05-20
CUST_00839,Michael Butler,michael.butler@hotmail.com,2179438016,Voss,TX,2023-11-03
CUST_00840,Danielle Kennedy,danielle.kennedy@aol.com,+1-598-614-4017x2060,Florham Park,NJ,2025-02-03
CUST_00841,Nancy Larson,nancy.larson@outlook.com,520-471-0804x81606,Fiatt,IL,2024-12-28
CUST_00842,Shirley Boyd,shirley.boyd@yahoo.com,886.425.8527x088,Henderson,KY,2023-09-12
CUST_00843,Teresa Dixon,teresa.dixon@hotmail.com,8482325839,Swartz,LA,2025-08-16
CUST_00844,Nicholas Morrison,nicholas.morrison@yahoo.com,(326)635-2310x791,Ambia,IN,2024-09-30
CUST_00845,Leah Gonzales,leah.gonzales@gmail.com,(827)368-5817,Stockton,CA,2025-06-16
CUST_00846,Oscar Thompson,oscar.thompson@aol.com,6163770530,Vinegar Bend,AL,2025-12-31
CUST_00847,Jennifer Pearson,jennifer.pearson@gmail.com,(473)876-3690x64409,San Francisco,CA,2023-12-22
CUST_00848,Allen Nunez,allen.nunez@outlook.com,001-241-587-7184x3531,Premium,KY,2026-02-04
CUST_00849,Austin Lopez,austin.lopez@aol.com,384-510-5856x7911,Atlanta,GA,2025-03-07
CUST_00850,Evan Singleton,evan.singleton@icloud.com,+1-459-362-0887x3161,Parcel Return Service,DC,2024-09-17
CUST_00851,Patrick Payne,patrick.payne@outlook.com,3368592277,Berkeley,CA,2024-10-02
CUST_00852,James Wilson,james.wilson@aol.com,(504)549-3127x87293,Clopton,AL,2025-07-07
CUST_00853,Nichole Rhodes,nichole.rhodes@aol.com,466-606-6770x862,Medora,IN,2023-12-18
CUST_00854,Bianca Flores,bianca.flores@outlook.com,908-532-0994,Cedarville,WV,2026-02-23
CUST_00855,Logan Smith,logan.smith@icloud.com,212.905.5492,Glendale,MA,2025-10-24
CUST_00856,Joseph Watkins,joseph.watkins@aol.com,599.917.6716x5512,Lancaster,SC,2026-01-01
CUST_00857,Gina Jackson,gina.jackson@gmail.com,444-350-9524,Fort Worth,TX,2025-01-17
CUST_00858,Tommy Wilson,tommy.wilson@hotmail.com,456.476.9032,Cub Run,KY,2026-07-20
CUST_00859,John Dean,john.dean@icloud.com,3558988559,Linn,WV,2025-07-10
CUST_00860,Paul Pratt,paul.pratt@yahoo.com,(272)743-7483x34640,Alma Center,WI,2026-05-05
CUST_00861,Amy Thompson,amy.thompson@yahoo.com,(256)342-5081x10240,Houston,TX,2025-03-19
CUST_00862,Michael Smith,michael.smith@yahoo.com,6844579535,Menlo Park,CA,2025-03-19
CUST_00863,Jeremy Valentine,jeremy.valentine@hotmail.com,(294)418-3692x9646,Barnhart,TX,2024-03-18
CUST_00864,Paula Jones,paula.jones@icloud.com,(712)948-4360x8878,Marienville,PA,2023-09-25
CUST_00865,Noah Edwards,noah.edwards@outlook.com,(999)400-4931,Clay Springs,AZ,2025-07-20
CUST_00866,David Rogers,david.rogers@outlook.com,+1-740-893-3822x05813,Jacksonville,FL,2025-06-22
CUST_00867,Erik Mitchell,erik.mitchell@yahoo.com,6913923342,Mercury,NV,2026-06-19
CUST_00868,Elizabeth Carlson,elizabeth.carlson@gmail.com,001-231-828-6067,Dallas,TX,2024-08-29
CUST_00869,Jessica Johnson,jessica.johnson@aol.com,5059787135,Sacramento,CA,2025-05-03
CUST_00870,Todd Hart,todd.hart@aol.com,831-780-0419x48544,Shelby,NC,2023-10-03
CUST_00871,Richard Willis,richard.willis@yahoo.com,628.620.0689,Bellamy,AL,2025-04-03
CUST_00872,Thomas Obrien,thomas.obrien@hotmail.com,2776440723,Bremond,TX,2025-09-23
CUST_00873,Christian Bryant,christian.bryant@aol.com,396.776.4219x4396,Savannah,GA,2025-01-05
CUST_00874,Tiffany Pitts,tiffany.pitts@hotmail.com,001-523-674-9461,Savonburg,KS,2024-11-29
CUST_00875,Jeff Lopez,jeff.lopez@aol.com,829.854.2506x8107,New York,NY,2024-09-05
CUST_00876,Danielle Grimes,danielle.grimes@outlook.com,4236238539,Dallas,TX,2026-01-04
CUST_00877,Maria Patterson,maria.patterson@hotmail.com,001-471-296-4200x814,Milan,GA,2026-03-19
CUST_00878,John Nelson,john.nelson@outlook.com,+1-385-708-2173x710,Pittsburgh,PA,2024-06-08
CUST_00879,Patrick Hill,patrick.hill@yahoo.com,204-603-7381x27838,Medicine Lodge,KS,2023-11-02
CUST_00880,Gail Fernandez,gail.fernandez@gmail.com,+1-777-781-6056x6895,Highland,IL,2025-05-08
CUST_00881,Tammy Baxter,tammy.baxter@aol.com,429-824-3938,Finley,CA,2025-10-13
CUST_00882,Renee Riley,renee.riley@aol.com,640.224.3799,Roseland,NE,2024-05-23
CUST_00883,Joshua Williams,joshua.williams@aol.com,001-406-636-6744x34789,Kansas City,KS,2025-03-12
CUST_00884,Valerie Bonilla,valerie.bonilla@gmail.com,6718516934,Easton,IL,2024-05-03
CUST_00885,Theresa Lopez,theresa.lopez@outlook.com,4055327899,Venice,FL,2024-06-06
CUST_00886,Jennifer Collins,jennifer.collins@hotmail.com,(848)603-4050x294,Las Vegas,NV,2024-06-19
CUST_00887,Brandon Burch,brandon.burch@yahoo.com,(958)472-8851,Apo,AP,2025-10-02
CUST_00888,Caroline Hernandez,caroline.hernandez@yahoo.com,(802)866-9342x99527,Nicholasville,KY,2025-03-27
CUST_00889,Justin Gray,justin.gray@gmail.com,+1-998-614-3219x944,Jacks Creek,TN,2026-02-25
CUST_00890,Michael Mueller,michael.mueller@hotmail.com,+1-949-344-7182x602,Lance Creek,WY,2024-07-03
CUST_00891,Kimberly Hogan,kimberly.hogan@hotmail.com,(462)792-0945x24012,Cullom,IL,2023-11-14
CUST_00892,Shawn Mcguire,shawn.mcguire@icloud.com,685.906.8485,Maxwelton,WV,2025-11-11
CUST_00893,David Moyer,david.moyer@icloud.com,378-329-5905,Shobonier,IL,2026-04-28
CUST_00894,Vanessa Phillips,vanessa.phillips@outlook.com,001-918-901-3147x51286,Van Nuys,CA,2024-03-31
CUST_00895,William Hughes,william.hughes@icloud.com,(771)970-4634,Piedmont,KS,2026-08-25
CUST_00896,Adam White,adam.white@icloud.com,001-550-915-6061x150,Pleasant Valley,NY,2024-04-05
CUST_00897,Steven Webb,steven.webb@aol.com,886-250-3484x33627,Vienna,VA,2023-10-30
CUST_00898,Joseph Gonzalez,joseph.gonzalez@outlook.com,001-370-465-9236x78388,Fosterville,TN,2025-10-13
CUST_00899,Christie Reed,christie.reed@gmail.com,001-351-406-7978,Winfield,PA,2026-05-05
CUST_00900,Bradley Johnson,bradley.johnson@outlook.com,830.342.3630x069,Belleville,NY,2024-03-31
CUST_00901,Megan Santiago,megan.santiago@gmail.com,001-690-838-1033,Indian,AK,2024-12-11
CUST_00902,Erin Lloyd,erin.lloyd@icloud.com,(610)975-6199x761,New Braunfels,TX,2025-08-07
CUST_00903,Chelsea Johnson,chelsea.johnson@yahoo.com,878.774.2731x0358,Piedmont,OK,2026-02-13
CUST_00904,Gina Moran,gina.moran@hotmail.com,+1-412-531-7284,Montrose,CA,2023-10-28
CUST_00905,Katherine Clark,katherine.clark@aol.com,248-773-4433,Ava,IL,2025-10-18
CUST_00906,Lauren Smith,lauren.smith@gmail.com,373.528.0048x14849,Cliff Island,ME,2025-04-28
CUST_00907,Kevin Chen,kevin.chen@aol.com,544.424.3189x135,Airway Heights,WA,2025-11-03
CUST_00908,Bryan Hanson,bryan.hanson@outlook.com,(959)989-2784x0822,Zanesfield,OH,2025-09-25
CUST_00909,Katelyn Mcdowell,katelyn.mcdowell@yahoo.com,343-883-6240,Sarver,PA,2025-09-15
CUST_00910,Nicholas Whitaker,nicholas.whitaker@yahoo.com,994.300.5697x26559,Wilkes Barre,PA,2025-09-04
CUST_00911,Vanessa Singh,vanessa.singh@hotmail.com,001-253-956-6666x66892,Center Rutland,VT,2023-10-14
CUST_00912,Amanda Santos,amanda.santos@aol.com,9416554397,Victorville,CA,2024-12-23
CUST_00913,Olivia White,olivia.white@hotmail.com,878.778.2000x06732,Niotaze,KS,2026-01-02
CUST_00914,Emily Colon,emily.colon@yahoo.com,814.207.9582x93834,Mayer,MN,2025-10-15
CUST_00915,Stacy Walker,stacy.walker@hotmail.com,+1-355-953-4119x918,Pleasant Grove,AR,2025-08-23
CUST_00916,Cameron Escobar,cameron.escobar@gmail.com,001-732-575-8667,Council,ID,2026-04-26
CUST_00917,Bob Ruiz,bob.ruiz@outlook.com,(720)616-5929x1320,Marietta,GA,2025-09-30
CUST_00918,Richard Odonnell,richard.odonnell@aol.com,237-906-6896x049,Neihart,MT,2025-08-10
CUST_00919,Rebecca King,rebecca.king@gmail.com,(803)859-9428x014,Akron,OH,2023-09-18
CUST_00920,Raymond Skinner,raymond.skinner@hotmail.com,(266)935-6210x0779,Warren,MI,2024-10-26
CUST_00921,James Smith,james.smith@gmail.com,(350)316-8130,East Hampton,CT,2025-06-13
CUST_00922,Susan Weaver,susan.weaver@icloud.com,001-295-822-1864x37062,Cuddy,PA,2026-05-01
CUST_00923,Jeremy Whitaker,jeremy.whitaker@yahoo.com,303.765.6007,West Suffield,CT,2023-10-14
CUST_00924,Chad Dalton,chad.dalton@aol.com,386.245.7301x658,Mazie,KY,2026-04-05
CUST_00925,Daniel Rush,daniel.rush@icloud.com,(216)631-7883x747,Apo,AP,2026-07-20
CUST_00926,James Carey,james.carey@aol.com,001-374-426-8020x872,Montgomery,MI,2025-07-04
CUST_00927,Christine Cline,christine.cline@outlook.com,659.221.0473x592,Santa Rosa Beach,FL,2026-03-15
CUST_00928,Kenneth Cordova,kenneth.cordova@aol.com,7177911297,Milton,DE,2025-01-17
CUST_00929,Julie Vasquez,julie.vasquez@yahoo.com,529-671-7157,Angela,MT,2026-05-28
CUST_00930,Robert Wilson,robert.wilson@outlook.com,616-398-6479,Stilesville,IN,2025-08-16
CUST_00931,Matthew Horn,matthew.horn@outlook.com,+1-451-228-0647,Leesburg,TX,2024-08-04
CUST_00932,Michelle Hutchinson,michelle.hutchinson@gmail.com,237.468.9644x6743,Reynolds,IN,2024-02-15
CUST_00933,Kristin Andrews,kristin.andrews@gmail.com,901.491.4420,West Hurley,NY,2024-12-09
CUST_00934,Thomas Riley,thomas.riley@yahoo.com,+1-980-774-5055x33327,Naranjito,PR,2025-10-08
CUST_00935,Michael Gillespie,michael.gillespie@yahoo.com,001-633-600-1163x1690,Dallas,WV,2024-05-28
CUST_00936,Aaron Hobbs,aaron.hobbs@gmail.com,377.448.6284x029,Climax,MI,2026-07-15
CUST_00937,John Thomas,john.thomas@gmail.com,(343)476-0840,Bradfordwoods,PA,2025-05-21
CUST_00938,Heather Cole,heather.cole@yahoo.com,(227)223-0154,Spicewood,TX,2024-05-19
CUST_00939,Courtney Stewart,courtney.stewart@yahoo.com,+1-567-903-8631x76798,Krakow,WI,2026-05-12
CUST_00940,Stephen Stone,stephen.stone@outlook.com,709.227.8754x52454,Olds,IA,2024-10-01
CUST_00941,Kyle Flores,kyle.flores@aol.com,9633632264,South Bend,IN,2025-05-20
CUST_00942,Natalie Collier,natalie.collier@hotmail.com,6989234553,Delavan,IL,2023-09-28
CUST_00943,John Alexander,john.alexander@icloud.com,001-718-709-9944x0672,Puryear,TN,2026-01-13
CUST_00944,Sandra Irwin,sandra.irwin@aol.com,8998123137,Metz,MO,2026-01-10
CUST_00945,Donna Porter,donna.porter@yahoo.com,+1-400-712-2806x4807,Saint Edward,NE,2024-03-18
CUST_00946,Donald Daniel,donald.daniel@icloud.com,(705)901-2631x90686,Owensboro,KY,2025-02-21
CUST_00947,Catherine Vang,catherine.vang@hotmail.com,001-932-637-4152,Houston,TX,2026-02-01
CUST_00948,Lindsey Thompson,lindsey.thompson@icloud.com,+1-321-761-1036x6559,Page,ND,2026-02-01
CUST_00949,Kenneth Armstrong,kenneth.armstrong@outlook.com,+1-409-915-1494x921,Salt Lake City,UT,2024-04-09
CUST_00950,Sean Cook,sean.cook@yahoo.com,445-373-9469x83698,Geary,OK,2023-10-28
CUST_00951,Bob Rodriguez,bob.rodriguez@yahoo.com,(603)825-5362,Francisco,IN,2024-01-26
CUST_00952,Nicholas Giles,nicholas.giles@outlook.com,521-754-3074x4001,Manteo,NC,2024-11-22
CUST_00953,Erica Young,erica.young@gmail.com,001-615-700-1121x051,New York,NY,2023-10-08
CUST_00954,David Haynes,david.haynes@aol.com,(302)991-3324x63297,Bridal Veil,OR,2025-10-31
CUST_00955,Darren Meyers,darren.meyers@hotmail.com,940-272-1726x76411,Eldridge,IA,2026-05-03
CUST_00956,Laura Drake,laura.drake@icloud.com,(863)563-3793x41273,Andreas,PA,2025-10-25
CUST_00957,Rickey Reynolds,rickey.reynolds@icloud.com,5832443731,Bertrand,MO,2024-11-05
CUST_00958,Evelyn Hunt,evelyn.hunt@icloud.com,+1-670-695-6460x801,Bel Air,MD,2025-04-18
CUST_00959,Donald Montoya,donald.montoya@hotmail.com,001-200-550-4889x3072,Millbrook,IL,2024-12-07
CUST_00960,Ethan Braun,ethan.braun@outlook.com,(269)499-0112x97961,Stockholm,SD,2026-01-12
CUST_00961,Mary Kerr,mary.kerr@outlook.com,(367)224-7255,Tacoma,WA,2026-07-10
CUST_00962,Ann Tyler,ann.tyler@yahoo.com,001-442-329-8249x254,Bland,VA,2026-05-28
CUST_00963,Christian Thomas,christian.thomas@aol.com,875-516-5261,San Francisco,CA,2025-10-14
CUST_00964,Todd Roth,todd.roth@hotmail.com,358-815-3269,Boise,ID,2025-07-15
CUST_00965,Melissa Olson,melissa.olson@hotmail.com,6677826721,Ashuelot,NH,2025-05-04
CUST_00966,William Johnson,william.johnson@aol.com,649-658-8463,Winter Park,CO,2025-02-28
CUST_00967,Timothy Oneill,timothy.oneill@icloud.com,597.736.5881,Malvern,IA,2024-09-13
CUST_00968,William Garrett,william.garrett@hotmail.com,+1-598-354-0993x222,Whitman,WV,2025-09-04
CUST_00969,Nicole Nelson,nicole.nelson@aol.com,+1-830-575-2436,Nicholson,PA,2024-11-18
CUST_00970,Carrie Martinez,carrie.martinez@outlook.com,+1-287-261-8005,South Newbury,NH,2025-05-26
CUST_00971,Elizabeth Thompson,elizabeth.thompson@icloud.com,836-849-2492,West Monroe,LA,2024-07-18
CUST_00972,Jason Chavez,jason.chavez@yahoo.com,6142176657,Ohiowa,NE,2024-11-06
CUST_00973,Rachael Torres,rachael.torres@hotmail.com,001-892-210-1444x151,Chisholm,MN,2024-02-02
CUST_00974,Kayla Mckay,kayla.mckay@aol.com,2954725960,Montgomery,VT,2025-01-13
CUST_00975,Peter Frye,peter.frye@icloud.com,(895)268-1708,Las Cruces,NM,2025-05-10
CUST_00976,Adam Perez,adam.perez@icloud.com,279-595-4110,West Palm Beach,FL,2026-03-12
CUST_00977,John Johnson,john.johnson@gmail.com,+1-853-939-0395x2280,Hartwick,NY,2025-12-10
CUST_00978,Theresa Morales,theresa.morales@hotmail.com,495-851-3963,Uehling,NE,2024-07-01
CUST_00979,David Ramos,david.ramos@gmail.com,651-986-1917x424,Charlotte,NC,2025-05-31
CUST_00980,Christine Church,christine.church@aol.com,5876818118,Johnson City,NY,2025-10-01
CUST_00981,Makayla Wallace,makayla.wallace@aol.com,001-385-682-0606x038,Danbury,WI,2025-05-26
CUST_00982,Destiny Moore,destiny.moore@hotmail.com,544.641.3499,Lone Tree,IA,2026-05-10
CUST_00983,Lisa Martinez,lisa.martinez@icloud.com,611.947.3198,Middleburg,VA,2024-09-22
CUST_00984,Craig Velasquez,craig.velasquez@hotmail.com,(449)728-3188x379,Bridgeport,NE,2025-04-25
CUST_00985,Mark Barrera,mark.barrera@outlook.com,001-551-426-3962x866,Rush Springs,OK,2023-11-28
CUST_00986,Kevin Meza,kevin.meza@yahoo.com,926-886-5489x1129,Lancaster,PA,2025-05-19
CUST_00987,William Acosta,william.acosta@yahoo.com,518.770.9951,Tatum,SC,2024-07-11
CUST_00988,Paul Collins,paul.collins@icloud.com,915.947.1023x5203,Cuero,TX,2025-01-19
CUST_00989,Ricardo Blevins,ricardo.blevins@gmail.com,518-500-3986x684,Lake Wilson,MN,2023-09-27
CUST_00990,Robert Anderson,robert.anderson@hotmail.com,244.874.4883x8061,Oceanside,CA,2024-01-27
CUST_00991,Christopher Curtis,christopher.curtis@icloud.com,+1-530-967-5172,Goshen,CT,2025-02-27
CUST_00992,Joel Acevedo,joel.acevedo@icloud.com,001-394-731-5101x494,Sherborn,MA,2024-03-23
CUST_00993,Gina Ortega,gina.ortega@outlook.com,282.445.6394x29518,Dodge City,KS,2026-07-25
CUST_00994,Elizabeth Mclaughlin,elizabeth.mclaughlin@outlook.com,830.637.5991x22002,Grand Island,FL,2024-11-22
CUST_00995,Andre Pierce,andre.pierce@gmail.com,001-706-774-3947x2082,Portland,OR,2026-04-24
CUST_00996,Jennifer Acevedo,jennifer.acevedo@aol.com,8119870727,Toms River,NJ,2024-06-12
CUST_00997,Stephanie Owens,stephanie.owens@gmail.com,001-943-816-2185x2453,San Juan,PR,2024-07-03
CUST_00998,Cody Lopez,cody.lopez@aol.com,9864871491,Honolulu,HI,2024-03-03
CUST_00999,Ralph Wright,ralph.wright@icloud.com,(718)811-8035x677,Widnoon,PA,2024-04-23
CUST_01000,Abigail Sanchez,abigail.sanchez@hotmail.com,420.715.2264,Cherryville,MO,2024-02-01
CUST_01001,Tanya Powers,tanya.powers@hotmail.com,653-876-9807x28114,Brownsville,PA,2024-03-20
CUST_01002,Alexandra Mason,alexandra.mason@gmail.com,(222)650-1611x930,Anaheim,CA,2025-12-21
CUST_01003,Paul Livingston,paul.livingston@aol.com,+1-453-603-4824x5674,Tampa,FL,2025-03-30
CUST_01004,Caleb Chandler,caleb.chandler@aol.com,001-745-632-0909x125,Virginia Beach,VA,2025-05-24
CUST_01005,Justin Morrison,justin.morrison@yahoo.com,572-265-6451x171,Harrisonburg,VA,2025-09-03
CUST_01006,Wendy Bruce,wendy.bruce@yahoo.com,(969)582-9144x7687,Tracy,IA,2024-12-07
CUST_01007,Randall Malone,randall.malone@yahoo.com,(795)480-2947x47154,Leetonia,OH,2025-02-06
CUST_01008,Casey Moore,casey.moore@yahoo.com,001-583-820-0753x8162,Bombay,NY,2024-08-19
CUST_01009,Victoria Reeves,victoria.reeves@yahoo.com,(647)481-0457x510,Sheffield,AL,2024-01-14
CUST_01010,Eric Guzman,eric.guzman@aol.com,795.269.6282x6069,Mondamin,IA,2026-02-06
CUST_01011,Justin Schmidt,justin.schmidt@outlook.com,564-406-5481,Raleigh,NC,2025-11-01
CUST_01012,David Huang,david.huang@hotmail.com,(549)975-6291x0470,National Stock Yards,IL,2023-11-14
CUST_01013,Elizabeth Simmons,elizabeth.simmons@outlook.com,001-992-967-8973x50812,Dpo,AA,2026-01-17
CUST_01014,Travis Williams,travis.williams@outlook.com,428-873-3600x287,Louisville,KY,2025-03-29
CUST_01015,Caitlin Vasquez,caitlin.vasquez@yahoo.com,+1-933-227-8388x94220,Sugar City,ID,2026-05-06
CUST_01016,Amanda Mckay,amanda.mckay@aol.com,392.261.1529,Gibson,GA,2026-08-10
CUST_01017,Kathleen Evans,kathleen.evans@gmail.com,001-262-680-0028x8425,Upton,MA,2025-11-27
CUST_01018,John Thomas,john.thomas@yahoo.com,+1-586-574-1310x22146,Lewes,DE,2024-09-15
CUST_01019,Gina Shepherd,gina.shepherd@icloud.com,001-219-651-5392x733,Thomasville,NC,2026-02-23
CUST_01020,Abigail Edwards,abigail.edwards@outlook.com,+1-694-576-1723x77372,Franktown,CO,2026-07-14
CUST_01021,Brandy Forbes,brandy.forbes@gmail.com,+1-925-633-1024,Magazine,AR,2024-03-10
CUST_01022,Emily Rogers,emily.rogers@outlook.com,001-748-684-6726x32934,Mount Vernon,MO,2024-08-09
CUST_01023,Lacey Roach,lacey.roach@aol.com,001-343-466-7855,Wallsburg,UT,2026-04-01
CUST_01024,Jake Simmons,jake.simmons@icloud.com,(787)855-1950x4622,Amarillo,TX,2023-11-29
CUST_01025,Bruce Yates,bruce.yates@icloud.com,5858343433,Overland Park,KS,2025-05-18
CUST_01026,Lindsey Smith,lindsey.smith@hotmail.com,632.523.2587x435,Dewey,IL,2026-07-10
CUST_01027,Joshua Jacobs,joshua.jacobs@yahoo.com,550-286-0997,Rockport,IN,2023-12-14
CUST_01028,Danielle Taylor,danielle.taylor@icloud.com,(832)267-1752,Veguita,NM,2023-09-27
CUST_01029,Austin Morgan,austin.morgan@outlook.com,773-317-5227,Goddard,KS,2023-12-21
CUST_01030,James Potter,james.potter@gmail.com,(732)705-3841x45982,Given,WV,2025-02-08
CUST_01031,Donald Salinas,donald.salinas@gmail.com,(223)514-0450x275,Richgrove,CA,2025-06-18
CUST_01032,Dana Johnson,dana.johnson@aol.com,(636)567-6618x406,Lafayette,LA,2026-06-17
CUST_01033,Raymond Dalton,raymond.dalton@outlook.com,(337)880-5865x48325,Milton,WA,2026-08-30
CUST_01034,Lindsey Campbell,lindsey.campbell@hotmail.com,001-403-328-9625x5027,El Paso,TX,2025-07-23
CUST_01035,Melissa Johnson,melissa.johnson@hotmail.com,+1-633-716-7090x99361,Polaris,MT,2024-09-10
CUST_01036,Stacy Brown,stacy.brown@hotmail.com,(434)649-8905x1836,Readyville,TN,2026-06-11
CUST_01037,Gerald Hughes,gerald.hughes@hotmail.com,978-529-2801,Franklin,AR,2025-07-03
CUST_01038,Walter Torres,walter.torres@yahoo.com,410-355-4779x4016,Anchorage,AK,2024-02-14
CUST_01039,Anthony Campbell,anthony.campbell@gmail.com,889-548-4749x2275,North Hatfield,MA,2026-01-16
CUST_01040,Melissa Bailey,melissa.bailey@aol.com,(779)669-8038x8727,Beaufort,SC,2026-03-19
CUST_01041,James Glass,james.glass@yahoo.com,(335)968-8584,Tekamah,NE,2025-03-29
CUST_01042,Emily Perez,emily.perez@yahoo.com,236.441.9408,Standard,IL,2024-10-14
CUST_01043,Victoria Rogers,victoria.rogers@aol.com,+1-392-809-1887,Brownsboro,TX,2025-09-28
CUST_01044,Jason Hansen,jason.hansen@outlook.com,(287)972-1715x605,Henderson Harbor,NY,2023-09-04
CUST_01045,Peter Page,peter.page@outlook.com,+1-945-906-0015x7568,Mc Donald,OH,2024-01-16
CUST_01046,Ashley Brown,ashley.brown@outlook.com,(597)797-7695x43863,Calcium,NY,2023-09-30
CUST_01047,Angela Sparks,angela.sparks@aol.com,650-492-3700,Rochester,TX,2024-08-13
CUST_01048,Derrick Roman,derrick.roman@outlook.com,+1-581-373-7791x448,Walkersville,MD,2026-08-03
CUST_01049,Heather Howard,heather.howard@yahoo.com,268.653.8949x7098,Austin,TX,2026-08-02
CUST_01050,Nicole Oneal,nicole.oneal@hotmail.com,+1-534-773-1071x00567,Forney,TX,2024-10-14
CUST_01051,Natasha Bates,natasha.bates@outlook.com,3997037537,San Dimas,CA,2026-06-30
CUST_01052,Heather Johnson,heather.johnson@gmail.com,5557916891,Waterloo,WI,2024-02-09
CUST_01053,Sandra Wagner,sandra.wagner@icloud.com,(256)364-0052x3715,Lexington,KY,2024-07-30
CUST_01054,Jason Hancock,jason.hancock@aol.com,722.239.3505x34837,Woodbury,VT,2025-11-21
CUST_01055,Steven Chaney,steven.chaney@gmail.com,+1-518-925-2669x5099,Grant,IA,2024-07-27
CUST_01056,Cindy Bell,cindy.bell@hotmail.com,+1-818-812-5470x87695,Blue Gap,AZ,2024-12-08
CUST_01057,Joel Dean,joel.dean@aol.com,764-232-3880x324,Gibbonsville,ID,2025-01-25
CUST_01058,Andrea Morrison,andrea.morrison@gmail.com,001-903-705-2804x113,Carthage,IN,2026-05-10
CUST_01059,Mackenzie Jennings,mackenzie.jennings@hotmail.com,409-701-4109,Saint Francis,KY,2024-11-25
CUST_01060,Martin Bradford,martin.bradford@icloud.com,(704)333-1358,Sterling,MI,2026-07-23
CUST_01061,Kaitlin Thomas,kaitlin.thomas@hotmail.com,392-755-2811x72601,Colorado Springs,CO,2025-02-14
CUST_01062,Joshua Morris,joshua.morris@icloud.com,001-533-312-1843x9929,Miami,FL,2024-09-16
CUST_01063,Christopher Rodriguez,christopher.rodriguez@outlook.com,(627)438-3657x617,Fresno,CA,2026-02-01
CUST_01064,Michael Trujillo,michael.trujillo@outlook.com,(489)294-1035x90039,Attica,IN,2026-01-21
CUST_01065,Caroline Costa,caroline.costa@yahoo.com,(812)218-9457x19654,Camden,AL,2025-11-24
CUST_01066,Gina Vincent,gina.vincent@aol.com,(296)848-8459,Craig,CO,2025-08-15
CUST_01067,Phillip Smith,phillip.smith@gmail.com,257.390.8700,Reubens,ID,2026-02-19
CUST_01068,Troy Mcfarland,troy.mcfarland@icloud.com,384.649.1029x05316,Dpo,AE,2024-02-03
CUST_01069,Richard Beck,richard.beck@aol.com,744-389-9633x1237,Littleton,CO,2026-05-29
CUST_01070,Kristina Hunt,kristina.hunt@yahoo.com,(452)357-8558x69435,Gillett,TX,2025-11-10
CUST_01071,Scott Lamb,scott.lamb@yahoo.com,001-638-902-2852x952,Bowling Green,VA,2026-03-29
CUST_01072,Timothy Velazquez,timothy.velazquez@outlook.com,001-784-266-0549x9505,Lachine,MI,2025-06-21
CUST_01073,Jennifer Oconnor,jennifer.oconnor@gmail.com,7493015379,Palm Coast,FL,2025-12-23
CUST_01074,Matthew Mills,matthew.mills@aol.com,001-401-701-9406x379,Wildsville,LA,2024-06-08
CUST_01075,Jose Munoz,jose.munoz@outlook.com,371.374.9874x1546,Apo,AE,2025-07-11
CUST_01076,Michael Murray,michael.murray@hotmail.com,+1-712-246-4802x1591,Seal Rock,OR,2023-12-25
CUST_01077,Janice Romero,janice.romero@hotmail.com,2828381963,Webster,MA,2024-12-20
CUST_01078,Donna Garcia,donna.garcia@icloud.com,+1-332-619-7352x245,Sophia,WV,2024-05-19
CUST_01079,Michelle Nash,michelle.nash@gmail.com,313-976-9179x754,Edmond,OK,2025-06-02
CUST_01080,Corey Scott,corey.scott@icloud.com,(381)830-2545x0305,Bloomfield,MT,2025-09-18
CUST_01081,Louis Wood,louis.wood@aol.com,470-827-7457,Saint Paul,MN,2025-10-25
CUST_01082,Amanda Gomez,amanda.gomez@gmail.com,853.593.0170x4451,Shady Spring,WV,2024-08-07
CUST_01083,James Hardy,james.hardy@outlook.com,+1-774-328-0242x950,New Port Richey,FL,2024-08-21
CUST_01084,Audrey Gilbert,audrey.gilbert@outlook.com,206-903-7467x262,Windsor Mill,MD,2023-11-09
CUST_01085,Bruce Barajas,bruce.barajas@aol.com,414-296-7111x1473,Bluffs,IL,2025-02-03
CUST_01086,Kimberly Marks,kimberly.marks@outlook.com,001-928-652-6323x457,Columbus,KY,2024-11-27
CUST_01087,Jonathan Conway,jonathan.conway@aol.com,+1-842-937-4455,St John,KS,2023-12-22
CUST_01088,Tina Cook,tina.cook@yahoo.com,+1-958-997-3137,Milton,WI,2024-06-01
CUST_01089,Kyle Adkins,kyle.adkins@aol.com,(620)954-8822,Hackensack,NJ,2026-07-24
CUST_01090,Rebecca Ramirez,rebecca.ramirez@icloud.com,001-312-479-5669x0387,Pierron,IL,2026-04-20
CUST_01091,Brian Donaldson,brian.donaldson@gmail.com,451-518-6767,Electra,TX,2026-01-16
CUST_01092,Shaun Johnston,shaun.johnston@yahoo.com,+1-694-796-1929x227,Las Vegas,NV,2025-08-08
CUST_01093,Michael Collins,michael.collins@outlook.com,(627)649-6344,Swiss,WV,2024-05-05
CUST_01094,Stephanie Moore,stephanie.moore@outlook.com,+1-927-709-0818x85978,Burlison,TN,2025-11-28
CUST_01095,Makayla Craig,makayla.craig@outlook.com,001-457-798-8302,Atwood,KS,2024-05-23
CUST_01096,Sarah Sullivan,sarah.sullivan@yahoo.com,(602)721-7869,Silvana,WA,2024-07-31
CUST_01097,Daisy Sanchez,daisy.sanchez@icloud.com,(817)863-3127,Seaford,NY,2024-12-28
CUST_01098,Kathryn Patterson,kathryn.patterson@hotmail.com,527-529-3205x5669,Pulaski,MS,2024-02-11
CUST_01099,Nathan Phillips,nathan.phillips@yahoo.com,001-295-791-0179x48665,Port Norris,NJ,2025-05-25
CUST_01100,Jennifer Moran,jennifer.moran@aol.com,(440)934-0368x531,Catasauqua,PA,2024-07-12
CUST_01101,Andrea Nguyen,andrea.nguyen@icloud.com,+1-772-528-2512,Lockbourne,OH,2024-08-21
CUST_01102,Timothy Blair,timothy.blair@yahoo.com,974.610.2978x85710,El Paso,TX,2024-10-21
CUST_01103,Kyle Fernandez,kyle.fernandez@yahoo.com,6042198131,Rocky River,OH,2024-01-05
CUST_01104,Miguel Ford,miguel.ford@outlook.com,268.897.8141,El Paso,TX,2024-02-26
CUST_01105,Thomas Mclaughlin,thomas.mclaughlin@hotmail.com,001-505-950-4579,Chinese Camp,CA,2023-10-07
CUST_01106,Jose Edwards,jose.edwards@gmail.com,924.518.7523,Natalia,TX,2024-07-26
CUST_01107,Shawn Valencia,shawn.valencia@outlook.com,482.555.9813,San Luis Obispo,CA,2024-07-23
CUST_01108,Rebecca Taylor,rebecca.taylor@hotmail.com,+1-217-381-3183x28220,Buda,TX,2024-04-10
CUST_01109,Justin Phillips,justin.phillips@gmail.com,205-760-7667,Mounds,IL,2024-08-02
CUST_01110,Tabitha Lara,tabitha.lara@aol.com,001-527-996-7506x925,Chelsea,OK,2025-03-21
CUST_01111,Claudia Spence,claudia.spence@gmail.com,001-261-925-6160x3582,Arrow Rock,MO,2026-04-09
CUST_01112,Steve Gregory,steve.gregory@gmail.com,573.914.8825x834,Gilbert,MN,2023-09-27
CUST_01113,Mark Potter,mark.potter@hotmail.com,(209)542-8943x644,Cammal,PA,2024-05-26
CUST_01114,Steven Rodriguez,steven.rodriguez@yahoo.com,+1-423-742-1970x57390,Sedona,AZ,2025-07-07
CUST_01115,Brian Martinez,brian.martinez@gmail.com,246.785.1399,Greenfield,IA,2026-03-27
CUST_01116,Tammy Wright,tammy.wright@icloud.com,(928)251-9827,Berne,NY,2026-07-07
CUST_01117,Danielle Smith,danielle.smith@hotmail.com,001-478-682-4918x07070,Big Lake,AK,2024-02-25
CUST_01118,Tiffany Russell,tiffany.russell@hotmail.com,001-660-297-7699x32058,Florissant,MO,2026-01-12
CUST_01119,Brandon Underwood,brandon.underwood@aol.com,(630)250-7063,Chaumont,NY,2025-07-29
CUST_01120,Deborah Cook,deborah.cook@gmail.com,784.424.4947x57764,Narvon,PA,2023-12-06
CUST_01121,Jessica Anderson,jessica.anderson@aol.com,+1-230-611-9083,Lebanon,WI,2024-10-21
CUST_01122,David Cole,david.cole@icloud.com,955-693-4924,Suamico,WI,2023-10-03
CUST_01123,Michael Cox,michael.cox@icloud.com,893-544-6149x4289,Denver,IN,2026-01-15
CUST_01124,Richard Knight,richard.knight@outlook.com,870.594.0303x1193,Ajo,AZ,2026-07-03
CUST_01125,Jeremy Sanders,jeremy.sanders@aol.com,(757)690-0975x328,Rustburg,VA,2023-12-15
CUST_01126,Richard Velazquez,richard.velazquez@icloud.com,+1-854-379-5204x7954,Linn,TX,2024-06-21
CUST_01127,Matthew Clay,matthew.clay@hotmail.com,367.988.2660x86773,Bruington,VA,2023-12-26
CUST_01128,David Bowen,david.bowen@icloud.com,388.756.7168x44947,Cathay,ND,2025-03-15
CUST_01129,Gabriela Jimenez,gabriela.jimenez@yahoo.com,900-673-4124x292,Humble,TX,2023-11-27
CUST_01130,David Dawson,david.dawson@icloud.com,636-658-6069x081,Philomath,OR,2023-10-08
CUST_01131,John Hill,john.hill@hotmail.com,001-369-342-3820x7916,Hendersonville,NC,2023-10-16
CUST_01132,Carolyn Gross,carolyn.gross@aol.com,774.700.9713x483,Overton,TX,2024-10-07
CUST_01133,Jason Henry,jason.henry@yahoo.com,(902)963-7219x11414,Glendora,CA,2024-02-21
CUST_01134,Becky Dennis,becky.dennis@gmail.com,966-449-8513,Disney,OK,2023-10-20
CUST_01135,James Acevedo,james.acevedo@outlook.com,001-612-860-2127,West Valley City,UT,2026-07-23
CUST_01136,Maria Wells,maria.wells@yahoo.com,(484)535-8494,Fond Du Lac,WI,2023-11-30
CUST_01137,Joshua Lucero,joshua.lucero@gmail.com,+1-236-935-1293x013,Newark,DE,2026-03-21
CUST_01138,Sarah French,sarah.french@hotmail.com,865.382.2362x854,Mountain View,CA,2025-09-02
CUST_01139,Richard King,richard.king@hotmail.com,826-427-3284,Brooklyn,NY,2024-05-17
CUST_01140,Paul Cherry,paul.cherry@hotmail.com,+1-823-507-5808x849,Lazbuddie,TX,2025-12-12
CUST_01141,Christopher Smith,christopher.smith@outlook.com,+1-565-428-1377x689,Clarksville,NY,2026-05-27
CUST_01142,Lauren Singh,lauren.singh@yahoo.com,001-451-913-0790,Bronx,NY,2025-11-25
CUST_01143,Henry Castro,henry.castro@aol.com,001-987-379-2725x4829,Scott,AR,2026-04-22
CUST_01144,Jeffery Howard,jeffery.howard@outlook.com,(678)712-8718,Havana,IL,2025-06-13
CUST_01145,Henry Herrera,henry.herrera@hotmail.com,+1-786-224-8871x96388,Kinsley,KS,2025-06-17
CUST_01146,Heather Turner,heather.turner@aol.com,2148242638,Calico Rock,AR,2023-12-15
CUST_01147,Adam James,adam.james@outlook.com,600-607-1705,Bayport,NY,2025-09-08
CUST_01148,Trevor Reed,trevor.reed@icloud.com,+1-246-223-7537x67894,Fresno,CA,2025-12-22
CUST_01149,Kelly Knight,kelly.knight@outlook.com,718-629-0415x921,San Elizario,TX,2026-04-12
CUST_01150,Vickie Berry,vickie.berry@yahoo.com,7129809215,Pine Level,AL,2026-04-08
CUST_01151,Michael Smith,michael.smith@yahoo.com,630-942-5813x9456,Springfield Gardens,NY,2025-07-04
CUST_01152,Grace Mcgrath,grace.mcgrath@outlook.com,693.563.4380x15915,East Templeton,MA,2024-02-29
CUST_01153,Jay Scott,jay.scott@yahoo.com,+1-362-733-2380x24807,Milo,MO,2025-09-25
CUST_01154,Anthony Webb,anthony.webb@outlook.com,376-360-4179x811,Keyport,NJ,2024-09-30
CUST_01155,Daniel Johnson,daniel.johnson@aol.com,+1-652-958-0587x9358,Mechanicsville,IA,2024-12-07
CUST_01156,Christopher Brown,christopher.brown@yahoo.com,638.510.5547x8100,Trenton,FL,2025-12-25
CUST_01157,Ronald Morris,ronald.morris@aol.com,+1-883-452-9208,Medford,MA,2023-09-19
CUST_01158,Jeffrey Silva,jeffrey.silva@aol.com,692.277.5143,Waterville,NY,2023-10-04
CUST_01159,Brooke Mitchell,brooke.mitchell@gmail.com,(643)396-9575x972,Orleans,VT,2026-06-19
CUST_01160,Monica Arnold,monica.arnold@hotmail.com,5644011465,Chattanooga,TN,2025-01-07
CUST_01161,Amanda Miller,amanda.miller@hotmail.com,001-858-693-2764x29983,Portland,OR,2024-12-04
CUST_01162,Kristina Williams,kristina.williams@yahoo.com,687-578-2657x78112,Wildie,KY,2024-03-31
CUST_01163,Dawn Walker,dawn.walker@gmail.com,560-256-2614,Bullard,TX,2026-06-05
CUST_01164,Crystal Elliott,crystal.elliott@icloud.com,7496374148,Maryville,TN,2026-05-21
CUST_01165,Crystal Wilson,crystal.wilson@hotmail.com,7646486944,Gallion,AL,2025-03-18
CUST_01166,Vincent Bates,vincent.bates@outlook.com,259-959-1518,Laconia,NH,2026-05-10
CUST_01167,Kelli Franklin,kelli.franklin@yahoo.com,575-203-6459x7233,Terrace Park,OH,2024-04-06
CUST_01168,David Jones,david.jones@aol.com,810-825-0691x1669,Wichita Falls,TX,2025-06-07
CUST_01169,Cheryl Koch,cheryl.koch@hotmail.com,(366)479-3165x075,Dadeville,AL,2026-05-23
CUST_01170,Jennifer May,jennifer.may@gmail.com,496.453.5880x438,Grayling,AK,2025-08-04
CUST_01171,Stacey Myers,stacey.myers@icloud.com,(617)672-5036x101,Shinnston,WV,2026-04-27
CUST_01172,Victoria Anthony,victoria.anthony@gmail.com,+1-593-485-6023x327,Ophelia,VA,2026-07-09
CUST_01173,Lynn Bowen,lynn.bowen@outlook.com,202-672-5833x999,Channelview,TX,2026-05-24
CUST_01174,Ryan Webb,ryan.webb@yahoo.com,(872)561-9115x0405,Carson City,NV,2024-04-19
CUST_01175,Brandon White,brandon.white@icloud.com,+1-905-291-4804,Ravenna,OH,2024-11-22
CUST_01176,Tonya Black,tonya.black@aol.com,+1-931-656-7525,Holbrook,MA,2024-01-24
CUST_01177,Michelle Mitchell,michelle.mitchell@outlook.com,244-313-8117,Christiansted,VI,2024-09-09
CUST_01178,Paula Sims,paula.sims@yahoo.com,824.594.7924x26022,Walled Lake,MI,2025-12-11
CUST_01179,Nicole Smith,nicole.smith@icloud.com,001-949-436-6796x74494,Washington,DC,2025-05-09
CUST_01180,Tina Espinoza,tina.espinoza@gmail.com,312-584-6709,Garden City,NY,2026-07-07
CUST_01181,Brenda Ward,brenda.ward@aol.com,001-614-523-0254,Shirleysburg,PA,2023-10-13
CUST_01182,Ashley Delgado,ashley.delgado@gmail.com,(939)283-6977,Colorado Springs,CO,2024-09-19
CUST_01183,William Hutchinson,william.hutchinson@outlook.com,5992663279,West Falmouth,MA,2024-05-09
CUST_01184,Daniel Allen,daniel.allen@hotmail.com,569.710.9340x1247,Cushing,MN,2025-04-15
CUST_01185,Karen Wade,karen.wade@aol.com,+1-653-223-5192x03789,Silver Spring,MD,2024-01-31
CUST_01186,Jillian Mitchell,jillian.mitchell@icloud.com,257-609-8603,Sidney,IA,2024-12-07
CUST_01187,Collin Love,collin.love@hotmail.com,991-407-4993x9133,Ottosen,IA,2024-06-20
CUST_01188,Jesus Jones,jesus.jones@icloud.com,+1-623-782-3426x051,Chestertown,MD,2026-03-07
CUST_01189,Elizabeth Khan,elizabeth.khan@aol.com,260-253-0117x94302,Oakdale,NE,2024-07-31
CUST_01190,Samuel Tran,samuel.tran@aol.com,+1-958-477-6579x3508,Hill City,ID,2025-02-07
CUST_01191,Kelly Swanson,kelly.swanson@gmail.com,3567904901,Kattskill Bay,NY,2023-12-14
CUST_01192,Levi Bell,levi.bell@outlook.com,+1-770-825-7812x828,Milldale,CT,2026-02-20
CUST_01193,Paula Reed,paula.reed@gmail.com,277-475-4208x82061,Philadelphia,MS,2024-10-08
CUST_01194,Michael Martinez,michael.martinez@aol.com,+1-985-259-4222,Black Mountain,NC,2025-06-21
CUST_01195,Maurice Blackwell,maurice.blackwell@outlook.com,5736517406,Broomfield,CO,2023-10-06
CUST_01196,Sara Poole,sara.poole@yahoo.com,820.366.3211x6746,Kapolei,HI,2023-11-28
CUST_01197,John Turner,john.turner@yahoo.com,203-948-4133x81160,Moorhead,MS,2025-06-08
CUST_01198,Benjamin Newman,benjamin.newman@gmail.com,(960)318-8862x599,Peru,IN,2024-10-01
CUST_01199,Tyrone Shaw,tyrone.shaw@yahoo.com,001-831-959-5770x567,Glendale,UT,2024-08-10
CUST_01200,Tina Williams,tina.williams@aol.com,880.829.4200,Moravia,IA,2024-06-14
CUST_01201,Sarah Wallace,sarah.wallace@outlook.com,871-920-3909x11682,Grant Town,WV,2025-03-15
CUST_01202,Elizabeth Carter,elizabeth.carter@icloud.com,(419)449-9503,Hot Springs,NC,2026-04-29
CUST_01203,Brian Santana,brian.santana@hotmail.com,303.257.9149,El Paso,TX,2026-06-02
CUST_01204,Michael Aguirre,michael.aguirre@hotmail.com,+1-323-822-0477x4728,Apo,AE,2025-06-16
CUST_01205,Pamela Perry,pamela.perry@gmail.com,718.329.9117x5067,Frenchville,PA,2025-11-08
CUST_01206,Charles Todd,charles.todd@aol.com,618-512-9350,Waikoloa,HI,2025-08-31
CUST_01207,Jonathon Wilson,jonathon.wilson@aol.com,001-434-944-2392x934,Georgetown,SC,2026-07-22
CUST_01208,Zachary Sandoval,zachary.sandoval@yahoo.com,(818)671-7991x4281,Miami,FL,2024-05-10
CUST_01209,Scott Thomas,scott.thomas@hotmail.com,929.869.5420x45474,Hampton Falls,NH,2024-02-08
CUST_01210,Joshua Cook,joshua.cook@hotmail.com,868-551-9772,Yeso,NM,2026-05-19
CUST_01211,Robert Anderson,robert.anderson@hotmail.com,+1-586-797-6660x759,De Soto,IA,2025-04-10
CUST_01212,Judith Calderon,judith.calderon@aol.com,+1-844-233-2214x70581,Gove,KS,2024-07-16
CUST_01213,Maureen Leblanc,maureen.leblanc@yahoo.com,001-843-849-9576x885,Thornton,WA,2025-11-12
CUST_01214,Kathleen Black,kathleen.black@yahoo.com,001-883-351-7379x71585,Clay Center,NE,2025-09-09
CUST_01215,Christopher Vazquez,christopher.vazquez@outlook.com,257.417.3323,Brookhaven,MS,2025-12-07
CUST_01216,Joshua Henderson,joshua.henderson@gmail.com,753-413-2790x3367,Morrisonville,NY,2023-11-24
CUST_01217,Austin Powell,austin.powell@yahoo.com,7034919005,Minonk,IL,2025-07-22
CUST_01218,Dana Bailey,dana.bailey@gmail.com,(647)383-3785x02372,Amarillo,TX,2025-06-28
CUST_01219,Daniel Henderson,daniel.henderson@yahoo.com,001-910-361-6394,Peoria,IL,2023-09-06
CUST_01220,Melissa Walters,melissa.walters@outlook.com,(766)775-5627,West Minot,ME,2023-09-21
CUST_01221,Claudia Kline,claudia.kline@hotmail.com,(435)490-7834x839,Valley Center,KS,2025-10-26
CUST_01222,Douglas Arias,douglas.arias@icloud.com,(397)836-1618,Valdosta,GA,2026-07-06
CUST_01223,Aaron Edwards,aaron.edwards@yahoo.com,249-614-3832,Flat Rock,OH,2026-08-28
CUST_01224,Alexis Mathews,alexis.mathews@hotmail.com,+1-505-939-8250,Seattle,WA,2025-12-10
CUST_01225,Larry Lee,larry.lee@aol.com,381-918-9372x9913,Mayaguez,PR,2024-08-21
CUST_01226,Amy Beard,amy.beard@icloud.com,213-559-7248x25585,Downsville,NY,2024-11-20
CUST_01227,Michael Simmons,michael.simmons@yahoo.com,+1-897-552-7502,Monterey,IN,2024-04-23
CUST_01228,Matthew Barry,matthew.barry@hotmail.com,+1-480-512-4934x3275,Fpo,AE,2025-12-28
CUST_01229,Eric Finley,eric.finley@outlook.com,(532)537-8644,Lyons,CO,2025-11-02
CUST_01230,Tammy Grant,tammy.grant@aol.com,816-799-4074x5567,Yonkers,NY,2026-02-22
CUST_01231,Christian Patel,christian.patel@hotmail.com,567.621.3814,Omaha,NE,2026-05-04
CUST_01232,Carol Preston,carol.preston@gmail.com,001-801-845-6527x57186,Merrimack,NH,2026-06-25
CUST_01233,Richard Jenkins,richard.jenkins@gmail.com,349.942.8360x1878,Pinckneyville,IL,2025-02-12
CUST_01234,Douglas Wilson,douglas.wilson@yahoo.com,845.660.3787x366,Benton,LA,2024-05-20
CUST_01235,Colin Baxter,colin.baxter@icloud.com,453-215-8489x7380,Winger,MN,2026-02-19
CUST_01236,Melissa Peterson,melissa.peterson@hotmail.com,+1-658-993-0881x9410,Sopchoppy,FL,2024-11-03
CUST_01237,Justin Ward,justin.ward@yahoo.com,806-914-8936x232,Carson City,NV,2025-02-03
CUST_01238,Kathy Webster,kathy.webster@yahoo.com,959-793-3564,Washington,DC,2023-10-05
CUST_01239,Brendan Fischer,brendan.fischer@outlook.com,001-616-454-0971x667,Hailesboro,NY,2026-03-10
CUST_01240,Joseph Mejia,joseph.mejia@hotmail.com,(570)849-0045,Cache Junction,UT,2025-01-22
CUST_01241,Brooke Thompson,brooke.thompson@hotmail.com,9146674939,Presque Isle,ME,2024-03-08
CUST_01242,James Davis,james.davis@hotmail.com,891.323.4768x4240,Crystal Hill,VA,2025-05-09
CUST_01243,Carla Brown,carla.brown@gmail.com,+1-837-354-8689x220,Houston,TX,2025-01-05
CUST_01244,Kevin Newman,kevin.newman@gmail.com,(293)535-6247,Odessa,TX,2025-02-03
CUST_01245,Betty Marsh,betty.marsh@aol.com,798.823.0010x1038,Washington,DC,2025-11-28
CUST_01246,Jessica Fitzpatrick,jessica.fitzpatrick@aol.com,7322036700,La Madera,NM,2023-12-09
CUST_01247,Richard Rich,richard.rich@gmail.com,330.490.2825,Hialeah,FL,2023-10-28
CUST_01248,Omar Mcdonald,omar.mcdonald@outlook.com,5014172588,Carver,MA,2026-05-12
CUST_01249,Sarah Smith,sarah.smith@outlook.com,+1-521-513-6698x2886,Minneapolis,MN,2025-02-19
CUST_01250,Ryan Jones,ryan.jones@icloud.com,498-820-4354,Groton,CT,2025-06-21
CUST_01251,John Walker,john.walker@outlook.com,001-260-491-1701x00508,Saint Charles,MO,2026-04-18
CUST_01252,Timothy Sandoval,timothy.sandoval@aol.com,(657)386-5919,Cumberland Gap,TN,2024-01-14
CUST_01253,Justin Newman,justin.newman@aol.com,001-286-476-0498,Bodega,CA,2024-05-28
CUST_01254,Jonathan Miller,jonathan.miller@outlook.com,958.828.4882,Richmond,VA,2025-11-05
CUST_01255,Matthew Padilla,matthew.padilla@hotmail.com,945.434.5462,Ratcliff,AR,2026-01-25
CUST_01256,Paul Flowers,paul.flowers@outlook.com,(913)923-9966x7907,East Worcester,NY,2023-10-08
CUST_01257,Michael Bond,michael.bond@outlook.com,(829)747-4236x0069,Panama City,FL,2024-02-29
CUST_01258,Stephanie Martin,stephanie.martin@outlook.com,+1-636-495-5283x30515,Somerset,MI,2026-03-22
CUST_01259,Kristi Jackson,kristi.jackson@icloud.com,001-869-544-1538x533,Tulsa,OK,2025-03-21
CUST_01260,Angie Wood,angie.wood@outlook.com,2519969763,Cutler,OH,2024-03-30
CUST_01261,Caitlyn Juarez,caitlyn.juarez@aol.com,001-919-598-8276x5667,Antimony,UT,2026-03-24
CUST_01262,Kimberly David,kimberly.david@hotmail.com,970.338.3439x4562,Daviston,AL,2024-05-06
CUST_01263,Amber Brown,amber.brown@aol.com,411-874-8330,Yukon,PA,2025-04-11
CUST_01264,Heather Brown,heather.brown@yahoo.com,+1-980-245-5461x16517,Norfolk,NY,2023-10-30
CUST_01265,Stephanie Moore,stephanie.moore@aol.com,247.459.7552x58343,Florahome,FL,2023-10-31
CUST_01266,Amy Estrada,amy.estrada@icloud.com,001-487-334-2210,Pearisburg,VA,2025-10-26
CUST_01267,Jillian Stephens,jillian.stephens@hotmail.com,(523)658-5291x288,Marydel,DE,2024-01-14
CUST_01268,Lori Thomas,lori.thomas@gmail.com,001-779-534-2637x7983,Montrose,NY,2026-04-16
CUST_01269,Karen Hammond,karen.hammond@icloud.com,8476302937,New York,NY,2026-04-03
CUST_01270,Angela Baker,angela.baker@gmail.com,+1-865-683-8348x453,Whiteriver,AZ,2026-04-16
CUST_01271,Kevin Foley,kevin.foley@hotmail.com,900.623.1578,Indianapolis,IN,2025-07-25
CUST_01272,Lori Morgan,lori.morgan@hotmail.com,(744)925-7669x56782,Jackhorn,KY,2024-10-18
CUST_01273,Lindsey Walls,lindsey.walls@aol.com,980.571.8141x6560,Itmann,WV,2026-04-30
CUST_01274,Michelle Hawkins,michelle.hawkins@aol.com,001-795-303-4188x7494,Massena,IA,2026-07-24
CUST_01275,Christina Cook,christina.cook@icloud.com,001-989-326-6787,Poynette,WI,2026-01-30
CUST_01276,Megan Williams,megan.williams@outlook.com,569.764.1227x9499,Albany,GA,2026-03-26
CUST_01277,John Stevens,john.stevens@outlook.com,378-336-6026,Croswell,MI,2025-11-24
CUST_01278,Jennifer Walker,jennifer.walker@yahoo.com,308-826-5730,New Bloomfield,MO,2025-11-28
CUST_01279,Lori Riley,lori.riley@aol.com,426-390-2367x48641,Markham,IL,2026-05-27
CUST_01280,Louis Andrews,louis.andrews@hotmail.com,399-234-9499x714,Beachwood,NJ,2024-08-08
CUST_01281,Johnny Davis,johnny.davis@aol.com,898-514-8971x14000,Irondale,OH,2024-06-19
CUST_01282,Tyler Nichols,tyler.nichols@icloud.com,408.780.7147x09112,Rake,IA,2023-10-26
CUST_01283,Joseph Walker,joseph.walker@hotmail.com,717.347.1934x17797,Dpo,AE,2025-04-02
CUST_01284,Valerie Richards,valerie.richards@icloud.com,(831)476-5865,Heyburn,ID,2025-10-22
CUST_01285,Melissa Brown,melissa.brown@gmail.com,(472)843-8093,Coral Springs,FL,2024-10-23
CUST_01286,Mark Moreno,mark.moreno@gmail.com,215.617.4435,Apo,AE,2025-02-09
CUST_01287,Matthew Medina,matthew.medina@outlook.com,265-870-2288,Tulsa,OK,2024-03-16
CUST_01288,Mark Hall,mark.hall@yahoo.com,+1-793-825-7971x571,Mc Graws,WV,2023-12-16
CUST_01289,William Stafford,william.stafford@yahoo.com,(301)393-8704,Aiken,SC,2024-03-01
CUST_01290,Kaylee Nelson,kaylee.nelson@aol.com,+1-370-917-7008x6249,Lithopolis,OH,2024-09-12
CUST_01291,James Camacho,james.camacho@icloud.com,384-741-8428x79202,Philadelphia,PA,2025-07-21
CUST_01292,Chelsey Patel,chelsey.patel@outlook.com,253-668-0438x59378,Sun City,AZ,2026-03-13
CUST_01293,Kimberly Werner,kimberly.werner@aol.com,760-477-3978,Interlachen,FL,2026-06-29
CUST_01294,Julie Savage,julie.savage@outlook.com,351.484.5935x46576,Shungnak,AK,2026-01-05
CUST_01295,Lucas Berry,lucas.berry@hotmail.com,001-702-401-2537,Westland,PA,2025-04-08
CUST_01296,Jacob Green,jacob.green@icloud.com,632-476-7944,Riverside,CA,2023-10-08
CUST_01297,Taylor Hood,taylor.hood@icloud.com,(798)862-4637,Mayaguez,PR,2025-02-24
CUST_01298,Steven Davis,steven.davis@icloud.com,835-585-6095x67030,Middlebourne,WV,2024-06-08
CUST_01299,Crystal Kim,crystal.kim@gmail.com,398-504-4699x35610,Hopkinton,IA,2024-05-17
CUST_01300,Natalie Harris,natalie.harris@hotmail.com,238-957-2024,Brethren,MI,2026-04-28
CUST_01301,Garrett Estrada,garrett.estrada@outlook.com,7519018010,Albion,IN,2024-10-22
CUST_01302,Melissa Williams,melissa.williams@aol.com,428.512.0598,Girvin,TX,2026-03-03
CUST_01303,Christopher Carter,christopher.carter@hotmail.com,(291)935-6663,Brock,NE,2024-05-21
CUST_01304,Todd Taylor,todd.taylor@yahoo.com,690-457-7098x208,New Bremen,OH,2026-08-20
CUST_01305,Caleb Ryan,caleb.ryan@yahoo.com,+1-714-927-3000x107,Levittown,NY,2026-05-31
CUST_01306,George Cordova,george.cordova@outlook.com,4805233143,Prattville,AL,2024-03-30
CUST_01307,Kevin Harper,kevin.harper@hotmail.com,001-653-529-9024x3252,Houston,TX,2025-03-15
CUST_01308,Albert Cooke,albert.cooke@outlook.com,001-340-651-9052,Perrysville,IN,2025-12-22
CUST_01309,Mary Willis,mary.willis@outlook.com,569-502-0845,Prospect Heights,IL,2025-04-26
CUST_01310,Jeremy Moreno,jeremy.moreno@icloud.com,001-585-356-7676,Royal Oak,MI,2024-07-18
CUST_01311,Stephanie Evans,stephanie.evans@yahoo.com,(605)664-9082,Grand Rapids,MI,2024-07-05
CUST_01312,Charles Turner,charles.turner@aol.com,4567028629,Lehigh Valley,PA,2026-07-12
CUST_01313,Jason Ward,jason.ward@outlook.com,6837014835,Hawkins,TX,2025-11-05
CUST_01314,Nathan Martinez,nathan.martinez@aol.com,(560)744-5822x4281,Malaga,WA,2025-01-10
CUST_01315,Anthony Miller,anthony.miller@icloud.com,783.313.4013,Lincoln,NE,2026-06-14
CUST_01316,Todd Leach,todd.leach@yahoo.com,+1-884-205-1685x945,Oklahoma City,OK,2024-09-08
CUST_01317,Javier Adams,javier.adams@yahoo.com,(971)328-6571x49115,Crockett,VA,2024-01-15
CUST_01318,Jennifer Martin,jennifer.martin@outlook.com,492.493.0973x66115,Miami,FL,2026-06-16
CUST_01319,Jill Carlson,jill.carlson@hotmail.com,(566)772-2435x217,Paluxy,TX,2025-07-29
CUST_01320,Diana Robinson,diana.robinson@hotmail.com,733-873-9682x41363,Rochester,NY,2025-12-26
CUST_01321,Drew Parker,drew.parker@icloud.com,323.808.3127x88250,Coila,MS,2024-05-05
CUST_01322,Scott Wright,scott.wright@yahoo.com,+1-965-697-0626x8836,Palo Alto,CA,2024-02-23
CUST_01323,Gary Campbell,gary.campbell@outlook.com,+1-465-890-7104x950,Joseph,UT,2024-01-13
CUST_01324,Emily Moore,emily.moore@icloud.com,(885)723-0951,Shelly,MN,2024-03-21
CUST_01325,Ryan Scott,ryan.scott@icloud.com,+1-755-428-8423,Glendale,RI,2025-08-20
CUST_01326,Emily Becker,emily.becker@yahoo.com,952-426-5522,Lidderdale,IA,2025-04-04
CUST_01327,Elizabeth Strong,elizabeth.strong@outlook.com,001-382-423-6854x867,Big Spring,TX,2024-03-15
CUST_01328,Nicole Gonzales,nicole.gonzales@aol.com,+1-792-247-4485x5803,Rexburg,ID,2024-09-22
CUST_01329,Amy Cook,amy.cook@hotmail.com,001-799-624-0480x9502,Homerville,GA,2023-11-17
CUST_01330,Cindy Romero,cindy.romero@aol.com,(902)288-1374,Hazelhurst,WI,2025-04-23
CUST_01331,Jared Griffith,jared.griffith@outlook.com,442-709-0466x9060,Rochester,NY,2025-05-27
CUST_01332,James Daugherty,james.daugherty@outlook.com,+1-232-340-4490,Minneapolis,MN,2023-11-27
CUST_01333,Jaclyn Walker,jaclyn.walker@icloud.com,985.863.5796,Denver,CO,2024-12-19
CUST_01334,Jonathan Garrison,jonathan.garrison@aol.com,+1-853-426-0856x362,Turtlepoint,PA,2026-06-07
CUST_01335,Sandy Gutierrez,sandy.gutierrez@icloud.com,+1-588-464-9936x5502,South Portsmouth,KY,2025-06-19
CUST_01336,Thomas Patterson,thomas.patterson@outlook.com,691.517.5468x85409,Jacksonville,FL,2023-12-05
CUST_01337,Justin Roberts,justin.roberts@gmail.com,001-341-306-2406x811,St Thomas,VI,2026-05-01
CUST_01338,Richard Hoffman,richard.hoffman@yahoo.com,001-349-576-7694x055,Lexington,IN,2025-11-14
CUST_01339,Victor Lester,victor.lester@aol.com,(495)338-4855x6056,Colorado Springs,CO,2025-12-25
CUST_01340,Lindsay Perry,lindsay.perry@gmail.com,4947094499,New Orleans,LA,2025-02-05
CUST_01341,James Warner,james.warner@icloud.com,+1-209-585-4986x5498,Hagerman,NM,2025-03-08
CUST_01342,Eric Rodriguez,eric.rodriguez@gmail.com,556-669-4659x5913,Kennerdell,PA,2026-04-26
CUST_01343,Kristopher Gallegos,kristopher.gallegos@hotmail.com,367-824-1908,Hebron,ME,2024-04-21
CUST_01344,Devin Murphy,devin.murphy@gmail.com,001-391-423-4372x078,Gracemont,OK,2023-10-23
CUST_01345,Christine Fox,christine.fox@yahoo.com,791-871-5784,Windsor Mill,MD,2026-01-21
CUST_01346,Nicholas Mcfarland,nicholas.mcfarland@aol.com,916-347-0137x1997,Jonancy,KY,2024-06-11
CUST_01347,Scott Jennings,scott.jennings@yahoo.com,+1-855-689-4268x72447,San Antonio,TX,2025-11-27
CUST_01348,Savannah Frederick,savannah.frederick@icloud.com,001-444-586-1796x069,Rapids City,IL,2024-05-17
CUST_01349,Kara Young,kara.young@hotmail.com,2058652877,Benton Harbor,MI,2026-01-10
CUST_01350,Samuel Bond,samuel.bond@hotmail.com,670.767.2210x6978,Filley,NE,2026-04-17
CUST_01351,Robert Wilkinson,robert.wilkinson@hotmail.com,864-683-2972,Skiatook,OK,2023-11-12
CUST_01352,Charles Wilson,charles.wilson@outlook.com,6992188608,Squire,WV,2023-12-14
CUST_01353,Sara Cherry,sara.cherry@aol.com,242-795-3186,Springdale,AR,2023-10-11
CUST_01354,Andrea Novak,andrea.novak@yahoo.com,001-406-512-1919x56178,Henderson,CO,2025-08-09
CUST_01355,Timothy Ross,timothy.ross@outlook.com,3404527664,Suffern,NY,2024-10-16
CUST_01356,Gary Day,gary.day@yahoo.com,(276)714-1439x2277,Laddonia,MO,2025-03-14
CUST_01357,Erica Webb,erica.webb@outlook.com,258-505-6873,Buskirk,NY,2024-04-10
CUST_01358,Michael Hatfield,michael.hatfield@outlook.com,(320)706-3824x516,Roseboro,NC,2025-06-24
CUST_01359,William Ortiz,william.ortiz@yahoo.com,343-759-1339,Atlanta,GA,2023-09-02
CUST_01360,Samantha Contreras,samantha.contreras@gmail.com,+1-826-224-7159x184,Sugar Grove,IL,2024-04-27
CUST_01361,Laura Jordan,laura.jordan@icloud.com,001-497-674-0791x18921,Enterprise,OR,2024-02-10
CUST_01362,Ashley Rhodes,ashley.rhodes@outlook.com,955.251.1573,Lewistown,OH,2026-05-09
CUST_01363,Ralph Rosales,ralph.rosales@aol.com,552.868.6702,Mount Angel,OR,2025-02-10
CUST_01364,Cristina Bradley,cristina.bradley@icloud.com,549-454-7114,Alton,VA,2026-06-27
CUST_01365,Larry Villanueva,larry.villanueva@aol.com,(862)641-3642,Tribune,KS,2026-02-05
CUST_01366,Elizabeth Estes,elizabeth.estes@yahoo.com,001-358-784-5790x6307,Ullin,IL,2026-04-03
CUST_01367,Lee Jackson,lee.jackson@gmail.com,2624896182,Black Rock,AR,2024-06-14
CUST_01368,Alexander Hamilton,alexander.hamilton@aol.com,+1-541-582-9492,New Boston,MO,2026-06-26
CUST_01369,Richard Brown,richard.brown@gmail.com,+1-350-447-3135x430,Wishek,ND,2026-05-02
CUST_01370,Amy Brennan,amy.brennan@yahoo.com,(663)280-4301,Herron,MI,2025-07-23
CUST_01371,Julia Clark,julia.clark@hotmail.com,001-761-735-8379,Fredericksburg,VA,2024-11-01
CUST_01372,Cindy Nguyen,cindy.nguyen@hotmail.com,001-914-386-8552,Forkland,AL,2026-06-17
CUST_01373,Roger Martinez,roger.martinez@outlook.com,719.830.1450,Saint Louis,MO,2024-10-15
CUST_01374,Spencer Reyes,spencer.reyes@aol.com,+1-333-534-9570,Seattle,WA,2025-09-13
CUST_01375,Kathy Wagner,kathy.wagner@icloud.com,432-594-7090x8082,Sweet Grass,MT,2024-05-28
CUST_01376,Lauren Green,lauren.green@hotmail.com,556-585-5454,Perry,IA,2023-11-22
CUST_01377,Kim Gill,kim.gill@icloud.com,+1-629-570-1009x50722,Ashburn,MO,2023-11-14
CUST_01378,Lisa Medina,lisa.medina@yahoo.com,001-938-688-9549x8727,Seattle,WA,2024-04-04
CUST_01379,Isabella Durham,isabella.durham@yahoo.com,+1-975-792-3017x4549,Twin Falls,ID,2026-08-06
CUST_01380,Jennifer Wilson,jennifer.wilson@outlook.com,211-782-5593x023,Ireton,IA,2025-01-22
CUST_01381,Richard Mayo,richard.mayo@aol.com,305-593-4242,Faulkner,MD,2023-12-28
CUST_01382,Natalie Woodward,natalie.woodward@outlook.com,001-643-305-9047x48611,Metaline,WA,2024-01-28
CUST_01383,Stephanie Marshall,stephanie.marshall@aol.com,(766)343-0936x917,Ketchikan,AK,2025-07-24
CUST_01384,Michael Yang,michael.yang@yahoo.com,+1-977-425-5406x6840,Neffs,OH,2024-02-29
CUST_01385,Brianna Simpson,brianna.simpson@gmail.com,561.920.7021,Montgomery,AL,2025-01-02
CUST_01386,Michelle Curry,michelle.curry@gmail.com,456.988.2756,Mindoro,WI,2025-01-04
CUST_01387,Amber Hanson,amber.hanson@icloud.com,9963633364,New Boston,IL,2024-07-25
CUST_01388,Carl Oliver,carl.oliver@aol.com,(687)703-9220x460,Oakley,CA,2025-07-18
CUST_01389,Jessica Sanchez,jessica.sanchez@icloud.com,+1-346-352-9048x49792,Ft Mitchell,KY,2024-07-01
CUST_01390,Nicole Martinez,nicole.martinez@gmail.com,(590)512-7186,Bondsville,MA,2026-08-16
CUST_01391,Ryan Cook,ryan.cook@outlook.com,(918)310-8692,Augusta,MT,2023-09-18
CUST_01392,Jamie Matthews,jamie.matthews@yahoo.com,330.236.6562,Everett,WA,2026-08-23
CUST_01393,Timothy Frank,timothy.frank@outlook.com,625-922-5294x9996,Cincinnati,OH,2026-07-02
CUST_01394,Sarah Banks,sarah.banks@icloud.com,+1-658-440-6648,Brownsville,MD,2023-11-05
CUST_01395,Paul Chavez,paul.chavez@gmail.com,636.300.6629,Saint Helen,MI,2025-08-26
CUST_01396,David Trevino,david.trevino@aol.com,443.254.6076x3347,Fairplay,CO,2025-04-03
CUST_01397,Kaitlyn Waller,kaitlyn.waller@icloud.com,698.863.8919,Orondo,WA,2025-02-02
CUST_01398,Courtney Curry,courtney.curry@aol.com,(837)534-4320x7987,Brandon,MS,2025-02-25
CUST_01399,Jennifer Patton,jennifer.patton@yahoo.com,733-650-0391x714,Anoka,MN,2024-07-17
CUST_01400,Matthew Hurst,matthew.hurst@gmail.com,211.926.9588,Bedford,IN,2026-04-17
CUST_01401,Patricia Neal,patricia.neal@outlook.com,+1-611-914-7988x2759,Belzoni,MS,2025-01-31
CUST_01402,Joseph Johns,joseph.johns@yahoo.com,+1-370-402-5206x1769,Wheeler,MI,2023-10-07
CUST_01403,Jenna Krause,jenna.krause@outlook.com,675.619.6252x50263,Midland,MI,2025-04-08
CUST_01404,Margaret Richards,margaret.richards@aol.com,+1-461-683-2775x7979,Mc Grann,PA,2024-10-01
CUST_01405,Jeffery Fuller,jeffery.fuller@gmail.com,3062522852,Tampa,FL,2026-02-01
CUST_01406,Victoria Alexander,victoria.alexander@yahoo.com,565-603-8924,Holdrege,NE,2026-07-08
CUST_01407,Kyle Schroeder,kyle.schroeder@icloud.com,(811)442-1785,Kinde,MI,2023-12-24
CUST_01408,Andrew Washington,andrew.washington@yahoo.com,+1-343-274-5765x446,Midfield,TX,2024-12-25
CUST_01409,Gina Mason,gina.mason@aol.com,284-450-7416x2295,Huntsville,AL,2024-11-29
CUST_01410,Jeffrey Marks,jeffrey.marks@icloud.com,+1-916-801-2391x8031,Aragon,NM,2026-08-11
CUST_01411,Justin Pitts,justin.pitts@yahoo.com,001-590-755-6160x65076,Preston,MO,2024-07-26
CUST_01412,Erica Flores,erica.flores@gmail.com,+1-793-636-3963x642,Plymouth,MA,2024-06-16
CUST_01413,Eugene Montoya,eugene.montoya@outlook.com,001-830-764-1194x17347,Gallupville,NY,2025-04-20
CUST_01414,Andrew Cross,andrew.cross@hotmail.com,430.699.1272x06420,Heath Springs,SC,2025-09-18
CUST_01415,Anthony Harris,anthony.harris@hotmail.com,001-268-935-1894,Gulfport,MS,2024-11-05
CUST_01416,Robert Acosta,robert.acosta@hotmail.com,001-403-848-9972x209,Laurens,SC,2025-01-17
CUST_01417,Michael Graves,michael.graves@hotmail.com,3996933236,Glencoe,OK,2024-07-31
CUST_01418,Breanna Williams,breanna.williams@outlook.com,(619)860-6653,Dodge,ND,2023-10-03
CUST_01419,Joseph White,joseph.white@gmail.com,316-280-6589x56581,Macon,GA,2024-12-17
CUST_01420,Katherine Duke,katherine.duke@aol.com,508.430.4994,Johnson City,TN,2024-04-10
CUST_01421,Robert Stone,robert.stone@icloud.com,510.560.2242x715,Placida,FL,2025-11-13
CUST_01422,Laura Morgan,laura.morgan@gmail.com,(335)742-5423x10677,Cleveland,OH,2024-09-12
CUST_01423,Christopher Clayton,christopher.clayton@aol.com,001-353-633-3643,Killeen,TX,2023-11-27
CUST_01424,Danielle Mccarthy,danielle.mccarthy@aol.com,(921)241-9010,Stoddard,NH,2024-03-02
CUST_01425,Stacy Kent,stacy.kent@outlook.com,+1-332-555-9350x20382,Wake,VA,2024-12-20
CUST_01426,Richard Lewis,richard.lewis@aol.com,408-492-7081x7915,Sherrard,IL,2023-10-24
CUST_01427,Mark White,mark.white@gmail.com,7693120916,Big Bend National Park,TX,2024-04-16
CUST_01428,Andrew Hines,andrew.hines@hotmail.com,885.304.7653,Sherrill,NY,2024-08-19
CUST_01429,Paul Mills,paul.mills@yahoo.com,(224)513-1457x319,Norristown,GA,2024-09-15
CUST_01430,Patricia Ortiz,patricia.ortiz@hotmail.com,+1-871-973-6972x36010,Kiel,WI,2025-02-01
CUST_01431,Nicholas Mercer,nicholas.mercer@icloud.com,001-871-789-4107x45155,San Pierre,IN,2025-05-17
CUST_01432,Justin Thompson,justin.thompson@outlook.com,(636)830-0108,York Haven,PA,2025-09-14
CUST_01433,Jasmin Smith,jasmin.smith@yahoo.com,001-545-605-4841,Piedmont,MO,2025-03-24
CUST_01434,Brianna Jones,brianna.jones@yahoo.com,839-818-6585,Oxford,AL,2024-07-09
CUST_01435,Dean Townsend,dean.townsend@outlook.com,793.804.3792x33956,Arthur,IA,2024-04-11
CUST_01436,Sierra Rose,sierra.rose@icloud.com,(854)300-3300x9571,Cadiz,OH,2026-06-12
CUST_01437,Donald Watts,donald.watts@yahoo.com,(361)302-3776,Moody AFB,GA,2025-01-21
CUST_01438,Ryan Cunningham,ryan.cunningham@hotmail.com,+1-477-719-3800x21576,Augusta,OH,2025-12-09
CUST_01439,Brian Griffin,brian.griffin@aol.com,962.613.5141x04192,Snow Camp,NC,2025-07-22
CUST_01440,Anne James,anne.james@yahoo.com,(958)546-7412x45685,Miami,FL,2026-03-31
CUST_01441,Connor Campos,connor.campos@outlook.com,(581)216-8155x6838,Aguadilla,PR,2025-06-06
CUST_01442,Elizabeth Smith,elizabeth.smith@gmail.com,(305)434-3000,Raymond,SD,2025-03-07
CUST_01443,Joshua Garcia,joshua.garcia@hotmail.com,7715157466,Nemacolin,PA,2024-08-12
CUST_01444,Melinda Martin,melinda.martin@hotmail.com,746-443-1544,Caret,VA,2024-11-18
CUST_01445,Melissa Wyatt,melissa.wyatt@yahoo.com,4429329511,Elizabeth,NJ,2024-04-22
CUST_01446,Brandon Smith,brandon.smith@aol.com,622.802.2042,Rumsey,KY,2024-03-03
CUST_01447,Carolyn Potter,carolyn.potter@hotmail.com,6719531812,Ingomar,MT,2025-06-22
CUST_01448,Emily Rojas,emily.rojas@hotmail.com,(409)765-6894x013,Harrisburg,PA,2024-11-13
CUST_01449,Logan Grant,logan.grant@outlook.com,(864)527-2054x298,Lovingston,VA,2025-12-10
CUST_01450,Andre Walker,andre.walker@icloud.com,546.786.0147x25894,Bunnlevel,NC,2024-09-12
CUST_01451,Stephanie Johnson,stephanie.johnson@yahoo.com,383.450.6664,Cross Anchor,SC,2026-02-05
CUST_01452,Kristina Henderson,kristina.henderson@gmail.com,(260)760-9188,Little River Academy,TX,2026-03-05
CUST_01453,Donna Rosales,donna.rosales@aol.com,(987)651-1691x516,Columbia,SC,2025-09-23
CUST_01454,Todd White,todd.white@hotmail.com,209.663.2608x0240,West Lafayette,IN,2026-03-03
CUST_01455,Amanda Best,amanda.best@gmail.com,+1-632-285-0773x20714,Union,MI,2024-03-23
CUST_01456,Rebekah Mata,rebekah.mata@hotmail.com,957.385.3562x89911,Kansas City,MO,2024-03-13
CUST_01457,Heather Arellano,heather.arellano@yahoo.com,(894)206-9925x8170,Montauk,NY,2024-10-05
CUST_01458,Emily Green,emily.green@hotmail.com,001-410-269-7112,Louisville,KY,2023-10-09
CUST_01459,Elizabeth Barber,elizabeth.barber@outlook.com,(355)554-9035x8136,Willingboro,NJ,2023-09-01
CUST_01460,Jason Villarreal,jason.villarreal@gmail.com,001-377-777-6407,Wendell Depot,MA,2025-09-23
CUST_01461,Michael Kramer,michael.kramer@aol.com,(496)692-2414,Kenbridge,VA,2024-05-10
CUST_01462,Cassidy Hughes,cassidy.hughes@outlook.com,805-796-6153x48509,Apo,AE,2024-05-24
CUST_01463,William Thompson,william.thompson@icloud.com,615-471-9671x41104,Stayton,OR,2024-06-07
CUST_01464,Sarah Francis,sarah.francis@hotmail.com,508.266.2304x03315,Sioux Falls,SD,2024-08-04
CUST_01465,Isaiah Morgan,isaiah.morgan@outlook.com,(741)295-4148,Newark,NJ,2024-07-26
CUST_01466,Brian Villarreal,brian.villarreal@yahoo.com,(930)894-6548x6686,Rochester,MI,2024-03-22
CUST_01467,Daniel Rivas,daniel.rivas@icloud.com,(517)426-7752x0074,Kingsley,MI,2025-01-18
CUST_01468,Tamara Bowman,tamara.bowman@aol.com,8569502825,Curran,MI,2025-05-07
CUST_01469,Emily Fernandez,emily.fernandez@yahoo.com,256-881-7273x078,Punta Santiago,PR,2025-11-14
CUST_01470,Amanda Giles,amanda.giles@aol.com,804-986-0173,Scottsdale,AZ,2025-10-26
CUST_01471,Lisa Guzman,lisa.guzman@gmail.com,799.976.0151x441,San Angelo,TX,2023-09-29
CUST_01472,Rebecca Love,rebecca.love@yahoo.com,903-439-1291,Clarksville,VA,2026-03-03
CUST_01473,Stacy Myers,stacy.myers@outlook.com,386-706-0521x30156,Douglas,ND,2025-03-04
CUST_01474,Billy Thomas,billy.thomas@aol.com,(775)444-7159,Lavon,TX,2025-02-24
CUST_01475,James Carter,james.carter@outlook.com,7517600548,Phillipsport,NY,2026-04-01
CUST_01476,Jason Rodriguez,jason.rodriguez@aol.com,213-745-4281x9722,South Gate,CA,2024-10-31
CUST_01477,Bobby Chapman,bobby.chapman@gmail.com,953-425-9016,Peckville,PA,2025-12-13
CUST_01478,Kylie Atkins,kylie.atkins@icloud.com,862-322-8540x10004,Buckeystown,MD,2024-03-15
CUST_01479,Kelly Smith,kelly.smith@hotmail.com,001-800-760-0854x609,Stockbridge,GA,2026-07-17
CUST_01480,Ian Washington,ian.washington@hotmail.com,(884)862-0077,Pigeon Falls,WI,2026-04-28
CUST_01481,Tracy Jones,tracy.jones@outlook.com,921-415-4233,Washington,DC,2023-11-19
CUST_01482,Austin Roberts,austin.roberts@icloud.com,844.396.6667x6905,Eros,LA,2025-08-15
CUST_01483,Karen Stewart,karen.stewart@outlook.com,001-338-845-0365x72486,Ridgefield Park,NJ,2026-07-15
CUST_01484,Nicholas Schneider,nicholas.schneider@hotmail.com,542-813-5080,Homestead,FL,2025-03-05
CUST_01485,Ashley Rodriguez,ashley.rodriguez@outlook.com,806-495-1546,Philadelphia,PA,2025-03-13
CUST_01486,Elizabeth Dawson,elizabeth.dawson@hotmail.com,6969884350,Mc Leod,MT,2023-11-23
CUST_01487,Terri Mcknight,terri.mcknight@aol.com,7165281883,Cantrall,IL,2026-03-11
CUST_01488,Eric Flores,eric.flores@outlook.com,240.946.3920,Elliott,SC,2026-06-07
CUST_01489,Kimberly Garner,kimberly.garner@aol.com,826-609-9327x3807,Paramount,CA,2024-04-01
CUST_01490,Ashley Davis,ashley.davis@yahoo.com,(873)895-3495,Columbus,IN,2025-04-26
CUST_01491,Heather Molina,heather.molina@hotmail.com,951-733-8278x076,Weaverville,NC,2024-01-10
CUST_01492,Lisa Rivera,lisa.rivera@yahoo.com,+1-761-640-6087x26446,Napa,CA,2025-04-20
CUST_01493,Mark Nelson,mark.nelson@yahoo.com,(751)399-9562,Tehachapi,CA,2026-02-23
CUST_01494,Deborah Terry,deborah.terry@yahoo.com,001-576-836-6843x47274,Mount Blanchard,OH,2025-08-28
CUST_01495,Leonard Mendoza,leonard.mendoza@yahoo.com,9407462656,Belvidere,NE,2024-05-28
CUST_01496,Catherine Alvarado,catherine.alvarado@gmail.com,+1-639-219-1892x173,Weogufka,AL,2025-09-04
CUST_01497,Michelle Ayala,michelle.ayala@yahoo.com,836-474-1028x03496,Spring Valley,CA,2025-05-15
CUST_01498,Laura Schaefer,laura.schaefer@hotmail.com,(955)319-1982x492,Accident,MD,2024-10-17
CUST_01499,Melinda Thompson,melinda.thompson@yahoo.com,001-346-506-6618,Bartlett,NE,2025-12-23
CUST_01500,Richard Wilson,richard.wilson@gmail.com,(318)918-5322x50266,Sultana,CA,2024-06-07
CUST_01501,William Collins,william.collins@yahoo.com,+1-289-416-2407,Bessemer,AL,2024-01-09
CUST_01502,Theodore Wilkinson,theodore.wilkinson@yahoo.com,800.941.4725,Columbus,KS,2024-09-13
CUST_01503,Amber Castaneda,amber.castaneda@hotmail.com,+1-947-796-8630x30479,New Canton,IL,2026-06-21
CUST_01504,James Cook,james.cook@outlook.com,473.709.6875x373,Riverdale,GA,2026-08-14
CUST_01505,Andrew Morgan,andrew.morgan@hotmail.com,2752967421,Tuscaloosa,AL,2023-12-23
CUST_01506,Betty Flores,betty.flores@yahoo.com,+1-384-998-6463x091,Oconomowoc,WI,2024-04-22
CUST_01507,Kevin Lewis,kevin.lewis@outlook.com,268.517.0992x035,Liberty Center,IN,2024-10-18
CUST_01508,Alex Peterson,alex.peterson@hotmail.com,(713)749-2712,Kansas City,MO,2025-12-16
CUST_01509,Roger Frazier,roger.frazier@aol.com,(436)937-8397x1684,New York,NY,2025-12-19
CUST_01510,Christopher Harris,christopher.harris@icloud.com,(599)866-1834x018,Haslet,TX,2026-03-28
CUST_01511,Harold Turner,harold.turner@yahoo.com,678-965-4573x5900,Staunton,VA,2023-11-30
CUST_01512,Dawn Shields,dawn.shields@gmail.com,001-683-708-9021x46915,Calliham,TX,2024-03-29
CUST_01513,Zachary Rodgers,zachary.rodgers@aol.com,(662)975-2568,Red Level,AL,2024-01-09
CUST_01514,Dylan Phillips,dylan.phillips@outlook.com,+1-341-343-5759x0971,Columbia,KY,2024-01-17
CUST_01515,Jennifer Walker,jennifer.walker@outlook.com,001-982-677-5003,Savannah,GA,2025-03-22
CUST_01516,Corey Maxwell,corey.maxwell@hotmail.com,231-558-5512,Bridgeport,PA,2025-04-19
CUST_01517,Jennifer Castro,jennifer.castro@hotmail.com,8204691149,Bellflower,IL,2024-01-03
CUST_01518,Amanda Calderon,amanda.calderon@outlook.com,001-663-984-3909x8590,Frederick,MD,2026-02-02
CUST_01519,Latoya Webb,latoya.webb@gmail.com,839.548.7359x2935,Bokeelia,FL,2024-07-09
CUST_01520,Patricia Rios,patricia.rios@outlook.com,(740)387-5273,Fpo,AE,2023-10-14
CUST_01521,Lauren Petty,lauren.petty@icloud.com,+1-617-759-4103x22806,Charm,OH,2026-08-08
CUST_01522,Jacqueline Hill,jacqueline.hill@hotmail.com,411-859-2952x94463,Rosendale,WI,2024-05-27
CUST_01523,Ryan Powell,ryan.powell@yahoo.com,+1-854-238-1160x842,Wyano,PA,2025-08-21
CUST_01524,Angela Rodriguez,angela.rodriguez@outlook.com,(935)809-1956,Hialeah,FL,2024-02-22
CUST_01525,Michael Hooper,michael.hooper@aol.com,315.469.9180,South Royalton,VT,2024-02-28
CUST_01526,Matthew Sutton,matthew.sutton@outlook.com,706.474.9321x913,Saint Paul,MN,2024-08-08
CUST_01527,Wendy Blair,wendy.blair@hotmail.com,001-886-820-8031x75557,Wagener,SC,2026-08-17
CUST_01528,Kathy Farley,kathy.farley@outlook.com,759-411-7926x7916,Foosland,IL,2026-05-09
CUST_01529,Sarah Marks,sarah.marks@hotmail.com,001-331-471-9105,Willow Grove,PA,2025-10-15
CUST_01530,Madison Campbell,madison.campbell@gmail.com,238.723.0236x4775,Center,KY,2025-03-01
CUST_01531,Joseph Martin,joseph.martin@icloud.com,001-958-946-4497x14177,Hanover,NH,2025-09-08
CUST_01532,Sarah Ramos,sarah.ramos@outlook.com,5735233334,Tatamy,PA,2026-08-25
CUST_01533,Douglas Watson,douglas.watson@hotmail.com,6043811570,Ledbetter,TX,2026-01-08
CUST_01534,Cheyenne Washington,cheyenne.washington@gmail.com,+1-971-505-2125x08085,Hermansville,MI,2024-02-24
CUST_01535,Lori Leonard,lori.leonard@aol.com,(726)891-2709x70040,Eureka,MI,2025-09-14
CUST_01536,Isaac Smith,isaac.smith@hotmail.com,698.564.8974x609,Staten Island,NY,2025-10-22
CUST_01537,Christopher Pierce,christopher.pierce@aol.com,001-487-505-6652x4284,Margie,MN,2025-12-08
CUST_01538,Kathleen Roberts,kathleen.roberts@icloud.com,001-471-705-2235x593,North Tazewell,VA,2025-08-01
CUST_01539,Raymond Rodriguez,raymond.rodriguez@icloud.com,+1-210-324-5669,San Diego,CA,2025-07-21
CUST_01540,Teresa Perez,teresa.perez@icloud.com,938-906-3445,Modesto,CA,2023-10-25
CUST_01541,Craig Lucas,craig.lucas@icloud.com,918.546.1047x61527,Des Moines,IA,2026-05-12
CUST_01542,Courtney Turner,courtney.turner@hotmail.com,(371)351-1123,Port Saint Lucie,FL,2024-07-22
CUST_01543,Stacey Brown,stacey.brown@gmail.com,6674719510,East Vandergrift,PA,2023-10-07
CUST_01544,Anthony Mcbride,anthony.mcbride@gmail.com,558-550-2337x21403,Saint Marys,AK,2026-02-26
CUST_01545,Rhonda Mcbride,rhonda.mcbride@outlook.com,(596)933-4761x36566,Saronville,NE,2026-04-25
CUST_01546,Caitlin Mcdonald,caitlin.mcdonald@gmail.com,650-950-3344,Larimer,PA,2024-01-14
CUST_01547,Timothy Farrell,timothy.farrell@icloud.com,001-406-748-7129x51525,Grand Forks,ND,2024-05-22
CUST_01548,Ruth Thompson,ruth.thompson@hotmail.com,+1-889-226-4712x7002,Houston,TX,2026-08-30
CUST_01549,Aaron Harris,aaron.harris@icloud.com,371-852-4904,Santa Elena,TX,2024-04-26
CUST_01550,Harold Sharp,harold.sharp@icloud.com,3377170212,Clinton,MS,2026-04-11
CUST_01551,Mark Adams,mark.adams@outlook.com,+1-560-392-5646x2305,Port Monmouth,NJ,2023-09-09
CUST_01552,Eric Montgomery,eric.montgomery@yahoo.com,799.997.7136x0805,Apo,AE,2025-12-15
CUST_01553,Joseph Conley,joseph.conley@gmail.com,001-448-945-5910x253,Roswell,GA,2024-10-12
CUST_01554,Linda Chang,linda.chang@yahoo.com,+1-762-349-9764x783,Deep River,IA,2025-10-30
CUST_01555,Brian Gonzales,brian.gonzales@icloud.com,2209888800,Dpo,AE,2025-03-22
CUST_01556,Joseph Vaughan,joseph.vaughan@icloud.com,631-736-6181,Tyndall,SD,2025-04-21
CUST_01557,Richard Hamilton,richard.hamilton@gmail.com,7872032058,Conklin,NY,2025-08-09
CUST_01558,Jamie Garcia,jamie.garcia@outlook.com,001-743-997-3556x387,Memphis,TN,2024-12-22
CUST_01559,Gregory James,gregory.james@hotmail.com,+1-292-766-7675,Webster,ND,2026-08-28
CUST_01560,Gina Ortega,gina.ortega@aol.com,5758916377,Memphis,TN,2024-02-01
CUST_01561,Jennifer Jones,jennifer.jones@outlook.com,607.502.4656x82529,Wheatland,IA,2024-10-21
CUST_01562,Karen Walker,karen.walker@icloud.com,+1-243-842-4794x2616,Marianna,WV,2024-01-29
CUST_01563,Samuel Richmond,samuel.richmond@aol.com,733-549-8205x08028,Loa,UT,2025-09-29
CUST_01564,Michael Brown,michael.brown@outlook.com,439-482-2996x4731,Gotham,WI,2023-12-09
CUST_01565,Michael Blake,michael.blake@aol.com,916.344.3264,Powderville,MT,2024-11-28
CUST_01566,Shawn Leonard,shawn.leonard@icloud.com,(732)559-8007x3340,Dpo,AE,2024-07-31
CUST_01567,Monica Mitchell,monica.mitchell@gmail.com,(571)476-0997x742,Caledonia,MS,2023-12-17
CUST_01568,Donald Russell,donald.russell@gmail.com,2324590789,Berkeley,CA,2026-01-14
CUST_01569,Thomas Rogers,thomas.rogers@yahoo.com,001-966-577-5354,Gardena,CA,2024-01-01
CUST_01570,Wesley Evans,wesley.evans@gmail.com,2062144552,Clarksville,AR,2024-06-21
CUST_01571,Michelle Campbell,michelle.campbell@gmail.com,001-532-389-8722x587,Victoria,MS,2026-03-01
CUST_01572,Janet Phelps,janet.phelps@hotmail.com,890-488-4254,Palm Coast,FL,2024-11-26
CUST_01573,Theresa Martin,theresa.martin@aol.com,(970)891-5793x69654,Sierra Blanca,TX,2025-07-06
CUST_01574,Kayla York,kayla.york@outlook.com,001-729-544-6166x6922,Wynantskill,NY,2025-09-27
CUST_01575,Kevin Luna,kevin.luna@aol.com,001-405-475-2246x3095,Cordele,GA,2025-06-21
CUST_01576,John Powell,john.powell@gmail.com,(636)936-1219x58144,Rushville,NE,2026-01-06
CUST_01577,Gary Vega,gary.vega@gmail.com,321-348-0351x485,Idaville,IN,2024-08-14
CUST_01578,Kimberly Johnston,kimberly.johnston@yahoo.com,301.470.5299x177,Milwaukee,WI,2025-11-12
CUST_01579,Brooke Gregory,brooke.gregory@icloud.com,203-710-1883,Tuscumbia,MO,2025-04-02
CUST_01580,Richard Henry,richard.henry@icloud.com,415.856.2333x914,York,NY,2024-11-14
CUST_01581,Herbert Harding,herbert.harding@gmail.com,001-567-544-7489,Ashford,AL,2026-02-24
CUST_01582,Joseph Simpson,joseph.simpson@outlook.com,377-382-8372,Greenville,SC,2025-12-06
CUST_01583,Nancy Blair,nancy.blair@icloud.com,793-473-5926x09473,York Haven,PA,2024-06-19
CUST_01584,Anthony Villa,anthony.villa@icloud.com,234-497-5856x97915,Mesopotamia,OH,2025-03-24
CUST_01585,Anna Lee,anna.lee@gmail.com,284.962.6432x83356,Lyons,NJ,2023-11-08
CUST_01586,Carl Manning,carl.manning@aol.com,604-247-0566x8492,Davidsville,PA,2024-03-26
CUST_01587,Candace Edwards,candace.edwards@outlook.com,(304)997-9188x403,Cedar Lake,IN,2026-05-31
CUST_01588,Daniel Trevino,daniel.trevino@aol.com,+1-630-860-7757x7374,Washington,UT,2025-09-05
CUST_01589,Edward Page,edward.page@icloud.com,803-255-0333,Hepler,KS,2024-08-31
CUST_01590,Sophia Bailey,sophia.bailey@icloud.com,(767)927-0033x8053,Temple,TX,2025-07-24
CUST_01591,Robert Preston,robert.preston@yahoo.com,(726)699-7802x07745,Riverside,CA,2024-04-30
CUST_01592,Robert Lee,robert.lee@aol.com,519-428-3299x904,Winchester,AR,2026-04-27
CUST_01593,Michelle Sanchez,michelle.sanchez@icloud.com,+1-213-629-1071x112,Jarrettsville,MD,2026-04-15
CUST_01594,Mary Austin,mary.austin@yahoo.com,001-248-860-1380x0618,Oldtown,ID,2026-08-23
CUST_01595,Jennifer White,jennifer.white@yahoo.com,347.253.5156x7333,Gary,IN,2026-02-05
CUST_01596,Kristy Lopez,kristy.lopez@hotmail.com,001-767-835-8895x5613,Irvine,CA,2026-06-20
CUST_01597,Sara Dodson,sara.dodson@outlook.com,504.736.3285x94323,Buckley,IL,2024-11-20
CUST_01598,Ashley Gomez,ashley.gomez@hotmail.com,280.659.5127x55907,Longwood,FL,2023-10-06
CUST_01599,Steven Green,steven.green@outlook.com,8707842817,South Haven,MN,2025-01-06
CUST_01600,Matthew Juarez,matthew.juarez@gmail.com,617-833-8310x471,Lowell,MA,2024-04-10
CUST_01601,Keith Guerrero,keith.guerrero@gmail.com,341-389-7782x5865,Independence,WI,2024-04-30
CUST_01602,Elizabeth Campbell,elizabeth.campbell@hotmail.com,+1-353-337-9584x70595,Soldotna,AK,2026-04-19
CUST_01603,Jessica Smith,jessica.smith@yahoo.com,001-838-744-0687x50731,Dublin,GA,2023-12-17
CUST_01604,Kenneth Elliott,kenneth.elliott@outlook.com,228-289-9868x217,Walkertown,NC,2024-08-02
CUST_01605,Amanda Davis,amanda.davis@aol.com,+1-954-914-4961,Riverside,NJ,2024-01-01
CUST_01606,Chad Fox,chad.fox@outlook.com,(553)720-3028,Bloomfield,IN,2025-01-15
CUST_01607,James Smith,james.smith@hotmail.com,+1-386-669-5840x53463,Harper,IA,2025-04-05
CUST_01608,Sandra Johnson,sandra.johnson@outlook.com,415.350.3705,Basom,NY,2024-08-31
CUST_01609,David Adams,david.adams@aol.com,414.588.4437,Mount Gilead,OH,2025-10-11
CUST_01610,Jill Martinez,jill.martinez@aol.com,3435045779,Plymouth,IL,2024-06-04
CUST_01611,Laura Stark,laura.stark@icloud.com,595.681.3749x88754,Pennington Gap,VA,2026-05-12
CUST_01612,Adam Potts,adam.potts@gmail.com,(842)525-6508x1279,Butte,NE,2025-06-20
CUST_01613,Laurie Vargas,laurie.vargas@outlook.com,(889)952-5697,Scottdale,GA,2025-12-11
CUST_01614,Katie Wells,katie.wells@hotmail.com,001-454-837-0653x30685,Snohomish,WA,2026-06-13
CUST_01615,Joseph Gross,joseph.gross@gmail.com,(655)953-8274,Campbell,CA,2023-09-26
CUST_01616,Jonathan Taylor,jonathan.taylor@yahoo.com,612-777-4721,Markham,TX,2023-11-06
CUST_01617,Bryan Clark,bryan.clark@hotmail.com,6428539125,Protivin,IA,2023-10-07
CUST_01618,Stephanie Stevenson,stephanie.stevenson@hotmail.com,(999)789-7790x15513,Fayette,MS,2025-07-04
CUST_01619,Joseph Sparks,joseph.sparks@yahoo.com,001-546-587-6390x6507,Gouldsboro,PA,2024-01-25
CUST_01620,James Harris,james.harris@outlook.com,+1-407-982-1866x51575,Coal City,IN,2024-06-05
CUST_01621,Michael Floyd,michael.floyd@gmail.com,(729)652-1641x6576,Mendota,VA,2025-08-02
CUST_01622,Gregory Johnston,gregory.johnston@outlook.com,644.351.2098x336,Peoria,IL,2024-01-27
CUST_01623,Christopher Hebert,christopher.hebert@yahoo.com,774.954.9186x4126,Orlando,FL,2023-10-06
CUST_01624,Paul Morales,paul.morales@hotmail.com,+1-592-866-6390x08927,Albany,NY,2023-09-16
CUST_01625,Sandra Gutierrez,sandra.gutierrez@outlook.com,4077239301,Greensboro,NC,2026-06-07
CUST_01626,Todd Ford,todd.ford@aol.com,(216)521-9572x184,Murrayville,IL,2024-10-17
CUST_01627,Sue Miller,sue.miller@outlook.com,+1-614-965-2227x145,Bloomburg,TX,2026-03-04
CUST_01628,Barbara Hubbard,barbara.hubbard@hotmail.com,001-466-592-8124x76422,Wilmington,OH,2026-08-08
CUST_01629,Daniel Walker,daniel.walker@yahoo.com,001-516-404-3707x40852,Pansey,AL,2024-12-29
CUST_01630,Joseph Tate,joseph.tate@icloud.com,(564)919-9167x282,Ringwood,OK,2025-11-05
CUST_01631,Sean Vaughn,sean.vaughn@outlook.com,541-633-0612,Fence,WI,2025-12-26
CUST_01632,Michael Jacobs,michael.jacobs@yahoo.com,+1-374-294-8278x217,Churdan,IA,2026-04-27
CUST_01633,Jordan Perry,jordan.perry@hotmail.com,+1-636-633-7423x14795,Titus,AL,2024-12-08
CUST_01634,Yolanda Patterson,yolanda.patterson@hotmail.com,(775)496-9135,Chalk Hill,PA,2024-05-22
CUST_01635,Kelly Garza,kelly.garza@outlook.com,436.881.9530,Paso Robles,CA,2024-04-25
CUST_01636,Deborah Page,deborah.page@hotmail.com,001-271-991-2162x282,Fields,OR,2025-12-24
CUST_01637,Ashley Harper,ashley.harper@icloud.com,2163601340,Washington,DC,2024-01-15
CUST_01638,Matthew Brown,matthew.brown@gmail.com,+1-941-278-5818x615,Rural Ridge,PA,2024-06-07
CUST_01639,Natasha Munoz,natasha.munoz@icloud.com,(964)401-8802,South Park,PA,2025-04-19
CUST_01640,Kayla Cabrera,kayla.cabrera@yahoo.com,7597414725,Port Charlotte,FL,2025-07-09
CUST_01641,Connor Johnson,connor.johnson@hotmail.com,638-539-8412,Dakota City,IA,2024-11-16
CUST_01642,Michael Murphy,michael.murphy@yahoo.com,970-657-6743x9490,Byron,MI,2026-07-27
CUST_01643,Jesse Mclaughlin,jesse.mclaughlin@gmail.com,767.644.0445x6914,West Finley,PA,2025-08-02
CUST_01644,Teresa Santana,teresa.santana@icloud.com,(435)862-3367x945,Dallas,TX,2025-07-04
CUST_01645,April Marshall,april.marshall@icloud.com,+1-655-965-3057x083,Jenks,OK,2026-04-06
CUST_01646,Juan Price,juan.price@yahoo.com,4682958745,Sidney,IA,2026-04-26
CUST_01647,Greg Scott,greg.scott@gmail.com,5673348188,San Diego,CA,2025-12-30
CUST_01648,John Mcdonald,john.mcdonald@yahoo.com,(739)775-6925x4425,Canton,OH,2023-09-14
CUST_01649,Brandy Davis,brandy.davis@outlook.com,529.726.9966x18269,Ambler,AK,2025-06-03
CUST_01650,Jade Grimes,jade.grimes@outlook.com,514.970.9298x936,Fort Bragg,NC,2025-05-05
CUST_01651,Christopher Collier,christopher.collier@gmail.com,916-880-1989x0346,Enon Valley,PA,2024-11-02
CUST_01652,Danielle Pearson,danielle.pearson@icloud.com,(655)356-0848,Deerton,MI,2024-03-22
CUST_01653,Penny Santos,penny.santos@hotmail.com,(783)708-0370x532,Pomfret,MD,2024-05-31
CUST_01654,Katie Ruiz,katie.ruiz@icloud.com,001-417-906-3768x388,Hope,ME,2024-08-03
CUST_01655,Tracy Gallegos,tracy.gallegos@outlook.com,+1-654-284-1972x7172,Fairmount,ND,2024-10-28
CUST_01656,Douglas Zuniga,douglas.zuniga@yahoo.com,969-551-5918x11642,Greenwood,AR,2026-03-26
CUST_01657,Michael Gilbert,michael.gilbert@icloud.com,472-708-8268x1685,Corvallis,OR,2026-01-01
CUST_01658,Sherry Larson,sherry.larson@aol.com,604-905-8080,Tomball,TX,2024-12-10
CUST_01659,Christopher Wood,christopher.wood@gmail.com,4302757339,Clanton,AL,2025-03-21
CUST_01660,David Mcdaniel,david.mcdaniel@icloud.com,001-267-252-8908x1999,Fort Worth,TX,2026-06-17
CUST_01661,Jack Smith,jack.smith@outlook.com,575-537-6456x3184,Belmont,CA,2024-07-16
CUST_01662,Linda Ward,linda.ward@gmail.com,338-489-6910,Oklahoma City,OK,2024-10-21
CUST_01663,Nicholas Smith,nicholas.smith@hotmail.com,(794)826-9505x4722,Marble,MN,2025-11-02
CUST_01664,Seth Mitchell,seth.mitchell@gmail.com,001-271-345-6003x67254,Middletown,PA,2026-06-24
CUST_01665,Theresa Ochoa,theresa.ochoa@gmail.com,204.849.7927,Oxon Hill,MD,2023-12-02
CUST_01666,Donna Dodson,donna.dodson@outlook.com,001-829-579-0439x93540,Blandford,MA,2026-03-10
CUST_01667,Ryan Reyes,ryan.reyes@yahoo.com,(356)540-8129x2159,Lexington,KY,2023-10-10
CUST_01668,Willie Martinez,willie.martinez@outlook.com,4545983210,Copper Hill,VA,2024-08-16
CUST_01669,Dustin Lara,dustin.lara@yahoo.com,438-575-3052x665,Mellette,SD,2024-04-23
CUST_01670,Joanna Diaz,joanna.diaz@gmail.com,001-513-343-6346x041,Clubb,MO,2025-01-01
CUST_01671,Christine Daniels,christine.daniels@outlook.com,(904)497-9762x886,Ashland,MO,2026-01-23
CUST_01672,Jenny Harris,jenny.harris@icloud.com,+1-446-341-6862x383,Manhasset,NY,2026-01-18
CUST_01673,Don Brown,don.brown@gmail.com,+1-453-849-8894x386,Panther Burn,MS,2025-07-25
CUST_01674,William Jordan,william.jordan@icloud.com,824-803-2785,Boone,NC,2026-07-08
CUST_01675,Deborah Ramirez,deborah.ramirez@gmail.com,359.374.5681x923,Jacksonville,FL,2025-03-29
CUST_01676,Brooke Perkins,brooke.perkins@gmail.com,565.345.6490x5718,Alexandria,VA,2025-09-02
CUST_01677,Reginald Gibson,reginald.gibson@aol.com,954.323.5055x0630,Kansas City,MO,2024-12-17
CUST_01678,Jennifer Gonzalez,jennifer.gonzalez@icloud.com,240.833.9014x845,Morrisville,NC,2025-02-09
CUST_01679,Melody Williams,melody.williams@hotmail.com,262-344-5732x18472,Marvel,CO,2024-07-03
CUST_01680,Carlos Lewis,carlos.lewis@aol.com,2696026807,Central Lake,MI,2025-10-07
CUST_01681,Cindy Landry,cindy.landry@aol.com,584.646.7989,Dale,SC,2026-01-14
CUST_01682,Linda Velasquez,linda.velasquez@outlook.com,(461)906-9115x6742,Maxwell,TX,2026-02-26
CUST_01683,Edgar Walker,edgar.walker@icloud.com,470.331.4042,Mead,CO,2024-02-24
CUST_01684,Jo Day,jo.day@yahoo.com,(817)337-1330,Anaheim,CA,2025-08-23
CUST_01685,Jerry Baker,jerry.baker@icloud.com,472.444.8407x67307,Mansfield,OH,2026-02-13
CUST_01686,David Byrd,david.byrd@outlook.com,001-273-262-1823,Tampa,FL,2026-05-11
CUST_01687,Sandra Rivera,sandra.rivera@yahoo.com,323-526-9469x70805,Lakewood,PA,2025-05-12
CUST_01688,Jessica Harris,jessica.harris@icloud.com,001-783-894-0241x060,Albuquerque,NM,2026-08-21
CUST_01689,Lisa Benson,lisa.benson@hotmail.com,977.460.7649x73795,Shawnee,OK,2023-09-08
CUST_01690,Patrick Young,patrick.young@aol.com,658-870-0218x895,Ferdinand,IN,2024-05-22
CUST_01691,Tim Garcia,tim.garcia@yahoo.com,(449)677-9747x9702,Saluda,VA,2026-01-14
CUST_01692,Larry Green,larry.green@outlook.com,(227)574-0455x23959,Urich,MO,2025-10-08
CUST_01693,Kelly Bryan,kelly.bryan@hotmail.com,+1-522-843-9259x70962,Harrisburg,PA,2026-07-11
CUST_01694,Erica Peters,erica.peters@hotmail.com,928.956.6664x679,Ogden,UT,2025-08-15
CUST_01695,James Gibson,james.gibson@outlook.com,823.553.6895,Grand Junction,MI,2024-05-02
CUST_01696,Andrew Hall,andrew.hall@icloud.com,208-861-5011x1752,Boise,ID,2023-12-01
CUST_01697,Kelly Burton,kelly.burton@outlook.com,767-617-6862x49281,Birmingham,OH,2026-04-03
CUST_01698,Scott Herman,scott.herman@icloud.com,(995)541-2461x8276,Paris,TX,2026-05-07
CUST_01699,Lorraine Peterson,lorraine.peterson@outlook.com,751.853.7072x5967,Bartley,WV,2025-07-21
CUST_01700,Shawn Bond,shawn.bond@outlook.com,685.860.3170x78770,Los Angeles,CA,2024-10-07
CUST_01701,Dylan Hahn,dylan.hahn@gmail.com,+1-218-572-4719x298,Marvell,AR,2025-01-25
CUST_01702,Kimberly Gonzalez,kimberly.gonzalez@gmail.com,(763)311-0396x9897,Buckhorn,KY,2024-03-08
CUST_01703,Daniel Williams,daniel.williams@icloud.com,001-945-717-4367x70215,Lancaster,CA,2024-08-17
CUST_01704,James Tran,james.tran@aol.com,+1-656-734-6173,Chestertown,MD,2026-01-11
CUST_01705,Robert Wilkins,robert.wilkins@aol.com,3534142512,Brady,TX,2025-12-17
CUST_01706,Lori Davidson,lori.davidson@aol.com,780.208.1914x97984,Plantsville,CT,2025-10-10
CUST_01707,Matthew Walter,matthew.walter@hotmail.com,(286)909-5366,Akron,OH,2026-08-19
CUST_01708,Brandon Stanley,brandon.stanley@outlook.com,628.585.0611x9802,New York,NY,2026-05-29
CUST_01709,Eric Madden,eric.madden@yahoo.com,(768)803-8340x68051,Gladstone,OR,2025-06-18
CUST_01710,Deborah Shaffer,deborah.shaffer@aol.com,(613)377-3751x401,Monroe,MI,2026-08-29
CUST_01711,Kimberly Rodriguez,kimberly.rodriguez@outlook.com,+1-935-757-3885x5618,Madrid,NY,2026-08-16
CUST_01712,Kyle Lewis,kyle.lewis@icloud.com,509.602.2866,Dushore,PA,2024-04-18
CUST_01713,Renee Barber,renee.barber@aol.com,235-630-3364,Ford,KS,2025-11-24
CUST_01714,James Miranda,james.miranda@hotmail.com,+1-913-373-7135,Yorktown,VA,2025-10-08
CUST_01715,Nathaniel Mcdaniel,nathaniel.mcdaniel@aol.com,001-982-795-5439,Honolulu,HI,2023-09-15
CUST_01716,Michelle Armstrong,michelle.armstrong@gmail.com,929.229.1883,Sugar Land,TX,2025-05-20
CUST_01717,Christina Tran,christina.tran@icloud.com,558-621-2706x20024,Barton,MD,2024-05-09
CUST_01718,Jerry Nixon,jerry.nixon@icloud.com,+1-562-522-6342,Phoenix,AZ,2024-05-09
CUST_01719,Amanda Lloyd,amanda.lloyd@outlook.com,+1-635-874-1944x9997,Conroe,TX,2025-04-17
CUST_01720,Michael Martin,michael.martin@gmail.com,280.982.3459,Inkom,ID,2024-01-04
CUST_01721,Melvin Johns,melvin.johns@outlook.com,418.567.1614,Manchester,CT,2024-05-17
CUST_01722,Joseph Duran,joseph.duran@aol.com,6552984883,Three Lakes,WI,2024-04-13
CUST_01723,Willie Thompson,willie.thompson@hotmail.com,966.854.4295,Playa Del Rey,CA,2024-09-07
CUST_01724,Anthony Gardner,anthony.gardner@gmail.com,(210)404-1267,Santa Ana,CA,2026-07-16
CUST_01725,Hector Russell,hector.russell@yahoo.com,619.561.7179x5510,Oaks,PA,2023-10-07
CUST_01726,Jeffrey Velasquez,jeffrey.velasquez@icloud.com,+1-860-316-3789x5019,Washington,DC,2025-08-03
CUST_01727,Laura Fuller,laura.fuller@icloud.com,861-430-5484x13529,Alva,OK,2024-03-06
CUST_01728,Alison Davis,alison.davis@yahoo.com,394-318-8790x88231,Groton,NY,2026-08-21
CUST_01729,Allen Barnes,allen.barnes@gmail.com,(750)816-4220x8356,Wachapreague,VA,2025-11-10
CUST_01730,Jennifer Newman,jennifer.newman@gmail.com,+1-862-699-2594,Sibley,MO,2026-01-23
CUST_01731,Thomas Parker,thomas.parker@outlook.com,3788246985,Miami Beach,FL,2025-02-06
CUST_01732,Alyssa Reed,alyssa.reed@icloud.com,798-332-0644,Sylvania,PA,2024-02-02
CUST_01733,Stacey Clark,stacey.clark@aol.com,+1-722-460-4896x8900,Muskegon,MI,2025-05-14
CUST_01734,Alicia Young,alicia.young@outlook.com,(504)337-7897x314,Pittsburgh,PA,2026-05-15
CUST_01735,Cody Smith,cody.smith@aol.com,001-807-796-8834x207,Blackwell,TX,2025-03-11
CUST_01736,Susan Silva,susan.silva@outlook.com,001-525-740-7522x258,El Paso,TX,2025-12-21
CUST_01737,Gregory Howard,gregory.howard@gmail.com,496.471.7126x3787,Dobbin,TX,2025-04-01
CUST_01738,Colton Sanders,colton.sanders@icloud.com,(978)963-6387x4709,El Paso,TX,2023-12-07
CUST_01739,Elaine Lopez,elaine.lopez@gmail.com,+1-992-921-9878,Sherrill,NY,2024-12-24
CUST_01740,Tammy Cantu,tammy.cantu@icloud.com,+1-385-481-9896x0788,Ringgold,VA,2023-12-08
CUST_01741,Shelly Sanchez,shelly.sanchez@aol.com,456.263.4298x36763,Oakville,WA,2025-10-06
CUST_01742,Sarah Lozano,sarah.lozano@outlook.com,+1-278-382-2276x467,New Bloomfield,MO,2024-12-21
CUST_01743,Linda Dunn,linda.dunn@yahoo.com,(300)255-8812x33879,Randolph,ME,2024-10-23
CUST_01744,Timothy Holt,timothy.holt@gmail.com,001-594-742-5303x7890,Seven Springs,NC,2024-10-04
CUST_01745,Fernando Hoffman,fernando.hoffman@icloud.com,619.363.0462x314,Glen Allen,AL,2026-01-16
CUST_01746,Jennifer Gibbs,jennifer.gibbs@icloud.com,4947266271,Rockland,WI,2025-06-27
CUST_01747,Susan Mcdowell,susan.mcdowell@yahoo.com,(806)535-3049x543,Butte Des Morts,WI,2023-10-13
CUST_01748,Christopher Taylor,christopher.taylor@aol.com,258.220.7205x85092,Lagrange,GA,2025-09-29
CUST_01749,Mary Sharp,mary.sharp@icloud.com,6076467444,Smyrna,MI,2026-08-21
CUST_01750,Heather Henry,heather.henry@yahoo.com,704-722-1290x88299,Owens Cross Roads,AL,2025-12-13
CUST_01751,Charles Wilkins,charles.wilkins@aol.com,7732152198,Stamford,CT,2024-11-21
CUST_01752,Michael Cooke,michael.cooke@aol.com,837.939.8924,Scranton,PA,2024-10-23
CUST_01753,Andrew Smith,andrew.smith@yahoo.com,311-302-6569x8191,Phoenix,AZ,2026-05-27
CUST_01754,Robin Campbell,robin.campbell@aol.com,+1-789-340-4501x314,Knoxville,TN,2026-01-07
CUST_01755,Carmen Berry,carmen.berry@aol.com,704.802.9399,Memphis,TN,2025-10-02
CUST_01756,Jennifer Ward,jennifer.ward@yahoo.com,+1-955-256-1792x54015,San Jose,NM,2024-04-27
CUST_01757,Stephanie Hicks,stephanie.hicks@icloud.com,+1-586-629-4980x30237,Etna,CA,2024-01-09
CUST_01758,Jeremiah Carpenter,jeremiah.carpenter@aol.com,922-429-7377,Roland,AR,2026-01-30
CUST_01759,Susan Schneider,susan.schneider@outlook.com,448.857.4110x152,Van Horn,TX,2026-06-28
CUST_01760,John Parker,john.parker@outlook.com,(390)929-4895x89837,Hayward,WI,2023-11-07
CUST_01761,Michael Dillon,michael.dillon@outlook.com,723.926.7980x75065,Boise,ID,2025-02-23
CUST_01762,Brian Watkins,brian.watkins@hotmail.com,+1-415-430-7775x17414,Malvern,IA,2026-06-22
CUST_01763,Paige Schneider,paige.schneider@outlook.com,568-792-7315x101,Grandfield,OK,2025-02-07
CUST_01764,Robert Harrison,robert.harrison@aol.com,(771)261-4053,Averill Park,NY,2024-04-10
CUST_01765,Brittany Foster,brittany.foster@outlook.com,262-627-9203,Elmo,UT,2024-03-22
CUST_01766,Pamela Gonzalez,pamela.gonzalez@yahoo.com,001-392-532-5365x320,Bois D Arc,MO,2024-04-11
CUST_01767,Monica Johnson,monica.johnson@yahoo.com,001-817-514-2668x219,New Hartford,NY,2025-07-24
CUST_01768,Julie Patterson,julie.patterson@icloud.com,+1-979-706-9242x38301,Hardwick,MA,2023-09-22
CUST_01769,Jeremy Watts,jeremy.watts@icloud.com,(544)391-5980,Odessa,WA,2025-10-27
CUST_01770,Michelle Holland,michelle.holland@hotmail.com,+1-581-878-3013x73520,Alma,CO,2024-11-03
CUST_01771,Amber Crawford,amber.crawford@icloud.com,(749)852-5969x105,La Habra,CA,2024-05-27
CUST_01772,Stephen Parker,stephen.parker@hotmail.com,859-747-8931x732,Endwell,NY,2023-12-12
CUST_01773,Robert Knox,robert.knox@yahoo.com,+1-794-709-8939,Mineral Wells,WV,2025-08-03
CUST_01774,Thomas Davis,thomas.davis@gmail.com,7604355629,Crane,MO,2025-01-14
CUST_01775,Jessica Mathews,jessica.mathews@gmail.com,001-975-702-9082,Middlebranch,OH,2023-11-17
CUST_01776,Michael Vance,michael.vance@icloud.com,001-996-520-2586,De Soto,WI,2025-02-02
CUST_01777,George Acosta,george.acosta@hotmail.com,+1-754-501-7368,Twilight,WV,2023-11-14
CUST_01778,David Cooper,david.cooper@icloud.com,(453)237-9099,Houston,TX,2025-04-15
CUST_01779,Elizabeth West,elizabeth.west@hotmail.com,001-302-528-4274x5939,Redford,NY,2026-08-24
CUST_01780,Amanda Simmons,amanda.simmons@yahoo.com,+1-411-219-4081,Portage,PA,2026-05-09
CUST_01781,Melissa Wallace,melissa.wallace@outlook.com,537.343.7591,Prairie View,KS,2025-11-19
CUST_01782,Krystal Salinas,krystal.salinas@outlook.com,702-209-4260x9154,Heilwood,PA,2025-01-08
CUST_01783,Denise Villarreal,denise.villarreal@outlook.com,803.458.5246,Atoka,TN,2024-11-24
CUST_01784,Brian Powell,brian.powell@hotmail.com,617-899-0757,Clinton,WI,2026-07-04
CUST_01785,Hannah Cooley,hannah.cooley@aol.com,(447)712-0798x94405,Mirror Lake,NH,2025-10-21
CUST_01786,Paul Roberts,paul.roberts@icloud.com,+1-633-516-4638x948,Las Vegas,NV,2024-01-06
CUST_01787,Wesley Dennis,wesley.dennis@hotmail.com,500-915-6771x73422,Arcadia,LA,2025-01-17
CUST_01788,Joe Harrison,joe.harrison@outlook.com,336-995-2735x50213,Lake Worth,FL,2025-05-13
CUST_01789,David Olson,david.olson@icloud.com,346.729.5347,Wrightsville,GA,2024-10-08
CUST_01790,Brent Meyer,brent.meyer@yahoo.com,001-613-220-0624,San Jose,CA,2026-01-02
CUST_01791,David Phillips,david.phillips@outlook.com,+1-308-209-0131x14538,Milnesville,PA,2023-09-28
CUST_01792,Evan Ward,evan.ward@icloud.com,809-803-4630x65072,Gowrie,IA,2025-07-18
CUST_01793,Christopher Lewis,christopher.lewis@icloud.com,001-520-478-3773x201,Humble,TX,2025-12-11
CUST_01794,Eric Graham,eric.graham@icloud.com,742.965.3613x80648,Harwich Port,MA,2025-03-09
CUST_01795,Janet Gray,janet.gray@gmail.com,740.285.0709,New Castle,PA,2023-10-27
CUST_01796,Kelly Castillo,kelly.castillo@hotmail.com,(721)351-2316,Hurley,WI,2025-06-26
CUST_01797,Jacob Johnson,jacob.johnson@hotmail.com,669-293-1031x2581,Waterloo,WI,2023-12-31
CUST_01798,Joshua Jones,joshua.jones@aol.com,590.784.5159x826,Lake Worth,FL,2026-08-23
CUST_01799,Jonathan Ball,jonathan.ball@outlook.com,(858)397-8791x00705,Pendleton,OR,2024-01-11
CUST_01800,Michael Ingram,michael.ingram@gmail.com,441-338-0990,Los Angeles,CA,2023-12-26
CUST_01801,Anthony Rose,anthony.rose@yahoo.com,(425)492-0651,Hot Springs,SD,2026-05-04
CUST_01802,Joseph Webb,joseph.webb@outlook.com,(257)728-0070x61813,Deerfield,WI,2023-09-28
CUST_01803,Richard Gordon,richard.gordon@aol.com,+1-906-594-5809x68508,Arlington,WA,2024-03-05
CUST_01804,Michele Wright,michele.wright@yahoo.com,608-373-4073,Saint Louis,MO,2024-11-26
CUST_01805,Tonya Nunez,tonya.nunez@icloud.com,+1-731-453-9638x1030,Covington,KY,2023-09-06
CUST_01806,Dawn Vega,dawn.vega@yahoo.com,+1-243-397-0887x548,Chandler,MN,2024-10-24
CUST_01807,Robert Whitehead,robert.whitehead@icloud.com,781-450-0084x4571,Irvington,VA,2025-11-11
CUST_01808,Theresa Marquez,theresa.marquez@outlook.com,+1-648-536-5093x850,Charlotte,NC,2025-04-22
CUST_01809,Damon Hill,damon.hill@gmail.com,(706)206-9443x29042,Tonawanda,NY,2026-02-02
CUST_01810,Thomas Chaney,thomas.chaney@icloud.com,332.728.2061,Glenwood,IL,2024-12-02
CUST_01811,Adrian Baker,adrian.baker@yahoo.com,001-950-342-0578,Maskell,NE,2025-11-07
CUST_01812,Jeffrey Ward,jeffrey.ward@yahoo.com,(680)841-6466x91830,Mayaguez,PR,2025-12-27
CUST_01813,Taylor Oliver,taylor.oliver@yahoo.com,(563)896-2525,Goodwater,AL,2023-09-18
CUST_01814,Todd Snyder,todd.snyder@outlook.com,209-962-2897x0906,Bono,AR,2024-07-25
CUST_01815,Steven Harris,steven.harris@yahoo.com,490.346.8952,Mandaree,ND,2025-01-01
CUST_01816,Virginia Carlson,virginia.carlson@icloud.com,268.672.4127x330,Washington,DC,2026-03-13
CUST_01817,Edward Chavez,edward.chavez@gmail.com,(250)498-2558,Southampton,NY,2023-10-15
CUST_01818,Brittany Oneill,brittany.oneill@gmail.com,001-855-420-0777,Springfield,MO,2024-11-22
CUST_01819,Sandra Anderson,sandra.anderson@hotmail.com,+1-707-945-9658x88211,San Francisco,CA,2025-09-07
CUST_01820,Heather Morgan,heather.morgan@yahoo.com,001-446-621-7184x025,Valley Stream,NY,2024-03-06
CUST_01821,Amy Lewis,amy.lewis@yahoo.com,924.243.5031x550,Franklin,TN,2024-04-25
CUST_01822,Lisa Charles,lisa.charles@hotmail.com,(934)420-9589x134,Spur,TX,2025-10-07
CUST_01823,Thomas Parks,thomas.parks@hotmail.com,(909)295-4232x520,Daleville,IN,2025-11-03
CUST_01824,Rachael Sims,rachael.sims@gmail.com,400-513-7329x355,Gustine,CA,2024-11-21
CUST_01825,Robert Davis,robert.davis@yahoo.com,236.594.2464x97883,Pawhuska,OK,2024-02-08
CUST_01826,Joshua Robertson,joshua.robertson@yahoo.com,(450)205-2457x65670,Freeport,NY,2024-07-25
CUST_01827,Phillip Le,phillip.le@outlook.com,537-993-8167,Kingsville,MD,2024-11-05
CUST_01828,Sara Moore,sara.moore@hotmail.com,+1-270-792-5817x217,White Plains,GA,2025-10-04
CUST_01829,Renee Harvey,renee.harvey@hotmail.com,001-563-460-1489,Hattieville,AR,2024-09-14
CUST_01830,Jennifer Wright,jennifer.wright@yahoo.com,(771)618-3371x17141,Riviera,TX,2026-05-30
CUST_01831,Rhonda Kim,rhonda.kim@icloud.com,(652)400-1081x9010,Bremen,KS,2025-09-05
CUST_01832,Scott Duncan,scott.duncan@aol.com,(362)263-6386,Litchfield,NH,2024-03-16
CUST_01833,Michael Ray,michael.ray@gmail.com,+1-231-333-5064x789,Parrish,AL,2025-09-02
CUST_01834,Carlos Buchanan,carlos.buchanan@aol.com,001-455-935-3953,Portsmouth,VA,2023-08-31
CUST_01835,Brandy Holmes,brandy.holmes@hotmail.com,+1-509-315-5367x641,Packwood,WA,2026-01-31
CUST_01836,Gilbert Watson,gilbert.watson@icloud.com,+1-508-769-8476x20552,Valley City,OH,2025-06-09
CUST_01837,Christopher Moyer,christopher.moyer@aol.com,+1-281-414-7387,Sasabe,AZ,2026-08-17
CUST_01838,Cheryl Green,cheryl.green@hotmail.com,(352)741-2100,Crossroads,NM,2026-04-08
CUST_01839,Martha Santana,martha.santana@gmail.com,584-899-6762,Engelhard,NC,2026-04-10
CUST_01840,Cindy Thomas,cindy.thomas@yahoo.com,+1-572-764-9394,Glenshaw,PA,2024-06-19
CUST_01841,Jennifer Jones,jennifer.jones@outlook.com,(959)569-7013,Hume,VA,2026-04-19
CUST_01842,Michael Walton,michael.walton@yahoo.com,529-461-1478x68795,Seminole,OK,2024-11-29
CUST_01843,Connie Warner,connie.warner@aol.com,574-243-9944x713,Bend,OR,2025-04-19
CUST_01844,Reginald Castillo,reginald.castillo@yahoo.com,861-591-8824x8689,Newport News,VA,2025-07-03
CUST_01845,Jimmy Mcdaniel,jimmy.mcdaniel@gmail.com,+1-980-651-9265x88577,Vernon,IN,2025-08-14
CUST_01846,Stacey Johnson,stacey.johnson@gmail.com,001-229-819-7109,Jeffersonton,VA,2025-01-27
CUST_01847,Veronica Wong,veronica.wong@outlook.com,690-836-3015,Richmond,ME,2023-12-23
CUST_01848,Robert Johnson,robert.johnson@aol.com,321.659.2999x264,Oakland,MS,2026-02-06
CUST_01849,Wendy Weaver,wendy.weaver@yahoo.com,359-595-8539x8543,Horseshoe Bay,TX,2023-12-05
CUST_01850,Timothy Hogan,timothy.hogan@aol.com,750-335-8184,Oklahoma City,OK,2026-07-31
CUST_01851,Diana Johnson,diana.johnson@gmail.com,(382)813-4314,Troy,MI,2025-08-09
CUST_01852,Tina Sullivan,tina.sullivan@yahoo.com,907-514-9400,Fancy Farm,KY,2025-12-03
CUST_01853,Kendra Gibson,kendra.gibson@yahoo.com,424-430-8059x501,Garrett,WY,2024-07-10
CUST_01854,Victoria Paul,victoria.paul@yahoo.com,638.471.7137x54584,Chestertown,NY,2024-05-30
CUST_01855,Lynn Lee,lynn.lee@hotmail.com,477.926.2476x39492,Dpo,AE,2026-08-15
CUST_01856,Mitchell Scott,mitchell.scott@aol.com,+1-479-963-0401x6885,Warren Center,PA,2025-10-01
CUST_01857,Christine Mills,christine.mills@aol.com,(774)228-7501x347,San Antonio,TX,2026-04-08
CUST_01858,Lisa Small,lisa.small@yahoo.com,001-578-227-5840x4305,Scottsburg,NY,2024-09-07
CUST_01859,Patricia Miller,patricia.miller@yahoo.com,834-448-3915x2192,Douglas,AK,2025-06-06
CUST_01860,Sheila Edwards,sheila.edwards@yahoo.com,949-777-5577x7410,Palm Coast,FL,2026-08-20
CUST_01861,Kristen Watson,kristen.watson@gmail.com,432-399-5091x660,Evansville,IN,2025-03-26
CUST_01862,Jason Riley,jason.riley@gmail.com,001-965-288-0472,Elk Park,NC,2024-06-03
CUST_01863,Keith Evans,keith.evans@gmail.com,315.870.6069x483,Fresno,CA,2025-11-12
CUST_01864,Brittany Gonzales,brittany.gonzales@icloud.com,855-752-5883x21353,Canoga Park,CA,2024-04-15
CUST_01865,Rebecca Sosa,rebecca.sosa@aol.com,(810)304-5155x080,Southeastern,PA,2023-12-30
CUST_01866,Melissa Cruz,melissa.cruz@outlook.com,578.955.0540x833,Los Angeles,CA,2024-04-10
CUST_01867,Timothy Bates,timothy.bates@icloud.com,(217)203-4918x382,Park Hill,OK,2024-11-17
CUST_01868,Alyssa Lee,alyssa.lee@outlook.com,001-756-708-7259x321,Middlebury,VT,2025-01-30
CUST_01869,Sara Johnson,sara.johnson@outlook.com,759-701-7661,Maynard,MA,2024-01-15
CUST_01870,Don Hanson,don.hanson@hotmail.com,001-647-809-0772x8056,Daytona Beach,FL,2024-10-12
CUST_01871,Ashley Spencer,ashley.spencer@outlook.com,213-603-3419,Augusta,MT,2023-09-06
CUST_01872,Elizabeth White,elizabeth.white@gmail.com,(787)223-3561x2522,Monroe,UT,2024-05-11
CUST_01873,Mark Mcconnell,mark.mcconnell@icloud.com,001-331-610-8521,Lewisburg,PA,2025-07-11
CUST_01874,Rebecca Melendez,rebecca.melendez@icloud.com,747-998-7471x614,Carroll,OH,2025-04-09
CUST_01875,Theresa Powell,theresa.powell@hotmail.com,402-443-7065x3425,Crewe,VA,2025-06-09
CUST_01876,Alyssa Jones,alyssa.jones@outlook.com,205.352.0942,Green Springs,OH,2023-10-09
CUST_01877,Gregory Walker,gregory.walker@gmail.com,+1-517-914-2625x37362,Montgomery,AL,2025-04-05
CUST_01878,Molly Garcia,molly.garcia@icloud.com,989-249-3557x761,Marshall,TX,2025-12-14
CUST_01879,Sharon Smith,sharon.smith@icloud.com,720.728.9323x827,Millrift,PA,2024-12-20
CUST_01880,Stephanie Maldonado,stephanie.maldonado@icloud.com,416-729-3283,Pewee Valley,KY,2024-12-12
CUST_01881,Michael Moran,michael.moran@icloud.com,001-952-512-3174,Ann Arbor,MI,2024-10-03
CUST_01882,Allison Molina,allison.molina@yahoo.com,995.520.5839x17886,Tremonton,UT,2026-03-04
CUST_01883,Matthew Olson,matthew.olson@aol.com,001-739-593-0021x2592,Daisy,MO,2023-09-14
CUST_01884,Jonathan Fox,jonathan.fox@outlook.com,+1-763-803-5615,Birmingham,AL,2023-11-17
CUST_01885,Frederick Hoffman,frederick.hoffman@hotmail.com,(410)872-2188,South Barre,VT,2025-09-28
CUST_01886,Gabriella Spears,gabriella.spears@yahoo.com,(753)950-3858x08153,Lake Dallas,TX,2024-02-12
CUST_01887,Brian Hensley,brian.hensley@outlook.com,+1-813-725-9641x8480,Windom,TX,2025-05-22
CUST_01888,Shane Murray,shane.murray@icloud.com,+1-253-840-0210,Inverness,FL,2023-09-12
CUST_01889,Sarah Ryan,sarah.ryan@icloud.com,395-497-8953x79639,Kensal,ND,2025-06-10
CUST_01890,Elizabeth Mitchell,elizabeth.mitchell@gmail.com,+1-665-923-6969x36383,Apo,AE,2024-08-30
CUST_01891,Amy Robinson,amy.robinson@gmail.com,773.871.5976x19491,Stanford,IL,2025-11-29
CUST_01892,Christine Mccall,christine.mccall@icloud.com,9313878944,Aberdeen,OH,2024-07-31
CUST_01893,Bryan Dodson,bryan.dodson@yahoo.com,(340)578-9364,Summerfield,OH,2023-09-08
CUST_01894,Laura Sharp,laura.sharp@gmail.com,552.561.1554x7780,New Bern,NC,2026-08-01
CUST_01895,George Reed,george.reed@hotmail.com,001-869-517-9958,Horse Branch,KY,2024-06-09
CUST_01896,Wayne Evans,wayne.evans@gmail.com,985-736-7499,Gallant,AL,2024-01-08
CUST_01897,Sarah Nelson,sarah.nelson@yahoo.com,873.422.1677x85337,Durand,MI,2025-11-25
CUST_01898,Jasmine Wright,jasmine.wright@icloud.com,505-821-0093,Mount Vernon,AR,2024-07-25
CUST_01899,James Hubbard,james.hubbard@outlook.com,(854)414-8145,Dallas,TX,2025-12-31
CUST_01900,Kerri Weber,kerri.weber@yahoo.com,421-971-8849x172,Columbia,SC,2024-11-30
CUST_01901,Dawn Mays,dawn.mays@hotmail.com,507-446-3329,Spring,TX,2025-10-26
CUST_01902,Andrew Richards,andrew.richards@aol.com,(287)599-3114x8718,Bledsoe,TX,2025-04-04
CUST_01903,Keith Hawkins,keith.hawkins@yahoo.com,+1-539-838-6489,Spencerville,OK,2025-01-03
CUST_01904,Marcus George,marcus.george@gmail.com,+1-584-946-8831,Apo,AE,2025-10-17
CUST_01905,Kayla Martin,kayla.martin@outlook.com,001-579-938-7680x0516,Erie,PA,2025-03-07
CUST_01906,Jonathan Potter,jonathan.potter@aol.com,+1-800-260-6631,Plains,TX,2026-08-08
CUST_01907,Curtis Hartman,curtis.hartman@outlook.com,+1-351-554-1734x589,Mount Vernon,AR,2025-03-10
CUST_01908,Jason Montgomery,jason.montgomery@yahoo.com,656.852.9841x263,Union City,OH,2026-07-14
CUST_01909,Kyle Ramirez,kyle.ramirez@aol.com,354-681-0326x96730,Norwalk,CT,2026-06-01
CUST_01910,Brent Harper,brent.harper@outlook.com,001-320-983-7677x427,Indian Wells,CA,2025-04-22
CUST_01911,Linda Stokes,linda.stokes@gmail.com,381.556.5779,Clearfield,KY,2026-08-11
CUST_01912,Dylan Johnson,dylan.johnson@gmail.com,+1-348-532-4481x17158,Philadelphia,PA,2024-10-05
CUST_01913,Samantha Ellis,samantha.ellis@yahoo.com,(379)834-6231x88457,New York,NY,2026-01-24
CUST_01914,Lorraine Hicks,lorraine.hicks@hotmail.com,861-695-4879,Fort Mitchell,VA,2024-08-12
CUST_01915,Jeffrey Mueller,jeffrey.mueller@gmail.com,677.243.1495x16752,Baldwin City,KS,2026-07-01
CUST_01916,Courtney Dominguez,courtney.dominguez@hotmail.com,226.791.2155,Gause,TX,2023-11-19
CUST_01917,Joshua Huerta,joshua.huerta@outlook.com,001-952-480-9301,San Antonio,TX,2026-01-06
CUST_01918,Eric Riggs,eric.riggs@aol.com,929-403-2876x83027,Bude,MS,2026-04-23
CUST_01919,Robert Mcintyre,robert.mcintyre@aol.com,001-416-686-9893x90988,Curlew,WA,2025-10-11
CUST_01920,Grace Crosby,grace.crosby@aol.com,603-354-6649x46556,Hillister,TX,2024-06-28
CUST_01921,Christopher Long,christopher.long@hotmail.com,654.596.5628,Lecompton,KS,2024-07-04
CUST_01922,Wendy Henry,wendy.henry@hotmail.com,(301)696-6223x26127,El Paso,TX,2025-11-27
CUST_01923,Chris Buckley,chris.buckley@yahoo.com,231.514.8284x7634,Joelton,TN,2024-09-12
CUST_01924,Catherine Hansen,catherine.hansen@gmail.com,7365133498,Mobridge,SD,2026-01-22
CUST_01925,Kevin Meyer,kevin.meyer@gmail.com,(587)411-2795,Delano,CA,2025-11-23
CUST_01926,Kathy Clark,kathy.clark@icloud.com,802.395.5940,Miami,TX,2025-09-02
CUST_01927,Sarah Spencer,sarah.spencer@gmail.com,+1-512-715-2988x428,Suffolk,VA,2025-05-12
CUST_01928,Ashley Smith,ashley.smith@yahoo.com,+1-612-539-0278x9820,Presque Isle,WI,2024-06-15
CUST_01929,Bradley Wheeler,bradley.wheeler@outlook.com,(897)572-3722,Mohrsville,PA,2024-09-14
CUST_01930,Christina Boyd,christina.boyd@hotmail.com,001-975-678-4898,Norvelt,PA,2024-04-14
CUST_01931,Gary Koch,gary.koch@hotmail.com,797-368-5149x737,Dpo,AA,2024-08-18
CUST_01932,Jesse Spears,jesse.spears@aol.com,847-453-1248,Forest City,IA,2025-05-27
CUST_01933,Joseph Mullins,joseph.mullins@outlook.com,663-222-1767x5773,Fithian,IL,2023-10-08
CUST_01934,Alexander Martin,alexander.martin@aol.com,+1-637-877-4140x409,Volga,IA,2023-12-25
CUST_01935,Sean Dominguez,sean.dominguez@yahoo.com,451-618-9282x61112,Thornburg,VA,2024-04-30
CUST_01936,Jessica Sanders,jessica.sanders@hotmail.com,478.430.0692x415,Bowling Green,KY,2024-03-14
CUST_01937,Sheila Patton,sheila.patton@yahoo.com,558-694-2216x338,Sturbridge,MA,2024-08-04
CUST_01938,Jennifer Gomez,jennifer.gomez@aol.com,437-312-6329,West Union,IA,2025-03-28
CUST_01939,Maria Mitchell,maria.mitchell@aol.com,969.619.2424x2139,Fountainville,PA,2025-03-24
CUST_01940,Matthew Mercer,matthew.mercer@yahoo.com,298-689-4816,Cedar Grove,WI,2024-12-12
CUST_01941,Mary Garcia,mary.garcia@aol.com,281-307-9835x61751,Stanhope,IA,2025-09-05
CUST_01942,Carol Patel,carol.patel@outlook.com,204.282.9973x350,Suamico,WI,2026-08-06
CUST_01943,Teresa Velasquez,teresa.velasquez@yahoo.com,001-566-620-9257x1546,Meriden,NH,2026-06-15
CUST_01944,Kevin Sheppard,kevin.sheppard@aol.com,202.871.7136x7601,Moro,AR,2025-11-01
CUST_01945,Ashley Jackson,ashley.jackson@gmail.com,906-969-1171x4081,Farwell,TX,2026-01-28
CUST_01946,Andrea Farmer,andrea.farmer@aol.com,899-392-5027x66564,Fly Creek,NY,2024-11-25
CUST_01947,Louis Burke,louis.burke@outlook.com,001-433-327-8638x64772,Stillwater,OK,2024-04-06
CUST_01948,Howard Wong,howard.wong@aol.com,8602061069,Rocky Hill,KY,2023-10-10
CUST_01949,Angela Hodges,angela.hodges@hotmail.com,4166043938,Taholah,WA,2024-10-25
CUST_01950,Timothy Perry,timothy.perry@gmail.com,001-687-269-4901x63783,Spanaway,WA,2025-05-22
CUST_01951,Clayton Wilson,clayton.wilson@icloud.com,369.305.8830x91291,Mendocino,CA,2024-01-15
CUST_01952,Alexandra Garcia,alexandra.garcia@yahoo.com,+1-856-924-1087x2101,Trosper,KY,2024-03-15
CUST_01953,Tammy Montgomery,tammy.montgomery@aol.com,(923)351-8046x05033,Captain Cook,HI,2025-08-04
CUST_01954,Jacob Moore,jacob.moore@aol.com,(438)739-1151x67298,Annandale On Hudson,NY,2024-06-02
CUST_01955,Timothy Lee,timothy.lee@icloud.com,451.367.7841,Newport Coast,CA,2025-01-31
CUST_01956,Holly Baker,holly.baker@gmail.com,+1-605-305-4441x68125,Palmyra,MO,2025-02-03
CUST_01957,Loretta Reed,loretta.reed@hotmail.com,662-297-9294x21596,Linthicum Heights,MD,2023-10-28
CUST_01958,Nicole English,nicole.english@outlook.com,940.307.1938,Apo,AE,2026-02-11
CUST_01959,Tammy Lawson,tammy.lawson@yahoo.com,(617)213-8238,Hay Springs,NE,2026-01-07
CUST_01960,Jeremy Blanchard,jeremy.blanchard@outlook.com,001-752-966-2125,Ellsworth,OH,2026-04-07
CUST_01961,Angelica Savage,angelica.savage@yahoo.com,(793)672-3243,Gray,LA,2025-09-14
CUST_01962,Aaron Lane,aaron.lane@icloud.com,+1-916-323-4438x74665,Tyler,TX,2025-09-09
CUST_01963,Shannon Pratt,shannon.pratt@outlook.com,(911)624-0345x3195,Stonington,IL,2024-12-28
CUST_01964,Jason Collins,jason.collins@hotmail.com,001-938-374-6205x9805,Grand Mound,IA,2024-05-07
CUST_01965,Kylie Dillon,kylie.dillon@gmail.com,+1-420-849-1853x343,Keota,OK,2025-04-09
CUST_01966,Cody Tanner,cody.tanner@yahoo.com,4989318893,Citrus Heights,CA,2023-09-04
CUST_01967,Glenn Rodriguez,glenn.rodriguez@yahoo.com,697-992-5163,Gore,VA,2026-05-28
CUST_01968,Jason Mcbride,jason.mcbride@hotmail.com,711.662.0876x6775,Charlton City,MA,2026-05-18
CUST_01969,Timothy Perez,timothy.perez@icloud.com,001-788-890-0249x896,Hummels Wharf,PA,2024-04-02
CUST_01970,Kimberly Perry,kimberly.perry@hotmail.com,422-852-2736x888,Shingleton,MI,2024-03-20
CUST_01971,Andrew Davis,andrew.davis@aol.com,(651)776-5086x67884,Porterdale,GA,2026-02-20
CUST_01972,Jason Shea,jason.shea@hotmail.com,+1-478-753-3277,Urbandale,IA,2025-11-18
CUST_01973,Meghan Garza,meghan.garza@aol.com,(383)460-8252,Sunapee,NH,2024-06-03
CUST_01974,Darlene Morris,darlene.morris@yahoo.com,3753740365,Jewell Ridge,VA,2026-05-07
CUST_01975,Christopher Arellano,christopher.arellano@outlook.com,685.601.3814x508,Beaver Bay,MN,2025-04-12
CUST_01976,Patricia Browning,patricia.browning@outlook.com,+1-450-705-4042x217,Far Rockaway,NY,2025-11-20
CUST_01977,Brandon Lawson,brandon.lawson@yahoo.com,+1-754-771-3048,The Sea Ranch,CA,2025-02-06
CUST_01978,Patrick Wilkins,patrick.wilkins@aol.com,+1-614-480-3887x50822,Cameron,LA,2025-08-10
CUST_01979,James Young,james.young@gmail.com,712.595.6615x74595,Orma,WV,2026-01-17
CUST_01980,Sabrina Bryant,sabrina.bryant@icloud.com,940-600-8998,Los Angeles,CA,2026-02-20
CUST_01981,Mario West,mario.west@gmail.com,759-284-5950x5367,Etowah,AR,2025-04-02
CUST_01982,Michelle Spencer,michelle.spencer@gmail.com,(610)807-7121x47130,Keisterville,PA,2024-10-22
CUST_01983,Kathleen Bentley,kathleen.bentley@hotmail.com,(666)373-5676,Galveston,IN,2024-08-15
CUST_01984,Philip Harris,philip.harris@icloud.com,223.615.4577x7806,Williamsburg,KY,2025-04-29
CUST_01985,David Phillips,david.phillips@outlook.com,869.765.7113,Mildred,MT,2025-01-17
CUST_01986,Jamie Johnson,jamie.johnson@gmail.com,(305)323-4381,Manhattan,MT,2026-01-23
CUST_01987,Margaret Johnson,margaret.johnson@outlook.com,846.879.9541x9995,Detroit,MI,2025-06-16
CUST_01988,Steven Gonzalez,steven.gonzalez@aol.com,(230)432-1773x3255,Mckenna,WA,2025-10-09
CUST_01989,Gregory Burgess,gregory.burgess@aol.com,333.915.9618,Clintonville,WI,2024-11-20
CUST_01990,Jason Zimmerman,jason.zimmerman@yahoo.com,583.607.5822x46410,Charlotte,NC,2024-10-15
CUST_01991,Melissa Martinez,melissa.martinez@yahoo.com,981.555.1774x91659,Del Rio,TX,2026-07-27
CUST_01992,Jeffrey Sheppard,jeffrey.sheppard@yahoo.com,4015632944,Grove,OK,2026-06-21
CUST_01993,Patrick Ochoa,patrick.ochoa@aol.com,864-342-5502x54543,West Stewartstown,NH,2025-09-25
CUST_01994,Jared Henderson,jared.henderson@aol.com,001-366-533-5231x364,Beverly Hills,FL,2025-04-17
CUST_01995,Jennifer Scott,jennifer.scott@gmail.com,9204419072,Ralston,IA,2025-05-24
CUST_01996,Jeff Allen,jeff.allen@gmail.com,4799674558,Fort Washington,PA,2025-01-21
CUST_01997,Rebecca Le,rebecca.le@yahoo.com,214-587-0784x27197,Caballo,NM,2023-10-10
CUST_01998,David Garza,david.garza@outlook.com,878-716-1020x3027,Custar,OH,2023-12-02
CUST_01999,Matthew Hughes,matthew.hughes@outlook.com,703.458.0848,Franklin,NH,2025-05-31
CUST_02000,Alyssa Vega,alyssa.vega@gmail.com,+1-748-303-3093x467,Eldred,PA,2024-09-07
CUST_02001,Andre Jackson,andre.jackson@outlook.com,(300)783-9588x7777,Tullos,LA,2024-03-04
CUST_02002,Michael Armstrong,michael.armstrong@yahoo.com,804-989-9190x699,Walker,WV,2025-07-13
CUST_02003,David Rose,david.rose@aol.com,+1-481-564-3564x78925,Billings,MT,2026-01-05
CUST_02004,Steven Parks,steven.parks@aol.com,865-912-0781x012,Shidler,OK,2023-09-17
CUST_02005,James Lee,james.lee@aol.com,7568546061,Eastville,VA,2025-06-23
CUST_02006,Jacob Aguilar,jacob.aguilar@yahoo.com,+1-683-724-8840x32173,Cumberland Gap,TN,2023-10-20
CUST_02007,John Mullins,john.mullins@aol.com,746-748-1224x856,Humboldt,IA,2024-05-04
CUST_02008,Gregory Williams,gregory.williams@icloud.com,984-524-0688x9295,Sidney,MT,2024-07-18
CUST_02009,Stephanie Williams,stephanie.williams@icloud.com,471-790-3468x15412,Antonito,CO,2026-05-17
CUST_02010,Sabrina Singh,sabrina.singh@hotmail.com,(595)249-6664x70511,Emlyn,KY,2026-04-09
CUST_02011,William Vance,william.vance@yahoo.com,468.584.1401x959,Glasgow,KY,2024-06-22
CUST_02012,Joshua White,joshua.white@icloud.com,894-704-8097,Plaistow,NH,2025-03-18
CUST_02013,Aaron Erickson,aaron.erickson@gmail.com,001-517-901-8609x876,Jeffersonville,IN,2025-02-09
CUST_02014,Mary Taylor,mary.taylor@icloud.com,599.595.2206x714,Leroy,MI,2024-01-20
CUST_02015,Timothy Flores,timothy.flores@icloud.com,001-546-287-8792,Middleport,NY,2026-08-25
CUST_02016,Gina Martinez,gina.martinez@yahoo.com,(222)776-2122,White Oak,GA,2024-07-21
CUST_02017,Jason Collins,jason.collins@outlook.com,698-914-2063,Martinton,IL,2025-04-13
CUST_02018,Lauren Kramer,lauren.kramer@aol.com,+1-342-705-9841x1504,Joyce,LA,2025-07-04
CUST_02019,Richard Oneal,richard.oneal@icloud.com,(891)767-1572x56472,Miami,FL,2025-01-30
CUST_02020,Robin Burnett,robin.burnett@aol.com,728-660-3769x76511,Kingsville,TX,2025-01-29
CUST_02021,Jeffrey Hill,jeffrey.hill@outlook.com,536-537-5740x4070,Acworth,GA,2024-01-11
CUST_02022,Joe Johnson,joe.johnson@hotmail.com,(291)982-7201x4445,Denver,CO,2025-06-25
CUST_02023,David Crawford,david.crawford@hotmail.com,925.984.4304,East Moriches,NY,2026-01-23
CUST_02024,Wendy Richardson,wendy.richardson@hotmail.com,(406)983-2637x243,Pewee Valley,KY,2026-04-25
CUST_02025,Jonathan Simmons,jonathan.simmons@yahoo.com,+1-549-274-0469,Austin,TX,2024-01-26
CUST_02026,Jennifer Turner,jennifer.turner@gmail.com,+1-739-727-1698x78010,Santa Barbara,CA,2025-04-07
CUST_02027,Chad Gay,chad.gay@aol.com,784-521-7028x0775,Painesville,OH,2025-09-01
CUST_02028,Matthew Bender,matthew.bender@outlook.com,+1-793-462-8805,Putnam Hall,FL,2026-03-10
CUST_02029,Kathleen Wright,kathleen.wright@yahoo.com,986.336.1222x19098,Coyote,NM,2024-01-16
CUST_02030,Christy Huang,christy.huang@aol.com,(273)618-8740x74839,Nashville,TN,2025-09-25
CUST_02031,Valerie Greer,valerie.greer@hotmail.com,813-241-6955,Donaldson,AR,2026-02-22
CUST_02032,Alyssa Nguyen,alyssa.nguyen@aol.com,8282172809,Farmersville Station,NY,2023-09-22
CUST_02033,Joshua Adams,joshua.adams@outlook.com,001-582-504-9256x03379,Oakley,UT,2025-03-30
CUST_02034,Stephen Reid,stephen.reid@icloud.com,(257)265-2418,Gates Mills,OH,2025-02-11
CUST_02035,Craig Marshall,craig.marshall@icloud.com,(773)953-6534x3919,Williamsport,PA,2023-12-18
CUST_02036,Kerry Jackson,kerry.jackson@icloud.com,521.411.4002,Wheelwright,MA,2025-09-07
CUST_02037,John Williams,john.williams@outlook.com,001-926-683-6489,Campbelltown,PA,2024-05-07
CUST_02038,Ross Mitchell,ross.mitchell@outlook.com,001-543-501-4170x006,Chapel Hill,NC,2026-05-14
CUST_02039,Bobby Lee,bobby.lee@aol.com,001-370-223-5079x49063,State Road,NC,2024-12-06
CUST_02040,Jasmine Ingram,jasmine.ingram@gmail.com,232.384.5809x33873,Woodland Hills,CA,2026-08-20
CUST_02041,Greg Alvarado,greg.alvarado@hotmail.com,+1-724-660-6005x76340,Dothan,AL,2024-01-10
CUST_02042,Jacqueline Jordan,jacqueline.jordan@icloud.com,(633)251-6814,Lakeside,CT,2024-02-20
CUST_02043,Kenneth Jacobs,kenneth.jacobs@hotmail.com,229.535.4965x147,Lemoyne,PA,2024-10-02
CUST_02044,Ashley Rasmussen,ashley.rasmussen@yahoo.com,270-690-0461,New York,NY,2024-04-20
CUST_02045,Michael Smith,michael.smith@yahoo.com,(973)512-7405,Gotebo,OK,2025-08-29
CUST_02046,Jonathan Butler,jonathan.butler@gmail.com,(425)821-1098x780,Denver,CO,2026-05-07
CUST_02047,Brandy Howard,brandy.howard@icloud.com,+1-860-856-9940x41275,Davenport,IA,2025-05-29
CUST_02048,Adam Herrera,adam.herrera@icloud.com,8955937326,Purcellville,VA,2026-04-29
CUST_02049,Ryan Price,ryan.price@icloud.com,5096277463,Pioneer,OH,2024-12-03
CUST_02050,Christine Williams,christine.williams@gmail.com,+1-277-654-7659,Allendale,IL,2024-05-31
CUST_02051,Jeremiah Hoffman,jeremiah.hoffman@outlook.com,274.717.8555x385,Atlanta,GA,2024-08-19
CUST_02052,Claudia Roberts,claudia.roberts@outlook.com,832.773.1420x84651,Oak Hill,FL,2026-07-21
CUST_02053,Jacob Flores,jacob.flores@icloud.com,001-839-563-7603x6943,Casey,IL,2026-03-14
CUST_02054,Matthew Martin,matthew.martin@hotmail.com,001-956-262-4977x35922,Winston Salem,NC,2025-02-17
CUST_02055,Melissa Cruz,melissa.cruz@outlook.com,709.318.0054x2249,Merion Station,PA,2024-08-09
CUST_02056,Daniel Galloway,daniel.galloway@yahoo.com,+1-709-992-0825x370,Lexington,KY,2026-07-19
CUST_02057,Kelsey Wang,kelsey.wang@icloud.com,5733020690,Scranton,PA,2026-01-16
CUST_02058,Brenda Smith,brenda.smith@outlook.com,330-936-0398x797,Fife Lake,MI,2023-12-25
CUST_02059,William Butler,william.butler@icloud.com,+1-913-369-1516x60410,New Orleans,LA,2025-04-12
CUST_02060,Gabrielle Powers,gabrielle.powers@hotmail.com,+1-819-446-9272x409,Newfield,ME,2024-01-24
CUST_02061,Gregory Henry,gregory.henry@outlook.com,(458)928-3578,Island Grove,FL,2025-01-08
CUST_02062,Janet Miller,janet.miller@hotmail.com,(858)796-6189x305,Thomaston,GA,2025-02-05
CUST_02063,Jenna Le,jenna.le@aol.com,933-518-9819x84813,Madison,WI,2026-08-19
CUST_02064,James Nichols,james.nichols@icloud.com,+1-888-930-6794x7317,Abbeville,AL,2024-10-08
CUST_02065,Luis Horton,luis.horton@gmail.com,382-668-2988x31401,San Bernardino,CA,2024-04-28
CUST_02066,Lauren Moore,lauren.moore@aol.com,(883)600-9831x708,Cardinal,VA,2024-01-18
CUST_02067,Douglas Villarreal,douglas.villarreal@aol.com,001-939-435-3797x19320,Rocky Ridge,MD,2023-12-28
CUST_02068,Jerry James,jerry.james@outlook.com,(231)374-3537x557,Charlotte,NC,2025-05-29
CUST_02069,Brooke Barker,brooke.barker@outlook.com,+1-683-402-5475x3859,Lochgelly,WV,2026-01-09
CUST_02070,Julian Fuller,julian.fuller@outlook.com,385-554-5152,Coppell,TX,2025-07-25
CUST_02071,Claire Hicks,claire.hicks@yahoo.com,001-997-374-7442x090,Chino Valley,AZ,2025-03-15
CUST_02072,Crystal Brown,crystal.brown@hotmail.com,852.294.4428x282,Peoria,IL,2024-08-22
CUST_02073,Darren Ruiz,darren.ruiz@aol.com,+1-482-332-3886,Mcallen,TX,2025-12-27
CUST_02074,Heather Jones,heather.jones@outlook.com,(688)548-7726x6020,Clarksdale,MO,2026-06-04
CUST_02075,Becky Wolfe,becky.wolfe@gmail.com,001-520-318-8558x7146,Miami,FL,2025-01-14
CUST_02076,Kathryn Andrews,kathryn.andrews@yahoo.com,3973572344,Eatonton,GA,2025-02-27
CUST_02077,William Boyd,william.boyd@hotmail.com,001-733-564-0796,Skokie,IL,2026-03-29
CUST_02078,Michael Green,michael.green@yahoo.com,001-755-647-8484x661,Gaylord,MI,2023-12-09
CUST_02079,Jacqueline Smith,jacqueline.smith@outlook.com,001-629-969-3175x208,Springfield,IL,2024-02-01
CUST_02080,Erica Sullivan,erica.sullivan@icloud.com,+1-689-809-2406x429,Woodbridge,VA,2026-03-27
CUST_02081,Michael Young,michael.young@yahoo.com,+1-250-630-4448,Plainville,MA,2023-11-16
CUST_02082,Kelly Jimenez,kelly.jimenez@yahoo.com,5107497870,Cincinnati,OH,2023-12-20
CUST_02083,Matthew Pierce,matthew.pierce@icloud.com,962.954.1336,Thackerville,OK,2023-12-01
CUST_02084,Penny Mitchell,penny.mitchell@icloud.com,001-455-303-1265x058,Portland,OH,2026-03-07
CUST_02085,Kristen Martinez,kristen.martinez@gmail.com,2067150509,New Ulm,TX,2024-05-03
CUST_02086,Jenny Hopkins,jenny.hopkins@outlook.com,442.343.5980,Shady Valley,TN,2023-12-25
CUST_02087,Cheryl Davis,cheryl.davis@gmail.com,(749)639-5859,Hollister,CA,2025-01-20
CUST_02088,Michelle Vazquez,michelle.vazquez@outlook.com,571.940.9213x791,Axtell,KS,2025-01-12
CUST_02089,Angela Vazquez,angela.vazquez@aol.com,(546)897-8715x7037,Keysville,GA,2024-12-21
CUST_02090,Nicholas Smith,nicholas.smith@hotmail.com,404-239-7487,Glendale,OR,2024-07-01
CUST_02091,Chris Hamilton,chris.hamilton@hotmail.com,(927)928-6623x988,Mojave,CA,2024-01-08
CUST_02092,Megan Hawkins,megan.hawkins@yahoo.com,+1-810-913-9028x930,Mohawk,TN,2026-07-02
CUST_02093,Anna Hamilton,anna.hamilton@gmail.com,+1-948-237-1295,Lexington,GA,2025-11-15
CUST_02094,Bobby Daniel,bobby.daniel@aol.com,293.228.0020x8155,Raysal,WV,2025-04-30
CUST_02095,Laura Smith,laura.smith@hotmail.com,(316)817-5776,Brogan,OR,2023-09-08
CUST_02096,Bobby Thomas,bobby.thomas@gmail.com,+1-430-705-2697x65058,Little River,SC,2023-10-09
CUST_02097,Diane Cox,diane.cox@gmail.com,888-360-1028,Blacksburg,VA,2025-06-06
CUST_02098,Albert Cooper,albert.cooper@hotmail.com,333-481-6975x9115,Tucson,AZ,2026-03-03
CUST_02099,Cathy Reid,cathy.reid@yahoo.com,797-902-7564x008,Calvin,WV,2024-03-15
CUST_02100,Kevin Morales,kevin.morales@icloud.com,(286)536-1028x4842,Saint Cloud,MN,2025-07-14
CUST_02101,John Atkinson,john.atkinson@outlook.com,+1-297-238-0539,Brockwell,AR,2024-06-25
CUST_02102,Stephanie Rodriguez,stephanie.rodriguez@outlook.com,001-817-481-6286x983,Palatine,IL,2023-11-04
CUST_02103,Joanne Anderson,joanne.anderson@icloud.com,3539308353,Manassas,GA,2024-03-20
CUST_02104,Susan Johnson,susan.johnson@hotmail.com,+1-427-981-0117x185,Hampton,NH,2023-10-09
CUST_02105,Debbie Newman,debbie.newman@icloud.com,874.649.6557,Millers Creek,NC,2024-12-06
CUST_02106,Michael Flores,michael.flores@yahoo.com,001-956-431-0244x783,Tuscarora,MD,2024-07-08
CUST_02107,Sharon Stevens,sharon.stevens@icloud.com,001-312-558-9021x03802,Charlotte,NC,2026-08-19
CUST_02108,Carrie Boone,carrie.boone@gmail.com,(713)566-5595,Kamiah,ID,2026-08-02
CUST_02109,Matthew Alvarez,matthew.alvarez@outlook.com,+1-383-450-8178x135,Carrollton,OH,2024-08-18
CUST_02110,Gabriela Bishop,gabriela.bishop@gmail.com,+1-542-336-5327x1936,Lind,WA,2024-08-21
CUST_02111,Katherine Watts,katherine.watts@outlook.com,9389045635,Denver,CO,2025-10-13
CUST_02112,Richard Cox,richard.cox@icloud.com,(592)377-2614,Horner,WV,2026-08-25
CUST_02113,Zachary Clark,zachary.clark@gmail.com,581-915-9901,Brentwood,TN,2026-02-22
CUST_02114,Melissa Cruz,melissa.cruz@outlook.com,(811)369-4890x6394,Long Grove,IA,2025-09-30
CUST_02115,Jesse Davis,jesse.davis@aol.com,335-216-0814x837,Valyermo,CA,2026-03-12
CUST_02116,Matthew French,matthew.french@icloud.com,+1-417-926-3240x413,Alix,AR,2025-03-23
CUST_02117,David Adams,david.adams@hotmail.com,(384)410-4476,Petaluma,CA,2026-04-16
CUST_02118,Angela Sanchez,angela.sanchez@outlook.com,8199921652,Sound Beach,NY,2025-05-10
CUST_02119,Diamond Cook,diamond.cook@hotmail.com,(212)769-1018,Lompoc,CA,2025-04-06
CUST_02120,Susan Bradshaw,susan.bradshaw@icloud.com,+1-473-991-6777x708,Fairbank,PA,2024-05-11
CUST_02121,Lisa Thomas,lisa.thomas@gmail.com,474.769.0314x75383,Ladora,IA,2024-01-23
CUST_02122,Krista Maldonado,krista.maldonado@hotmail.com,221-545-1275x29698,Quinnesec,MI,2023-12-22
CUST_02123,Sharon Randolph,sharon.randolph@gmail.com,233.204.6800x028,Boggstown,IN,2023-12-02
CUST_02124,Catherine Garcia,catherine.garcia@gmail.com,6148452731,Seattle,WA,2026-05-08
CUST_02125,Jacob Cain,jacob.cain@outlook.com,399.481.0544x284,Dpo,AE,2025-01-01
CUST_02126,Jacob Andersen,jacob.andersen@yahoo.com,+1-907-837-0000x03919,Long Pine,NE,2025-10-20
CUST_02127,John Figueroa,john.figueroa@outlook.com,(869)543-8418x1695,Mercedes,TX,2025-01-16
CUST_02128,Nancy Cook,nancy.cook@icloud.com,001-446-310-5398,Qulin,MO,2024-06-10
CUST_02129,Jennifer Perez,jennifer.perez@outlook.com,801-610-3245x78597,Huntington,MA,2024-02-07
CUST_02130,Keith Rodriguez,keith.rodriguez@hotmail.com,001-889-758-6142x8290,Maineville,OH,2024-09-22
CUST_02131,Martin Boyd,martin.boyd@aol.com,001-524-252-7162x86745,Saint Francis,KY,2026-01-22
CUST_02132,Gregory Rich,gregory.rich@yahoo.com,9176103759,Woodruff,SC,2026-02-27
CUST_02133,Lindsey Lopez,lindsey.lopez@aol.com,(806)729-1810x79875,Incline Village,NV,2024-06-24
CUST_02134,Richard Stevenson,richard.stevenson@yahoo.com,(837)882-6657,Brandon,WI,2025-10-12
CUST_02135,Kenneth Brewer,kenneth.brewer@gmail.com,(812)334-0951x054,Pine City,NY,2024-07-22
CUST_02136,Michelle Holden,michelle.holden@yahoo.com,+1-225-269-1521,Wrightwood,CA,2024-03-01
CUST_02137,Michelle Rangel,michelle.rangel@icloud.com,(776)945-8609x80394,Belchertown,MA,2024-11-29
CUST_02138,Justin Torres,justin.torres@hotmail.com,653.667.1319,Corinth,KY,2024-05-18
CUST_02139,David Young,david.young@gmail.com,456-867-5054,Lena,LA,2025-06-14
CUST_02140,Kathleen Chang,kathleen.chang@gmail.com,+1-285-606-1647x02827,Butler,TN,2024-09-10
CUST_02141,Diana Lee,diana.lee@aol.com,(560)238-8513x01665,Newmanstown,PA,2024-12-19
CUST_02142,Matthew Clements,matthew.clements@icloud.com,001-962-902-0308,Sedgewickville,MO,2025-03-07
CUST_02143,Elizabeth Walters,elizabeth.walters@outlook.com,882-329-1843x5439,Ocala,FL,2024-06-21
CUST_02144,Charles Young,charles.young@hotmail.com,881.295.4322x875,San Francisco,CA,2026-06-30
CUST_02145,Jillian Reed,jillian.reed@outlook.com,(287)568-9671,Butler,PA,2023-12-29
CUST_02146,Daniel Cox,daniel.cox@hotmail.com,(690)767-0605x750,Parrott,VA,2025-09-28
CUST_02147,Courtney Harmon,courtney.harmon@hotmail.com,741.415.6751,El Paso,TX,2024-02-13
CUST_02148,Holly Fields,holly.fields@hotmail.com,+1-850-497-4233x59147,Josephine,PA,2026-05-21
CUST_02149,Michael Stone,michael.stone@aol.com,(466)824-4353x241,Woden,TX,2025-03-23
CUST_02150,Brian Stevens,brian.stevens@hotmail.com,001-653-772-6191,Henderson,NC,2026-01-08
CUST_02151,David Patterson,david.patterson@icloud.com,637.625.7574,Stonyford,CA,2025-01-25
CUST_02152,Ashley Bolton,ashley.bolton@outlook.com,(815)587-6020x2317,Enfield,CT,2025-02-24
CUST_02153,Bradley Bean,bradley.bean@outlook.com,+1-888-480-2742x3005,Wilkes Barre,PA,2025-11-09
CUST_02154,Katelyn Allen,katelyn.allen@aol.com,001-964-806-4590x365,Charleston,WV,2026-06-19
CUST_02155,William Powell,william.powell@outlook.com,550-574-0653x962,Santa Rosa,CA,2024-01-27
CUST_02156,Monique Jackson,monique.jackson@yahoo.com,703-497-1358x68284,Wolcott,CO,2026-07-02
CUST_02157,Robin Jones,robin.jones@icloud.com,3008444188,Verona,OH,2024-06-25
CUST_02158,John Morris,john.morris@icloud.com,773-979-5306x32043,Tulsa,OK,2025-09-23
CUST_02159,Brandon Reed,brandon.reed@outlook.com,001-555-223-6598x997,Suwannee,FL,2025-03-09
CUST_02160,Antonio Wise,antonio.wise@outlook.com,(479)377-1540x0331,Bayamon,PR,2024-12-24
CUST_02161,Donald Harris,donald.harris@outlook.com,859.890.2622,Hume,IL,2024-09-18
CUST_02162,Sarah Chapman,sarah.chapman@aol.com,844.755.1035,Stockton,CA,2026-03-09
CUST_02163,Vanessa Smith,vanessa.smith@aol.com,646-407-1628,Canton,OH,2026-05-05
CUST_02164,Darlene Hammond,darlene.hammond@outlook.com,5837182994,Bessemer City,NC,2026-03-26
CUST_02165,Joe Young,joe.young@hotmail.com,759.934.9155,Luther,IA,2025-01-06
CUST_02166,Kevin Brown,kevin.brown@gmail.com,(502)264-4724x322,Collinston,LA,2024-10-14
CUST_02167,Aaron Roberts,aaron.roberts@yahoo.com,001-546-485-1984x6120,Everetts,NC,2024-05-04
CUST_02168,Melissa Perkins,melissa.perkins@icloud.com,684.638.9949x9888,Southampton,NY,2023-09-14
CUST_02169,Guy Camacho,guy.camacho@yahoo.com,929-501-9695x311,Aurora,NE,2025-08-04
CUST_02170,Emily Parks,emily.parks@icloud.com,001-428-602-0119x593,Foothill Ranch,CA,2025-08-04
CUST_02171,Evan Barnett,evan.barnett@hotmail.com,394.220.7904x371,Wauseon,OH,2026-06-28
CUST_02172,James Russo,james.russo@hotmail.com,001-802-264-7416x345,Everett,PA,2026-07-17
CUST_02173,Daniel Soto,daniel.soto@icloud.com,769.900.8166,Saulsville,WV,2024-10-11
CUST_02174,Frank Perkins,frank.perkins@outlook.com,001-898-807-7104x61227,Daleville,AL,2026-03-07
CUST_02175,William Chan,william.chan@gmail.com,(947)673-3257x8436,Akron,OH,2024-09-15
CUST_02176,Brett Marks,brett.marks@gmail.com,728-648-0822,Dpo,AE,2025-06-21
CUST_02177,Katie Chen,katie.chen@outlook.com,259-934-0937x6896,Midlothian,MD,2023-12-31
CUST_02178,Austin Cummings,austin.cummings@gmail.com,655-553-6136x2376,Greensburg,LA,2026-07-23
CUST_02179,Angel Rodriguez,angel.rodriguez@aol.com,434-574-4543x022,Monticello,WI,2025-11-23
CUST_02180,Donald Moore,donald.moore@hotmail.com,7249086299,Ossian,IN,2026-04-05
CUST_02181,Ashley Jackson,ashley.jackson@yahoo.com,301-336-1560,Nesbit,MS,2025-07-11
CUST_02182,Grace Barton,grace.barton@yahoo.com,+1-414-641-7691x743,East Saint Louis,IL,2026-08-26
CUST_02183,Harold Hernandez,harold.hernandez@outlook.com,+1-322-774-9397x305,Eads,TN,2023-10-19
CUST_02184,Christopher Pearson,christopher.pearson@icloud.com,242.685.1546x7598,Honolulu,HI,2026-07-11
CUST_02185,Catherine Wilson,catherine.wilson@gmail.com,243-701-7483x04993,Flomot,TX,2025-11-22
CUST_02186,John Day,john.day@icloud.com,224-326-1284x6147,Fond Du Lac,WI,2025-03-22
CUST_02187,Janet Colon,janet.colon@outlook.com,(808)815-8948x6418,Healdsburg,CA,2024-09-08
CUST_02188,Michelle Phelps,michelle.phelps@aol.com,(993)464-7620,Minburn,IA,2024-03-25
CUST_02189,Jacob Fritz,jacob.fritz@outlook.com,001-587-348-8766x372,Monterey,CA,2023-09-11
CUST_02190,Jeffrey Harris,jeffrey.harris@outlook.com,(327)844-1983x1240,Crystal City,TX,2026-03-21
CUST_02191,Jose Davis,jose.davis@gmail.com,+1-393-661-2266x5571,Suffolk,VA,2024-05-12
CUST_02192,Jasmine Steele,jasmine.steele@yahoo.com,318-728-6359,New York,NY,2024-08-10
CUST_02193,Jacqueline Smith,jacqueline.smith@yahoo.com,656-594-4973x249,Roseglen,ND,2025-11-29
CUST_02194,Shannon Pruitt,shannon.pruitt@icloud.com,+1-606-830-3467x171,Howe,IN,2023-11-30
CUST_02195,Michelle Lewis,michelle.lewis@hotmail.com,(509)691-8249x356,Leicester,MA,2025-10-13
CUST_02196,Michael Blair,michael.blair@yahoo.com,375.432.7644x74720,Christiansted,VI,2024-07-04
CUST_02197,Gabriel Kennedy,gabriel.kennedy@icloud.com,215.704.8064x884,Dale,NY,2026-05-26
CUST_02198,Bethany Collins,bethany.collins@gmail.com,001-947-522-8804,Detroit,MI,2023-12-16
CUST_02199,Bryan Huynh,bryan.huynh@outlook.com,+1-586-760-3583,Washington,OK,2025-09-15
CUST_02200,Christopher Fernandez,christopher.fernandez@outlook.com,001-867-615-1093x425,Olive Branch,IL,2024-10-01
CUST_02201,David Tapia,david.tapia@yahoo.com,+1-283-987-0918,John Day,OR,2024-07-16
CUST_02202,Deborah Nichols,deborah.nichols@outlook.com,214-483-9885x1227,Upland,CA,2025-04-26
CUST_02203,Phyllis Lloyd,phyllis.lloyd@gmail.com,(956)861-5627x5637,Louisville,KY,2026-05-30
CUST_02204,Nina Garza,nina.garza@yahoo.com,001-594-540-7017x949,Kaumakani,HI,2025-11-20
CUST_02205,Courtney Green,courtney.green@outlook.com,(647)266-1334x72835,Lowell,WI,2025-07-12
CUST_02206,Susan Mitchell,susan.mitchell@yahoo.com,+1-718-510-2334,Embarrass,WI,2024-07-03
CUST_02207,Anthony Smith,anthony.smith@icloud.com,259-520-6822x6012,Standish,ME,2026-08-15
CUST_02208,Vanessa Gonzalez,vanessa.gonzalez@outlook.com,832.220.6307x9043,Cotulla,TX,2024-12-31
CUST_02209,Amy Lynch,amy.lynch@aol.com,872-509-6858,Lacarne,OH,2025-03-08
CUST_02210,Mary Flores,mary.flores@aol.com,2274655686,Ralph,MI,2025-08-12
CUST_02211,Richard Snyder,richard.snyder@hotmail.com,(648)823-6256,Dallesport,WA,2025-02-10
CUST_02212,Amanda Bradley,amanda.bradley@gmail.com,524-687-6987,Padroni,CO,2024-05-30
CUST_02213,Tonya Johnson,tonya.johnson@aol.com,001-277-615-3711x1743,Aspen,CO,2025-01-09
CUST_02214,Shannon Stewart,shannon.stewart@hotmail.com,817.851.5704x011,Tendoy,ID,2026-05-13
CUST_02215,Colton Davis,colton.davis@outlook.com,4009016332,Saint Henry,OH,2025-04-03
CUST_02216,Stephanie Jordan,stephanie.jordan@aol.com,398-369-7145,Blockton,IA,2025-06-14
CUST_02217,Jack Cox,jack.cox@outlook.com,001-569-531-4080,Breezewood,PA,2025-02-02
CUST_02218,Laura Baker,laura.baker@hotmail.com,682-711-3267,Powell,WY,2025-04-22
CUST_02219,Danny Roberson,danny.roberson@icloud.com,(421)907-5779x41615,Woolwich,ME,2026-02-22
CUST_02220,Rebecca Cummings,rebecca.cummings@outlook.com,(606)669-7992,Long Creek,OR,2024-03-21
CUST_02221,Megan Martin,megan.martin@icloud.com,434.958.5698x277,Fairfield,IA,2023-09-04
CUST_02222,Nicole Good,nicole.good@hotmail.com,386.477.4375x16937,New York,NY,2026-04-23
CUST_02223,Shannon Walker,shannon.walker@aol.com,651.971.7683x89867,New Braintree,MA,2026-08-24
CUST_02224,Zachary Tucker,zachary.tucker@yahoo.com,226.669.7259x2542,Murray,KY,2025-09-18
CUST_02225,Jennifer Ramirez,jennifer.ramirez@aol.com,241-364-7849x25371,Osage,WY,2025-06-21
CUST_02226,Michelle Owen,michelle.owen@hotmail.com,576.950.5417,Tupelo,OK,2026-02-25
CUST_02227,Travis Coleman,travis.coleman@aol.com,5117640321,Metairie,LA,2024-03-26
CUST_02228,William Reed,william.reed@icloud.com,(634)650-5632x1477,Applegate,MI,2024-07-27
CUST_02229,Elizabeth Olson,elizabeth.olson@yahoo.com,(853)653-5899,New Haven,CT,2025-02-14
CUST_02230,Victor Dyer,victor.dyer@outlook.com,001-205-784-2787x7714,Dante,SD,2025-01-16
CUST_02231,Frank Cantrell,frank.cantrell@icloud.com,543.338.0235x488,Lakeview,MI,2023-10-02
CUST_02232,Bill Grant,bill.grant@yahoo.com,795-389-9787,Milfay,OK,2026-05-09
CUST_02233,James Jones,james.jones@hotmail.com,+1-222-955-1501x831,Mesa,AZ,2024-04-07
CUST_02234,Tyrone Ramirez,tyrone.ramirez@outlook.com,553.429.6812,Cleveland,OH,2024-06-04
CUST_02235,William Cortez,william.cortez@yahoo.com,+1-759-522-0382x2011,Overgaard,AZ,2025-08-24
CUST_02236,Karina Bell,karina.bell@hotmail.com,+1-810-668-4082,Lime Ridge,WI,2025-04-24
CUST_02237,Bryan Walters,bryan.walters@icloud.com,356.432.1252x598,Brave,PA,2024-04-25
CUST_02238,Vanessa Gibson,vanessa.gibson@hotmail.com,368-398-5715x7058,Roswell,GA,2024-07-10
CUST_02239,Alexandra Vaughn,alexandra.vaughn@hotmail.com,771-717-0555,Dundee,MI,2025-08-10
CUST_02240,Hannah Garrett,hannah.garrett@gmail.com,001-914-579-4493,Allegan,MI,2025-10-05
CUST_02241,Larry Garcia,larry.garcia@gmail.com,001-453-905-3305x918,De Pere,WI,2026-02-11
CUST_02242,Brett Lee,brett.lee@gmail.com,001-748-928-8689x2288,Meridian,MS,2025-10-17
CUST_02243,Christopher Allen,christopher.allen@hotmail.com,725-618-7790x349,Norcross,MN,2024-09-06
CUST_02244,Kylie Padilla,kylie.padilla@aol.com,442.357.3945,Madison,WI,2025-01-10
CUST_02245,Michael Rodriguez,michael.rodriguez@hotmail.com,001-940-204-6712,Conroe,TX,2024-04-30
CUST_02246,Peter Lucas,peter.lucas@outlook.com,268.223.0087x84268,Concordia,KS,2025-10-29
CUST_02247,Jason Rogers,jason.rogers@gmail.com,6065232212,Cabazon,CA,2023-12-05
CUST_02248,Eric Hutchinson,eric.hutchinson@aol.com,9288477324,Charlotte,NC,2025-04-17
CUST_02249,Elizabeth Johnson,elizabeth.johnson@gmail.com,543.933.7636,Tucson,AZ,2024-08-29
CUST_02250,Chelsea Booth,chelsea.booth@hotmail.com,001-629-324-9165,San Joaquin,CA,2025-02-14
CUST_02251,Robin Cox,robin.cox@hotmail.com,563.565.6839x925,Houston,TX,2023-11-30
CUST_02252,Justin Mack,justin.mack@outlook.com,768.831.3371,South Bend,IN,2024-06-16
CUST_02253,Mark Ramirez,mark.ramirez@hotmail.com,001-237-916-1113x313,Stanley,ND,2024-12-12
CUST_02254,Karen Shelton,karen.shelton@hotmail.com,(616)659-5836,Malta,ID,2024-08-09
CUST_02255,Melissa Smith,melissa.smith@aol.com,222.819.2445x186,Elliott,SC,2024-11-08
CUST_02256,Dominique Howard,dominique.howard@outlook.com,8498426145,De Kalb,TX,2026-08-09
CUST_02257,Ashley Brady,ashley.brady@aol.com,9313304279,Frederiksted,VI,2023-11-28
CUST_02258,Christine Christian,christine.christian@hotmail.com,411.976.8554,Arroyo Seco,NM,2025-08-04
CUST_02259,Sharon Montgomery,sharon.montgomery@hotmail.com,(370)916-7469x17170,Geneseo,KS,2025-05-23
CUST_02260,Tyrone Williams,tyrone.williams@outlook.com,+1-350-739-1638x9652,Drakes Branch,VA,2024-10-11
CUST_02261,Lauren Green,lauren.green@icloud.com,2895845948,Durham,NC,2024-01-20
CUST_02262,Helen Wagner,helen.wagner@hotmail.com,+1-205-724-5001x53225,Bowler,WI,2023-09-16
CUST_02263,Dustin Smith,dustin.smith@outlook.com,+1-373-308-7926,Albany,NY,2025-01-02
CUST_02264,Jennifer Woods,jennifer.woods@hotmail.com,(975)407-7377x7281,Seguin,TX,2023-10-03
CUST_02265,Billy Bates,billy.bates@gmail.com,(671)569-2927x78370,Pasadena,CA,2023-10-27
CUST_02266,Danielle Gonzales,danielle.gonzales@icloud.com,(838)463-6985,West Liberty,OH,2025-05-02
CUST_02267,Thomas Lindsey,thomas.lindsey@aol.com,001-261-509-9198,Cincinnati,OH,2026-02-13
CUST_02268,Grace Johnson,grace.johnson@yahoo.com,223-780-5517,Mesa,CO,2026-01-30
CUST_02269,Hunter Todd,hunter.todd@hotmail.com,311.467.0911x841,Alexander,AR,2024-10-19
CUST_02270,Steven Guerrero,steven.guerrero@icloud.com,001-486-706-8697x17468,West Columbia,SC,2025-01-08
CUST_02271,Andrew Gonzalez,andrew.gonzalez@outlook.com,(581)532-4211,Flandreau,SD,2024-12-12
CUST_02272,Kevin Harmon,kevin.harmon@hotmail.com,8639218150,Knoxville,TN,2025-09-06
CUST_02273,Michelle Garcia,michelle.garcia@yahoo.com,812.534.5532x35342,Blanchard,LA,2024-05-30
CUST_02274,Stephen Calhoun,stephen.calhoun@gmail.com,001-916-757-7944x44944,Harvard,NE,2024-03-30
CUST_02275,Andrea Hooper,andrea.hooper@aol.com,603.998.0183x392,Seward,AK,2024-10-13
CUST_02276,Gregory Jordan,gregory.jordan@icloud.com,406-278-0565x15405,Knoxville,GA,2023-09-01
CUST_02277,Daryl Morgan,daryl.morgan@icloud.com,001-270-710-8311x0072,Dewey,AZ,2023-09-23
CUST_02278,Angela Gutierrez,angela.gutierrez@yahoo.com,+1-657-359-7481x00821,Cedar Rapids,IA,2025-12-13
CUST_02279,Carla Lowery,carla.lowery@icloud.com,931.703.6708,Ashburn,VA,2025-11-13
CUST_02280,Amanda Taylor,amanda.taylor@hotmail.com,+1-434-821-3097x541,Bradfordsville,KY,2025-12-01
CUST_02281,Erin Norman,erin.norman@hotmail.com,+1-221-200-2111x12368,Cranberry,PA,2026-08-24
CUST_02282,Amy Edwards,amy.edwards@icloud.com,8817396303,Broadbent,OR,2026-03-13
CUST_02283,Joseph Flowers,joseph.flowers@aol.com,+1-518-940-6885x5846,Birmingham,NJ,2025-07-02
CUST_02284,Mario Lin,mario.lin@yahoo.com,884-216-1640x19866,Bethesda,MD,2026-05-25
CUST_02285,Mary Cowan,mary.cowan@gmail.com,001-491-557-7617,West Hickory,PA,2026-03-16
CUST_02286,Michael Oconnor,michael.oconnor@outlook.com,+1-501-830-0260x7109,New York,NY,2024-09-29
CUST_02287,Adam Perez,adam.perez@outlook.com,311.667.0173,Bessemer,AL,2025-01-08
CUST_02288,Jonathan Galloway,jonathan.galloway@aol.com,001-729-911-1773x96173,Bucklin,KS,2026-02-04
CUST_02289,John Hancock,john.hancock@yahoo.com,(399)608-2870x86005,Hancock,IA,2024-08-19
CUST_02290,Bradley Thomas,bradley.thomas@hotmail.com,512-301-1781x67963,Kensington,MN,2024-08-28
CUST_02291,Darius Perez,darius.perez@gmail.com,+1-500-358-0771x51857,Farmington,CT,2023-11-07
CUST_02292,Louis Fuentes,louis.fuentes@gmail.com,9047608286,Hale,MO,2026-04-12
CUST_02293,Jacob Perry,jacob.perry@icloud.com,(557)407-7414,Des Moines,IA,2026-06-25
CUST_02294,Brenda Herrera,brenda.herrera@gmail.com,(220)310-9578x53968,Henagar,AL,2026-08-10
CUST_02295,Angela Wagner,angela.wagner@outlook.com,001-563-464-3403x7706,Delcambre,LA,2024-06-10
CUST_02296,Julia Moore,julia.moore@hotmail.com,(403)720-6823x287,Crane Hill,AL,2026-03-24
CUST_02297,Hannah Lucero,hannah.lucero@yahoo.com,299.497.6847x317,Henry,TN,2024-09-16
CUST_02298,Dawn Miller,dawn.miller@aol.com,8382464536,Santa Ana,CA,2026-02-26
CUST_02299,Kimberly Williams,kimberly.williams@outlook.com,(602)219-1106x8589,Berkey,OH,2024-06-22
CUST_02300,Brenda Zimmerman,brenda.zimmerman@gmail.com,9578139382,High Point,NC,2025-03-02
CUST_02301,Andrew Gutierrez,andrew.gutierrez@yahoo.com,3395444051,Springfield,IL,2026-06-07
CUST_02302,Jon Murray,jon.murray@hotmail.com,001-814-499-5917x883,Port Royal,SC,2026-07-10
CUST_02303,Loretta Gilbert,loretta.gilbert@yahoo.com,(942)525-5265x4688,Roaring Springs,TX,2026-06-10
CUST_02304,Erin Harrison,erin.harrison@aol.com,+1-315-799-5807,New York,NY,2024-06-16
CUST_02305,Jonathan Lane,jonathan.lane@hotmail.com,001-504-249-8347x75658,Joppa,IL,2025-05-23
CUST_02306,Joseph Garrett,joseph.garrett@aol.com,210-378-4543x8169,Russellville,SC,2025-08-11
CUST_02307,Brittany Rocha,brittany.rocha@outlook.com,325-269-7154,Mount Pleasant Mills,PA,2024-04-09
CUST_02308,Ralph Hancock,ralph.hancock@gmail.com,327-314-5866x0967,Cooke City,MT,2024-02-07
CUST_02309,Anthony Cain,anthony.cain@outlook.com,256-751-9299x514,Pemberton,MN,2026-04-03
CUST_02310,Emily Gomez,emily.gomez@yahoo.com,(500)413-7238x70996,Hedley,TX,2023-09-08
CUST_02311,Jason Daniels,jason.daniels@hotmail.com,001-804-602-0660x5953,Boise,ID,2024-09-18
CUST_02312,Jacob Moore,jacob.moore@outlook.com,501-357-6710,Blackfoot,ID,2026-05-25
CUST_02313,Brian Burton,brian.burton@aol.com,587.380.3349x0692,Tipton,KS,2026-08-28
CUST_02314,Bradley Conway,bradley.conway@outlook.com,478-342-3062,Fairfield,IL,2025-06-07
CUST_02315,Phillip Kline,phillip.kline@outlook.com,917.750.3655x6572,Brookfield,MA,2025-01-05
CUST_02316,Edward Thompson,edward.thompson@yahoo.com,001-868-806-8750x0099,Baltic,OH,2025-01-19
CUST_02317,Robert Smith,robert.smith@gmail.com,(948)395-3990,Buhler,KS,2026-06-11
CUST_02318,Samantha Townsend,samantha.townsend@aol.com,(491)507-6991x80789,Raleigh,NC,2026-05-01
CUST_02319,Mark Lopez,mark.lopez@yahoo.com,9312822906,Montpelier,VT,2024-06-09
CUST_02320,John Larson,john.larson@outlook.com,944-947-5239,Boca Raton,FL,2024-09-28
CUST_02321,Craig Smith,craig.smith@aol.com,6769654519,Honolulu,HI,2025-11-07
CUST_02322,Kevin Skinner,kevin.skinner@hotmail.com,460.716.3128x3556,Montgomery,TX,2024-01-14
CUST_02323,Angela Porter,angela.porter@outlook.com,001-516-761-4538,Campbelltown,PA,2026-04-18
CUST_02324,Dennis Barry,dennis.barry@outlook.com,802.863.1200x754,Katonah,NY,2024-10-12
CUST_02325,Melissa Harris,melissa.harris@hotmail.com,836.545.9387x626,Brookline,NH,2024-03-13
CUST_02326,Benjamin Rice,benjamin.rice@outlook.com,(527)522-7273x38267,Las Vegas,NV,2024-02-22
CUST_02327,Derrick Holt,derrick.holt@aol.com,4552220374,Troutdale,VA,2025-05-12
CUST_02328,Michelle David,michelle.david@outlook.com,(668)491-2674,Norristown,GA,2024-11-05
CUST_02329,Nicole Cook,nicole.cook@hotmail.com,893-494-3510x6333,Semora,NC,2025-12-31
CUST_02330,Robert Bennett,robert.bennett@yahoo.com,7522537614,Haysville,KS,2023-11-04
CUST_02331,Brent Garcia,brent.garcia@icloud.com,6516490705,Hobbs,NM,2024-12-24
CUST_02332,Lance Brown,lance.brown@yahoo.com,(269)938-6362,Brazeau,MO,2024-10-10
CUST_02333,Larry Berry,larry.berry@outlook.com,+1-498-627-1457x362,Toms River,NJ,2026-08-27
CUST_02334,Pam Combs,pam.combs@gmail.com,549.324.5628x541,Sagle,ID,2024-10-04
CUST_02335,Ashley Elliott,ashley.elliott@hotmail.com,397-583-8621,Pittsburg,MO,2026-03-22
CUST_02336,Anthony Evans,anthony.evans@aol.com,(631)702-6460,Midland,TX,2024-07-17
CUST_02337,Heather Ashley,heather.ashley@gmail.com,(894)305-2727x96606,Avoca,IA,2024-01-27
CUST_02338,John Nelson,john.nelson@outlook.com,441-608-3772x512,Ingraham,IL,2024-09-10
CUST_02339,Diane Sellers,diane.sellers@aol.com,001-926-421-2157,New Era,MI,2026-06-27
CUST_02340,Scott Hendrix,scott.hendrix@outlook.com,913.437.5992x0545,Columbus,OH,2026-06-10
CUST_02341,Philip Fletcher,philip.fletcher@yahoo.com,+1-383-932-2026x473,Blacksburg,SC,2024-01-18
CUST_02342,Laura Bailey,laura.bailey@aol.com,803.269.6901x545,Gillette,WY,2024-02-03
CUST_02343,Carl Miller,carl.miller@hotmail.com,8683882506,Exchange,WV,2024-08-04
CUST_02344,Travis Barajas,travis.barajas@icloud.com,2229540237,Quitman,GA,2024-05-03
CUST_02345,Nicole Brooks,nicole.brooks@aol.com,498-562-5860,Wittman,MD,2026-03-02
CUST_02346,Shawn Christian,shawn.christian@aol.com,+1-391-359-0369x635,Mozier,IL,2025-03-11
CUST_02347,Kelly Fisher,kelly.fisher@aol.com,(456)573-4056,Lockbourne,OH,2025-06-20
CUST_02348,Matthew Villegas,matthew.villegas@icloud.com,461-362-7357x36261,North Canton,CT,2025-06-29
CUST_02349,Lisa Willis,lisa.willis@hotmail.com,(493)621-9649x67661,Ecru,MS,2026-02-08
CUST_02350,Michael Moore,michael.moore@icloud.com,(707)445-0300x27585,Oaks,OK,2026-01-01
CUST_02351,Margaret Harris,margaret.harris@yahoo.com,643-841-1290,Russia,OH,2023-10-02
CUST_02352,Kim Torres,kim.torres@outlook.com,320-794-5229x58555,Newcomb,NY,2025-05-16
CUST_02353,Karen Perkins,karen.perkins@gmail.com,477-259-9995,Lake Forest,IL,2026-01-01
CUST_02354,Shannon Guerrero,shannon.guerrero@outlook.com,616.927.9925,Newmarket,NH,2025-03-09
CUST_02355,Richard Rogers,richard.rogers@yahoo.com,(412)842-0873x32886,Finchville,KY,2024-12-26
CUST_02356,Rhonda Morgan,rhonda.morgan@gmail.com,8679701213,Clifton,ID,2025-03-20
CUST_02357,Harry Williams,harry.williams@yahoo.com,831.864.6525,Rockford,IL,2025-01-21
CUST_02358,Michelle Love,michelle.love@gmail.com,(679)894-4212,Daleville,IN,2024-02-21
CUST_02359,Jonathan Gordon,jonathan.gordon@aol.com,843-722-9657,Howe,ID,2025-03-24
CUST_02360,Amanda Drake,amanda.drake@outlook.com,001-359-354-1140x275,Jacksonville,FL,2024-05-15
CUST_02361,Charlene Holland,charlene.holland@yahoo.com,(523)859-5720x0188,Saint Helena,CA,2026-06-06
CUST_02362,Amy Reyes,amy.reyes@yahoo.com,(786)503-4052,Dingess,WV,2025-02-04
CUST_02363,Cindy Leblanc,cindy.leblanc@gmail.com,408-760-0376,Buena Vista,VA,2025-08-06
CUST_02364,Victoria Taylor,victoria.taylor@icloud.com,(479)973-6281x05013,Fielding,UT,2025-06-14
CUST_02365,Jacob Maxwell,jacob.maxwell@gmail.com,370-431-6884x206,Indianola,PA,2024-12-03
CUST_02366,Ashley Novak,ashley.novak@aol.com,(988)878-5066,Glencoe,OH,2025-03-26
CUST_02367,Sarah Carroll,sarah.carroll@icloud.com,001-496-969-2665,Adams,MN,2024-09-01
CUST_02368,David Boone,david.boone@gmail.com,277.296.1704x4837,Enosburg Falls,VT,2024-05-03
CUST_02369,Michael Blake,michael.blake@gmail.com,+1-348-294-2777x1934,Rock Valley,IA,2025-06-10
CUST_02370,Ann Garcia,ann.garcia@icloud.com,671.778.2321,Talladega,AL,2024-10-06
CUST_02371,Daniel Burns,daniel.burns@hotmail.com,4069224114,Whitmore,CA,2023-11-09
CUST_02372,Samantha Keller,samantha.keller@yahoo.com,(250)483-1173x1781,Norristown,PA,2025-03-25
CUST_02373,Charles Watson,charles.watson@aol.com,(500)258-0896x2064,Wicomico Church,VA,2023-11-27
CUST_02374,Steven Smith,steven.smith@hotmail.com,(850)796-4268x242,Rapid City,SD,2025-08-14
CUST_02375,Sara Smith,sara.smith@aol.com,(260)441-1609,Washington,DC,2026-08-24
CUST_02376,Linda Marks,linda.marks@outlook.com,(305)876-7945,Santa Teresa,NM,2025-08-16
CUST_02377,Sarah Rodriguez,sarah.rodriguez@icloud.com,623.515.7867,Santee,SC,2026-02-16
CUST_02378,Peter Smith,peter.smith@gmail.com,001-932-609-5668,Houston,TX,2023-09-13
CUST_02379,Teresa Martinez,teresa.martinez@hotmail.com,(205)647-2633,Shiloh,NC,2024-05-26
CUST_02380,Ashley Smith,ashley.smith@gmail.com,001-317-399-3078,Apache Junction,AZ,2024-11-09
CUST_02381,Megan Martinez,megan.martinez@gmail.com,608.250.7227,Florence,VT,2026-04-22
CUST_02382,Curtis Walker,curtis.walker@aol.com,843.628.5423,Canton,NC,2026-06-02
CUST_02383,Michelle Owens,michelle.owens@outlook.com,(476)950-2405,Brooklyn,IN,2025-11-15
CUST_02384,Zachary Perez,zachary.perez@outlook.com,2525539526,Suring,WI,2026-06-11
CUST_02385,Beth Wilson,beth.wilson@icloud.com,8543708408,Seattle,WA,2026-02-04
CUST_02386,Andre Graham,andre.graham@aol.com,874-540-0951x356,Leroy,MI,2025-10-04
CUST_02387,Julie Wilson,julie.wilson@icloud.com,526-598-5293,Atlanta,GA,2023-10-07
CUST_02388,Allen Hunt,allen.hunt@yahoo.com,+1-914-565-3508x56802,Sutherland Springs,TX,2025-12-31
CUST_02389,Maurice Mccann,maurice.mccann@aol.com,435.643.9905x6769,Washington,DC,2026-04-29
CUST_02390,Brittany Young,brittany.young@hotmail.com,549-542-0007x42799,Apache Junction,AZ,2025-03-14
CUST_02391,Peter Turner,peter.turner@hotmail.com,+1-924-939-9148x6405,Early,TX,2024-02-12
CUST_02392,Melissa Davis,melissa.davis@hotmail.com,(265)648-3366x62619,Novelty,OH,2024-03-22
CUST_02393,Andrew Jones,andrew.jones@yahoo.com,001-718-844-5644x8843,San Juan,PR,2026-04-24
CUST_02394,Sarah Hernandez,sarah.hernandez@aol.com,9112123529,White Plains,NY,2026-05-21
CUST_02395,Monique Castro,monique.castro@aol.com,+1-777-522-5246x41330,New York,NY,2024-04-01
CUST_02396,Samantha Ellis,samantha.ellis@outlook.com,001-576-893-6935,Kanona,NY,2023-12-12
CUST_02397,Tamara Bennett,tamara.bennett@gmail.com,461-726-3100,Helen,WV,2024-03-10
CUST_02398,Hannah Robinson,hannah.robinson@outlook.com,519-747-2332x83050,Millbrae,CA,2026-02-18
CUST_02399,Aaron Andrews,aaron.andrews@icloud.com,300.788.4751x6549,Mico,TX,2025-08-07
CUST_02400,Annette Bradshaw,annette.bradshaw@hotmail.com,222-392-3144,Wellington,OH,2024-11-14
CUST_02401,Gregory Hughes,gregory.hughes@gmail.com,491.742.3084,Crestview,FL,2025-09-12
CUST_02402,Frank Santiago,frank.santiago@hotmail.com,7289493893,Arvada,CO,2024-12-16
CUST_02403,Rachel Jones,rachel.jones@hotmail.com,770.265.0004x4586,Blissfield,OH,2024-08-07
CUST_02404,Katherine Cline,katherine.cline@gmail.com,993.654.0784x43678,Rogue River,OR,2025-07-22
CUST_02405,Cassandra Graham,cassandra.graham@icloud.com,(854)278-6106x138,Craigsville,WV,2024-01-18
CUST_02406,Keith Lara,keith.lara@icloud.com,931.553.0342x44467,Concord,CA,2026-08-26
CUST_02407,Courtney Carpenter,courtney.carpenter@aol.com,001-736-832-2080x32376,New Castle,PA,2025-01-11
CUST_02408,Chad Obrien,chad.obrien@aol.com,001-414-398-4633x07057,Kansas City,KS,2026-08-02
CUST_02409,Laura Gates,laura.gates@icloud.com,(577)595-0645x01599,Alamance,NC,2025-12-23
CUST_02410,Connor Hawkins,connor.hawkins@yahoo.com,(416)492-0923,Ivesdale,IL,2023-12-08
CUST_02411,Alyssa Young,alyssa.young@outlook.com,(768)722-2342,Haskell,NJ,2025-01-30
CUST_02412,Nicole Kelly,nicole.kelly@aol.com,(547)201-7794,Finksburg,MD,2025-06-02
CUST_02413,Sophia Farmer,sophia.farmer@gmail.com,+1-539-393-8552x634,Myrtlewood,AL,2025-06-25
CUST_02414,Joshua Johnson,joshua.johnson@yahoo.com,803-304-7536x3562,Bolingbrook,IL,2024-05-08
CUST_02415,Sonya Adams,sonya.adams@hotmail.com,572-816-0414x96282,Hector,NY,2023-10-22
CUST_02416,Sandra Smith,sandra.smith@aol.com,+1-332-279-7914x454,Pond Eddy,NY,2025-02-11
CUST_02417,Diane Smith,diane.smith@hotmail.com,001-455-672-2013,West Sacramento,CA,2025-09-13
CUST_02418,Jaclyn Valencia,jaclyn.valencia@gmail.com,389.468.5153,Southport,CT,2024-03-03
CUST_02419,Deborah Gonzalez,deborah.gonzalez@outlook.com,535-420-2485,Paradise,TX,2024-10-26
CUST_02420,Jacob Whitney,jacob.whitney@outlook.com,8055620797,Van Nuys,CA,2024-06-26
CUST_02421,Brian Jones,brian.jones@yahoo.com,(900)994-5045,Gerton,NC,2024-10-01
CUST_02422,Ronald Thomas,ronald.thomas@aol.com,7703144638,Burnsville,NC,2026-04-02
CUST_02423,William Escobar,william.escobar@yahoo.com,(300)757-6383x671,Palestine,TX,2024-06-06
CUST_02424,Derek Hall,derek.hall@yahoo.com,838-203-8570x3609,Lawrenceville,GA,2025-04-24
CUST_02425,Jennifer Ward,jennifer.ward@outlook.com,(686)648-9036,Liberty,MO,2025-12-03
CUST_02426,Danny Scott,danny.scott@yahoo.com,678-898-3066x343,Hartly,DE,2025-09-14
CUST_02427,John Brown,john.brown@icloud.com,397-288-6932,Sparks,NV,2024-04-18
CUST_02428,Tammy Kelley,tammy.kelley@outlook.com,415-225-4153,Clio,SC,2024-03-04
CUST_02429,Robert Collins,robert.collins@yahoo.com,001-510-804-3278x45432,Stafford,KS,2025-06-21
CUST_02430,Peter Johnston,peter.johnston@yahoo.com,317.383.7489x3912,New York,NY,2023-12-31
CUST_02431,Rhonda Delgado,rhonda.delgado@yahoo.com,508-665-3901x19580,Random Lake,WI,2024-06-30
CUST_02432,Raymond Saunders,raymond.saunders@gmail.com,001-633-606-4354x28417,Watauga,SD,2024-02-27
CUST_02433,Sarah Williams,sarah.williams@gmail.com,+1-693-240-2853x3960,Longmont,CO,2025-01-11
CUST_02434,Andres Garner,andres.garner@outlook.com,(367)395-3086,Glenwood,GA,2025-06-17
CUST_02435,Mario Bell,mario.bell@aol.com,+1-687-614-8560x2122,Pruden,TN,2024-09-22
CUST_02436,Christopher Shaw,christopher.shaw@aol.com,903-812-3293,Taylorstown,PA,2026-08-28
CUST_02437,Danielle Kerr,danielle.kerr@gmail.com,+1-785-685-7800x6358,Monkton,MD,2025-09-03
CUST_02438,Beth Taylor,beth.taylor@yahoo.com,+1-465-808-7619x63820,Joanna,SC,2024-03-28
CUST_02439,Grant Miller,grant.miller@icloud.com,+1-774-557-4643x79441,Walnut Bottom,PA,2024-10-03
CUST_02440,Danielle Wright,danielle.wright@yahoo.com,+1-988-788-7294x23869,Clermont,IA,2025-10-16
CUST_02441,Latoya Wilson,latoya.wilson@outlook.com,7327760133,Kansas City,MO,2024-12-21
CUST_02442,Edward Rush,edward.rush@aol.com,7024408951,Leesville,SC,2024-05-08
CUST_02443,Sarah Lewis,sarah.lewis@icloud.com,001-720-228-9209x00473,Whitefield,NH,2024-02-25
CUST_02444,James Krueger,james.krueger@yahoo.com,716-971-2696x28413,Alexandria,VA,2024-01-18
CUST_02445,Anne Cooke,anne.cooke@gmail.com,001-400-621-9675x56651,Mosby,MO,2024-08-24
CUST_02446,Laura Davis,laura.davis@aol.com,344-684-4136,King Cove,AK,2026-05-10
CUST_02447,Amanda Hernandez,amanda.hernandez@outlook.com,001-722-903-7966,Bettles Field,AK,2024-07-01
CUST_02448,Trevor Robertson,trevor.robertson@outlook.com,429.390.5683x75572,Lehigh,IA,2025-03-03
CUST_02449,Melissa Marks,melissa.marks@aol.com,001-443-533-0140,Fpo,AP,2026-08-17
CUST_02450,John Nielsen,john.nielsen@yahoo.com,2147604360,Merrill,OR,2025-03-04
CUST_02451,Timothy Stevenson,timothy.stevenson@yahoo.com,(655)745-1973x0471,Queen City,TX,2026-05-10
CUST_02452,Jessica Jackson,jessica.jackson@yahoo.com,+1-576-534-1948,Knotts Island,NC,2024-11-23
CUST_02453,Mary Willis,mary.willis@hotmail.com,(463)862-5411x0864,Sterling,OH,2026-03-03
CUST_02454,Christy Williams,christy.williams@hotmail.com,(920)227-0790x990,Ingalls,MI,2024-08-18
CUST_02455,Robert Miller,robert.miller@outlook.com,(732)233-3958,Bath,OH,2023-12-28
CUST_02456,Amy Williams,amy.williams@outlook.com,(446)413-3985x888,Topeka,KS,2026-03-26
CUST_02457,Roberto Williams,roberto.williams@icloud.com,280.943.9415,Loxahatchee,FL,2025-08-24
CUST_02458,Timothy Mitchell,timothy.mitchell@aol.com,(233)944-8333x255,Altura,MN,2024-07-19
CUST_02459,Tracy Willis,tracy.willis@hotmail.com,(355)699-8854,Loraine,IL,2025-05-17
CUST_02460,Stacey Woods,stacey.woods@gmail.com,904-342-3962x65710,Krum,TX,2024-05-19
CUST_02461,Tina Wright,tina.wright@icloud.com,505.475.8209x9167,Otego,NY,2024-02-20
CUST_02462,Clayton Parker,clayton.parker@yahoo.com,659-578-4071,Colmesneil,TX,2025-08-05
CUST_02463,Mitchell Roberts,mitchell.roberts@icloud.com,725.548.8081,Saint Petersburg,FL,2026-03-03
CUST_02464,Christopher Smith,christopher.smith@icloud.com,(849)468-5709,Kelliher,MN,2025-02-12
CUST_02465,Destiny Sullivan,destiny.sullivan@outlook.com,876.329.4376,Houston,TX,2026-04-11
CUST_02466,Rachel Abbott,rachel.abbott@outlook.com,497-619-3135,Morrow,OH,2024-09-02
CUST_02467,Dwayne Williamson,dwayne.williamson@hotmail.com,+1-370-688-4432x203,Killeen,TX,2024-10-25
CUST_02468,Adrienne Yates,adrienne.yates@aol.com,642.233.1491x53893,El Monte,CA,2023-09-18
CUST_02469,Daniel Yang,daniel.yang@outlook.com,400.377.1389x326,Apo,AE,2025-05-29
CUST_02470,Shawn Wolf,shawn.wolf@hotmail.com,278.865.4101x73831,Suffolk,VA,2024-05-17
CUST_02471,Zachary Fletcher,zachary.fletcher@gmail.com,266.945.9261,Chelmsford,MA,2024-06-06
CUST_02472,Jorge Lee,jorge.lee@icloud.com,6996418563,Exeter,CA,2024-05-18
CUST_02473,Robin Sims,robin.sims@icloud.com,+1-376-649-9738,Kismet,KS,2023-10-07
CUST_02474,Gabrielle Pollard,gabrielle.pollard@hotmail.com,9616179605,Wolfeboro Falls,NH,2024-03-17
CUST_02475,Sarah King,sarah.king@yahoo.com,545.203.9819x6417,Duluth,MN,2025-11-06
CUST_02476,Kathy West,kathy.west@aol.com,001-896-694-6808,Aurora,IN,2025-06-17
CUST_02477,Tanya Allen,tanya.allen@gmail.com,209-573-6882,Columbia,CT,2024-09-08
CUST_02478,Charles Clark,charles.clark@outlook.com,724-999-7339,French Village,MO,2024-10-23
CUST_02479,Danielle Wright,danielle.wright@outlook.com,866.982.6803,Rockford,IL,2024-01-27
CUST_02480,Barbara Flores,barbara.flores@yahoo.com,397.501.3302x77541,Orange,CA,2024-03-12
CUST_02481,Rodney Armstrong,rodney.armstrong@hotmail.com,904-440-9995x995,Chicago,IL,2024-07-11
CUST_02482,Amy Cain,amy.cain@gmail.com,515.242.8054x23102,Robertson,WY,2024-05-31
CUST_02483,Jacob Harris,jacob.harris@hotmail.com,+1-452-682-5930x9294,Oklahoma City,OK,2024-10-11
CUST_02484,Dennis Short,dennis.short@hotmail.com,863-768-1645x2820,Roanoke,VA,2024-04-19
CUST_02485,Sarah Harris,sarah.harris@hotmail.com,+1-646-288-6828x767,Bridgeport,CT,2025-11-27
CUST_02486,Kimberly Hahn,kimberly.hahn@hotmail.com,904-663-8054x785,Tangent,OR,2025-09-15
CUST_02487,Eric Evans,eric.evans@icloud.com,608.514.4383,Avoca,TX,2023-10-30
CUST_02488,Stephen Gallagher,stephen.gallagher@gmail.com,(712)363-4660x38273,Kendalia,TX,2026-01-29
CUST_02489,David Lambert,david.lambert@icloud.com,001-924-487-5486x95175,Rochester,MI,2025-01-22
CUST_02490,Dale Wagner,dale.wagner@hotmail.com,378-520-7170,Wellston,OH,2024-11-21
CUST_02491,Mark Fleming,mark.fleming@aol.com,001-956-865-7827,Fresh Meadows,NY,2025-11-03
CUST_02492,Victoria Miller,victoria.miller@yahoo.com,6234105338,Pensacola,FL,2024-11-15
CUST_02493,Lindsey Harvey,lindsey.harvey@hotmail.com,(963)758-2189,Porcupine,SD,2026-07-15
CUST_02494,Jeffrey Smith,jeffrey.smith@hotmail.com,859-687-6936x17105,Belfast,TN,2024-11-30
CUST_02495,Michael Hooper,michael.hooper@outlook.com,(946)558-6356x21829,Cascade Locks,OR,2025-09-12
CUST_02496,Roy Brown,roy.brown@gmail.com,752.377.5166,Greenwich,NY,2026-04-28
CUST_02497,Cassandra Armstrong,cassandra.armstrong@aol.com,001-786-677-9732,Arnold,NE,2024-03-31
CUST_02498,Justin Scott,justin.scott@gmail.com,+1-228-666-3582x038,Normal,IL,2026-07-25
CUST_02499,John Woods,john.woods@aol.com,651.417.0869,Punta Gorda,FL,2024-04-10
CUST_02500,Angela Vaughn,angela.vaughn@aol.com,5228181975,Ocean City,NJ,2025-04-18
CUST_02501,Mariah Mullins,mariah.mullins@gmail.com,675.245.4721,Anaconda,MT,2025-11-30
CUST_02502,Linda Alvarez,linda.alvarez@aol.com,+1-489-454-7987,Ashland,IL,2023-10-16
CUST_02503,Katie Hill,katie.hill@outlook.com,(288)578-8012,Mexico,IN,2026-01-22
CUST_02504,Rhonda Jensen,rhonda.jensen@gmail.com,(825)337-1589,Mc Connellsville,NY,2024-01-13
CUST_02505,Amanda Hanson,amanda.hanson@icloud.com,001-634-464-5578x382,South Saint Paul,MN,2024-09-03
CUST_02506,Mitchell Johnson,mitchell.johnson@aol.com,+1-608-558-0240x13321,Mount Olive,IL,2024-07-30
CUST_02507,Devin Zamora,devin.zamora@icloud.com,362-934-2025x70793,Humble,TX,2025-12-27
CUST_02508,Cynthia Robbins,cynthia.robbins@gmail.com,+1-212-730-4346x98479,Franklin Square,NY,2025-02-01
CUST_02509,Michael Chang,michael.chang@icloud.com,(268)663-1660,Idlewild,MI,2024-07-26
CUST_02510,Christopher Rodriguez,christopher.rodriguez@icloud.com,899.934.9453,Bessie,OK,2026-06-27
CUST_02511,Timothy Melendez,timothy.melendez@yahoo.com,001-336-734-0106x995,Johnstown,PA,2024-06-26
CUST_02512,Gary Garza,gary.garza@outlook.com,(646)269-5340x395,Canton,MS,2025-03-20
CUST_02513,Wanda Mccoy,wanda.mccoy@hotmail.com,(815)394-2174,Largo,FL,2026-02-15
CUST_02514,Alicia Curry,alicia.curry@outlook.com,001-286-481-8567x0817,Brooksville,FL,2025-12-11
CUST_02515,Michael Sanchez,michael.sanchez@icloud.com,(370)255-4765x76076,Apo,AE,2023-11-24
CUST_02516,Alyssa Thompson,alyssa.thompson@aol.com,+1-527-404-0091x12888,Canastota,NY,2026-08-13
CUST_02517,Kimberly Carney,kimberly.carney@aol.com,001-210-709-2541x730,Freelandville,IN,2024-12-14
CUST_02518,Andrew Fernandez,andrew.fernandez@gmail.com,8243711988,Dana,IA,2026-01-05
CUST_02519,Jacqueline Mccoy,jacqueline.mccoy@aol.com,001-359-265-8366x2682,Lake Harbor,FL,2025-09-06
CUST_02520,Chad Graham,chad.graham@icloud.com,228-752-0891,Newhope,AR,2026-04-24
CUST_02521,Sarah Henry,sarah.henry@hotmail.com,506.630.7367x10543,Pioneer,LA,2023-10-02
CUST_02522,Brett Campos,brett.campos@gmail.com,305.747.2622,Conroe,TX,2025-06-30
CUST_02523,Thomas Sherman,thomas.sherman@aol.com,625.280.2514x42178,Sacramento,CA,2025-07-06
CUST_02524,Tammy Carter,tammy.carter@icloud.com,901-882-5348x8050,Hunter,NY,2025-05-30
CUST_02525,Kimberly Rodriguez,kimberly.rodriguez@outlook.com,+1-921-354-5175x5245,Bradford,NH,2025-02-02
CUST_02526,Samantha Harrington,samantha.harrington@icloud.com,576-659-3314x4069,Woodsfield,OH,2024-06-13
CUST_02527,Richard Duran,richard.duran@gmail.com,898.697.4995x711,Washington,DC,2025-07-27
CUST_02528,Fred Mcmillan,fred.mcmillan@yahoo.com,395.966.5248x464,Woodson,IL,2024-08-09
CUST_02529,Anna Gibson,anna.gibson@gmail.com,001-929-231-0865,Loves Park,IL,2024-04-23
CUST_02530,Lindsey Wise,lindsey.wise@outlook.com,720-732-3542,Guinda,CA,2025-01-29
CUST_02531,Christine Hudson,christine.hudson@yahoo.com,842.558.9593x218,Quapaw,OK,2025-04-26
CUST_02532,Wendy Fuller,wendy.fuller@hotmail.com,478.438.2660x9939,Afton,OK,2024-05-22
CUST_02533,Jason Johnson,jason.johnson@outlook.com,(801)363-4899,Friona,TX,2026-05-10
CUST_02534,Albert Turner,albert.turner@outlook.com,(200)234-6627,Hunters,WA,2025-05-23
CUST_02535,Timothy Davis,timothy.davis@aol.com,928-827-6089x667,Denton,TX,2024-11-13
CUST_02536,Daniel Mejia,daniel.mejia@hotmail.com,897.350.6257x411,Colton,WA,2024-03-02
CUST_02537,Jennifer Palmer,jennifer.palmer@hotmail.com,(551)807-3194,Slick,OK,2024-02-07
CUST_02538,Charles Gibson,charles.gibson@aol.com,367.508.2800x407,Brooklyn,NY,2025-04-21
CUST_02539,Travis Ortega,travis.ortega@aol.com,001-534-792-0214x92530,Bagdad,AZ,2024-12-02
CUST_02540,Lisa Bonilla,lisa.bonilla@gmail.com,001-521-753-8857,Waresboro,GA,2024-03-08
CUST_02541,Brandon Hubbard,brandon.hubbard@icloud.com,+1-835-533-3380x99974,Elmwood Park,IL,2025-04-25
CUST_02542,John Bennett,john.bennett@aol.com,(995)692-7571x355,Wing,ND,2024-11-12
CUST_02543,Lisa Singh,lisa.singh@hotmail.com,927.373.5019x434,Maury City,TN,2024-09-27
CUST_02544,Jesus Mcdonald,jesus.mcdonald@outlook.com,580-754-5919x00361,Gretna,LA,2026-06-12
CUST_02545,Ann Adams,ann.adams@hotmail.com,001-921-589-2289,Meriden,CT,2024-06-30
CUST_02546,Rebecca Turner,rebecca.turner@outlook.com,515.743.8043,Philadelphia,PA,2026-01-14
CUST_02547,Vanessa Chase,vanessa.chase@yahoo.com,(453)348-2039x083,Lynchburg,SC,2024-12-17
CUST_02548,Charles Robinson,charles.robinson@icloud.com,001-218-907-2964x56566,Freedom,IN,2026-02-28
CUST_02549,Susan Cook,susan.cook@icloud.com,+1-577-278-9873x099,Lost Springs,WY,2024-10-04
CUST_02550,William Scott,william.scott@outlook.com,6175723159,Chester,OH,2024-09-05
CUST_02551,Logan Maldonado,logan.maldonado@aol.com,(269)999-6759x5344,Chestnutridge,MO,2024-09-20
CUST_02552,Jacqueline Barr,jacqueline.barr@outlook.com,(474)553-2912,Washington,DC,2025-10-20
CUST_02553,John Hodges,john.hodges@yahoo.com,397.917.4629x369,Tulsa,OK,2023-12-09
CUST_02554,David Hicks,david.hicks@aol.com,674-345-9974x351,Bivins,TX,2024-10-15
CUST_02555,Elizabeth Baker,elizabeth.baker@aol.com,001-562-244-4211x33331,Hanover,WI,2024-01-08
CUST_02556,Kurt Jackson,kurt.jackson@gmail.com,416-790-7297,Dallas,TX,2023-11-18
CUST_02557,Greg Olson,greg.olson@icloud.com,001-546-719-4763x306,Marcellus,MI,2024-05-23
CUST_02558,Jessica Hernandez,jessica.hernandez@gmail.com,622-979-5382,Elwood,IL,2026-05-02
CUST_02559,Cynthia Gordon,cynthia.gordon@hotmail.com,873-318-3470x5552,Sarahsville,OH,2025-09-09
CUST_02560,Brandy Daniels,brandy.daniels@hotmail.com,377-612-1798,Farmerville,LA,2026-05-20
CUST_02561,Jared Lee,jared.lee@hotmail.com,+1-287-980-4825x251,Tulsa,OK,2025-02-01
CUST_02562,Christina Villanueva,christina.villanueva@gmail.com,315.958.5293x6210,Derrick City,PA,2026-01-25
CUST_02563,Michele Mann,michele.mann@hotmail.com,+1-845-996-3525x445,Freeman,MO,2024-03-28
CUST_02564,Ashley Leonard,ashley.leonard@icloud.com,439.708.1311x65918,Proctorsville,VT,2026-08-28
CUST_02565,Kenneth Hood,kenneth.hood@gmail.com,+1-381-537-2400x510,Wishek,ND,2024-12-25
CUST_02566,James Sullivan,james.sullivan@aol.com,740.335.0737x79415,Hartwell,GA,2025-02-27
CUST_02567,Samantha Walker,samantha.walker@yahoo.com,905-455-9552x09143,Geneva,NY,2025-12-26
CUST_02568,Jerry Rose,jerry.rose@yahoo.com,(590)723-6143x917,Minneapolis,MN,2025-01-06
CUST_02569,William Brown,william.brown@aol.com,+1-693-534-7895x6787,Wolf Creek,MT,2025-09-11
CUST_02570,Larry Mason,larry.mason@gmail.com,+1-275-479-7377x65041,Raleigh,NC,2025-01-03
CUST_02571,Suzanne Daniels,suzanne.daniels@icloud.com,+1-633-813-8522x70091,Sawyer,ND,2025-04-05
CUST_02572,Tony Lee,tony.lee@yahoo.com,(687)333-2268,Perry,NY,2026-07-26
CUST_02573,George Alvarez,george.alvarez@icloud.com,848-594-9279x33059,Somers,NY,2025-09-13
CUST_02574,Joshua Woods,joshua.woods@aol.com,(349)788-4083x273,Saint Landry,LA,2025-03-11
CUST_02575,Michael Maynard,michael.maynard@gmail.com,001-671-984-5708x46725,Oklahoma City,OK,2025-12-20
CUST_02576,Lynn Gutierrez,lynn.gutierrez@hotmail.com,(552)548-5164x559,Robinson,ND,2025-02-11
CUST_02577,Megan Sweeney,megan.sweeney@icloud.com,312-294-6242x0174,Penryn,CA,2024-02-13
CUST_02578,Erik Fritz,erik.fritz@aol.com,(445)787-1552x51338,Friars Point,MS,2025-01-13
CUST_02579,Melissa Aguilar,melissa.aguilar@yahoo.com,418.585.4431x441,Skykomish,WA,2023-12-25
CUST_02580,Jacob Perez,jacob.perez@yahoo.com,2324725923,Jacksonville,FL,2023-12-16
CUST_02581,Susan Nguyen,susan.nguyen@gmail.com,849-862-5435x664,Newington,CT,2024-04-04
CUST_02582,Wanda Bright,wanda.bright@outlook.com,(395)260-9730,Chambers,AZ,2025-01-23
CUST_02583,John Hernandez,john.hernandez@gmail.com,629-414-9262x948,Mentone,TX,2025-09-10
CUST_02584,Jennifer Coleman,jennifer.coleman@outlook.com,560-940-0628x5890,Canada,KY,2024-01-14
CUST_02585,William Fletcher,william.fletcher@yahoo.com,938.305.8656x445,Oakville,CA,2026-05-13
CUST_02586,Kelly Martinez,kelly.martinez@hotmail.com,(937)743-2155x5683,Buchanan,VA,2026-04-13
CUST_02587,Joshua Johnson,joshua.johnson@hotmail.com,787-956-6084x7484,Saint Anthony,ND,2026-02-14
CUST_02588,Madeline Ruiz,madeline.ruiz@gmail.com,233.387.0625,Mullin,TX,2026-01-27
CUST_02589,Beth Oneill,beth.oneill@hotmail.com,(988)330-4214x035,Parker Ford,PA,2026-06-11
CUST_02590,Christine Kirk,christine.kirk@hotmail.com,362.966.9572,Montezuma,IN,2025-10-23
CUST_02591,Shane Paul,shane.paul@gmail.com,001-520-842-3059,Wilmington,NY,2025-10-15
CUST_02592,Jack Hart,jack.hart@gmail.com,716-617-3720,East Greenwich,RI,2026-08-29
CUST_02593,Lindsey Ramsey,lindsey.ramsey@aol.com,6318516362,Durham,NC,2025-06-06
CUST_02594,Rodney Moore,rodney.moore@outlook.com,(992)597-3958x11750,Auburn,IL,2024-03-28
CUST_02595,Teresa Mendoza,teresa.mendoza@outlook.com,001-630-353-4920,Washington,DC,2024-01-24
CUST_02596,George Miller,george.miller@aol.com,422.287.9114,Washington,DC,2024-11-12
CUST_02597,Brian Thompson,brian.thompson@hotmail.com,2134275475,Dunedin,FL,2025-12-18
CUST_02598,Nicole Adams,nicole.adams@gmail.com,585.918.5251,Anchorage,AK,2025-11-10
CUST_02599,Eric Mendoza,eric.mendoza@hotmail.com,(579)502-4452,Bat Cave,NC,2026-07-13
CUST_02600,Janice Flores,janice.flores@yahoo.com,997-933-2074,Kingsley,IA,2025-05-28
CUST_02601,Larry Young,larry.young@gmail.com,395.426.0142,Ekwok,AK,2025-12-26
CUST_02602,Vanessa Reynolds,vanessa.reynolds@aol.com,249.608.9408x87045,Russell,MN,2026-05-22
CUST_02603,Donna Smith,donna.smith@aol.com,(347)461-2592,Castalia,IA,2025-10-14
CUST_02604,Sabrina Miller,sabrina.miller@icloud.com,710.323.5601x486,Louisville,KY,2024-04-05
CUST_02605,Sharon Matthews,sharon.matthews@yahoo.com,495-552-6531,Athens,GA,2026-05-25
CUST_02606,Ricky Henderson,ricky.henderson@icloud.com,+1-525-467-2020x594,Prattville,AL,2024-02-26
CUST_02607,Julia Combs,julia.combs@yahoo.com,609-607-5895x27222,Summerhill,PA,2026-08-16
CUST_02608,Nicole Williams,nicole.williams@outlook.com,7393757620,Niland,CA,2025-03-29
CUST_02609,Zachary Atkinson,zachary.atkinson@gmail.com,3762350105,Twisp,WA,2025-12-08
CUST_02610,Benjamin Graham,benjamin.graham@outlook.com,708-643-1662x8660,Warrenton,GA,2024-12-17
CUST_02611,Tara Gordon,tara.gordon@outlook.com,924.784.7168x6249,Ann Arbor,MI,2024-04-27
CUST_02612,Susan Silva,susan.silva@hotmail.com,+1-741-388-5702,Mount Ulla,NC,2025-10-15
CUST_02613,Jamie Booth,jamie.booth@hotmail.com,532-809-1235,Idyllwild,CA,2025-06-10
CUST_02614,Jeremy Huang,jeremy.huang@outlook.com,+1-357-932-9385,Philadelphia,TN,2026-01-15
CUST_02615,Darrell Jordan,darrell.jordan@aol.com,001-590-691-3196x030,Moorhead,MN,2025-05-04
CUST_02616,Jessica Wolfe,jessica.wolfe@outlook.com,+1-346-298-9853x63613,Redvale,CO,2026-08-15
CUST_02617,Victoria Hensley,victoria.hensley@icloud.com,(467)406-5514x77313,Modesto,CA,2024-02-17
CUST_02618,Mark Atkins,mark.atkins@yahoo.com,+1-922-651-8335x8129,Ellington,CT,2025-01-19
CUST_02619,Robin Bowers,robin.bowers@gmail.com,238.350.5115x4260,Laurens,IA,2023-12-07
CUST_02620,Michael Sutton,michael.sutton@yahoo.com,001-887-860-0971x28779,Arlington,VA,2023-10-16
CUST_02621,Donald Griffin,donald.griffin@yahoo.com,(875)923-2641x94425,Naples,ID,2026-02-22
CUST_02622,Sabrina Young,sabrina.young@outlook.com,5859422167,Plum City,WI,2025-11-08
CUST_02623,Katherine Mcdonald,katherine.mcdonald@outlook.com,001-509-654-1494x403,Michigantown,IN,2026-04-24
CUST_02624,Carlos Kaiser,carlos.kaiser@icloud.com,438.689.0488x863,Nahma,MI,2023-09-11
CUST_02625,Charles Aguilar,charles.aguilar@aol.com,802-928-8889,Perryville,MD,2025-11-19
CUST_02626,Ivan Ballard,ivan.ballard@hotmail.com,+1-874-357-5881x4454,Afton,OK,2025-06-29
CUST_02627,Willie Jennings,willie.jennings@outlook.com,(234)410-7281x6538,Pensacola,FL,2024-03-27
CUST_02628,Cindy Duke,cindy.duke@hotmail.com,9729692303,Winters,TX,2024-12-04
CUST_02629,Joyce Weber,joyce.weber@aol.com,735-585-9165x9916,Las Vegas,NV,2024-04-21
CUST_02630,Emily Moreno,emily.moreno@outlook.com,628.415.5864x86379,O Kean,AR,2024-03-12
CUST_02631,Matthew Jordan,matthew.jordan@yahoo.com,618-652-4677x6157,Pinewood,SC,2025-10-03
CUST_02632,Curtis Martinez,curtis.martinez@outlook.com,672.518.8021x79623,Medway,ME,2025-07-27
CUST_02633,Krista Wright,krista.wright@yahoo.com,468-976-3673x62382,Saginaw,MI,2025-09-10
CUST_02634,Allison Morris,allison.morris@icloud.com,(987)983-7504,Glenwood,IL,2024-01-30
CUST_02635,Brooke Johnson,brooke.johnson@outlook.com,001-446-950-8232x365,Lamont,FL,2024-01-19
CUST_02636,Michelle Hubbard,michelle.hubbard@aol.com,(209)365-6083,Berkeley,CA,2026-07-25
CUST_02637,Mark Lynch,mark.lynch@aol.com,+1-759-684-4685x23556,Lyons,NJ,2024-03-11
CUST_02638,Christopher Deleon,christopher.deleon@hotmail.com,556-394-7466,Bellflower,CA,2023-11-09
CUST_02639,Kevin Castillo,kevin.castillo@icloud.com,+1-289-502-8221x247,San Antonio,TX,2024-09-17
CUST_02640,Kimberly Williams,kimberly.williams@gmail.com,(224)270-0732x34672,Gillette,WY,2024-10-17
CUST_02641,Ryan Jenkins,ryan.jenkins@aol.com,(224)601-2721x421,Wayside,WV,2024-04-30
CUST_02642,Shelley Flowers,shelley.flowers@hotmail.com,322.409.5327x68176,Easley,SC,2026-07-06
CUST_02643,Tristan Andersen,tristan.andersen@gmail.com,+1-459-661-4053,Charlotte,NC,2024-10-30
CUST_02644,Daniel Cummings,daniel.cummings@gmail.com,538.936.7733,Alpaugh,CA,2026-05-19
CUST_02645,Andrea Hernandez,andrea.hernandez@yahoo.com,(935)266-8178x48801,Gracewood,GA,2024-11-06
CUST_02646,Christopher Gonzalez,christopher.gonzalez@outlook.com,769-255-1871,Liberty,NY,2024-02-24
CUST_02647,Hailey Valencia,hailey.valencia@icloud.com,(447)420-1441x12430,Saint Cloud,FL,2024-03-02
CUST_02648,Molly Dunlap,molly.dunlap@outlook.com,001-276-983-7113,Hilton Head Island,SC,2025-06-14
CUST_02649,Daniel Nunez,daniel.nunez@outlook.com,001-875-487-0339x861,Rex,NC,2024-06-13
CUST_02650,Travis Chen,travis.chen@gmail.com,235.339.5601x79747,Marianna,FL,2025-02-27
CUST_02651,Beverly Martin,beverly.martin@aol.com,5727593382,Huntington,VT,2024-11-13
CUST_02652,Donna Nguyen,donna.nguyen@hotmail.com,+1-823-717-0988x538,Rockville,MO,2023-10-03
CUST_02653,Angela Davis,angela.davis@outlook.com,390-273-3754,Miranda,CA,2026-07-04
CUST_02654,Jeremy Wright,jeremy.wright@outlook.com,+1-510-527-6280x8392,Athena,OR,2024-12-02
CUST_02655,Leah Carson,leah.carson@aol.com,001-443-673-2366x9085,Martindale,TX,2026-04-25
CUST_02656,Jessica Nelson,jessica.nelson@aol.com,(420)344-1347x86007,Memphis,TN,2026-02-18
CUST_02657,Mark Rivera,mark.rivera@aol.com,001-401-204-5114x28182,Caldwell,ID,2024-05-28
CUST_02658,Michael Brooks,michael.brooks@icloud.com,7063636246,Lake Charles,LA,2026-04-24
CUST_02659,Kristin Jones,kristin.jones@hotmail.com,+1-278-323-5521,Fairplay,CO,2025-08-07
CUST_02660,Linda Rice,linda.rice@yahoo.com,3176406521,Yuba City,CA,2026-05-15
CUST_02661,Thomas Hayes,thomas.hayes@yahoo.com,358.462.8434,Gettysburg,SD,2024-01-14
CUST_02662,Christina Mendez,christina.mendez@outlook.com,(869)513-0386,Luke,MD,2025-08-14
CUST_02663,William Kirk,william.kirk@aol.com,001-498-518-3463,Washington,DC,2026-05-24
CUST_02664,Zachary Lindsey,zachary.lindsey@hotmail.com,2622034333,Orlando,FL,2024-04-14
CUST_02665,Kenneth Palmer,kenneth.palmer@gmail.com,6938053631,Philippi,WV,2025-09-08
CUST_02666,Nicholas Russo,nicholas.russo@yahoo.com,686.810.2202x79514,Wyoming,PA,2025-07-15
CUST_02667,Maria Morris,maria.morris@icloud.com,328.335.3449,Odessa,DE,2026-03-16
CUST_02668,Melissa Allen,melissa.allen@aol.com,960-893-9075x1650,Pine Lake,GA,2024-02-20
CUST_02669,Danielle Rocha,danielle.rocha@yahoo.com,323.354.9547,Augusta,GA,2024-02-18
CUST_02670,Scott Powell,scott.powell@outlook.com,+1-574-761-2485x77891,Westphalia,MI,2026-05-23
CUST_02671,Judy Smith,judy.smith@gmail.com,790-862-8965,Higbee,MO,2024-05-13
CUST_02672,Gary Erickson,gary.erickson@gmail.com,+1-660-411-5857x13774,Shiloh,OH,2025-09-25
CUST_02673,Katie Carrillo,katie.carrillo@icloud.com,001-998-274-8587x86500,Bradenton,FL,2026-05-28
CUST_02674,Victoria Jenkins,victoria.jenkins@icloud.com,586.330.7449,Columbus,NM,2024-04-16
CUST_02675,Troy Sosa,troy.sosa@gmail.com,454-777-7111,La Habra,CA,2024-11-15
CUST_02676,James Black,james.black@gmail.com,574-875-4064x53423,Cabot,AR,2024-11-21
CUST_02677,Michael Dawson,michael.dawson@gmail.com,+1-664-919-2110x569,Aurora,UT,2025-06-16
CUST_02678,Anna Garner,anna.garner@aol.com,420.312.2617,Romulus,MI,2025-02-20
CUST_02679,James Nelson,james.nelson@gmail.com,(420)866-2580x88807,Raleigh,NC,2023-09-03
CUST_02680,Christine Warren,christine.warren@yahoo.com,+1-411-454-7539x232,Crystal,MI,2025-02-17
CUST_02681,Rodney Cox,rodney.cox@icloud.com,+1-634-521-8712x7764,Fountain,MI,2025-05-16
CUST_02682,Michael Kirk,michael.kirk@yahoo.com,691.372.2785x78042,Hartford,CT,2025-07-04
CUST_02683,Ana Beltran,ana.beltran@hotmail.com,001-710-230-9363,Sweet Home,OR,2023-10-31
CUST_02684,Michelle Parrish,michelle.parrish@outlook.com,631.438.6502x58387,Santa Fe,NM,2026-01-03
CUST_02685,Courtney Murphy,courtney.murphy@hotmail.com,839.900.0929x01930,Memphis,TN,2025-06-15
CUST_02686,Duane Davenport,duane.davenport@gmail.com,(802)916-7114,Malibu,CA,2025-07-28
CUST_02687,James Rush,james.rush@gmail.com,+1-594-470-7615x21192,Markleeville,CA,2025-02-10
CUST_02688,Jasmin Terrell,jasmin.terrell@icloud.com,679.411.9506,Seattle,WA,2024-06-18
CUST_02689,Jonathan Hayes,jonathan.hayes@yahoo.com,549.321.4631x335,Paulina,OR,2023-09-23
CUST_02690,Jonathan Brown,jonathan.brown@yahoo.com,260.841.8222x6629,Akers,LA,2024-07-08
CUST_02691,Samantha Schaefer,samantha.schaefer@outlook.com,795.210.8059x02993,Gwynedd Valley,PA,2026-06-12
CUST_02692,Xavier Bond,xavier.bond@gmail.com,230.291.7448,Washington,DC,2025-11-04
CUST_02693,Emily Figueroa,emily.figueroa@gmail.com,221.346.1104,Baxley,GA,2026-08-12
CUST_02694,Erin Freeman,erin.freeman@yahoo.com,+1-844-691-5633x086,Hartford,CT,2024-06-24
CUST_02695,Ryan Stevens,ryan.stevens@gmail.com,(792)452-7324x1053,Woodville,MS,2025-01-22
CUST_02696,Lawrence Johnson,lawrence.johnson@outlook.com,920.792.4666,New Boston,TX,2026-06-12
CUST_02697,Steven Greene,steven.greene@outlook.com,7936363486,Bidwell,OH,2023-09-01
CUST_02698,Brian Smith,brian.smith@icloud.com,(812)281-9866,Baton Rouge,LA,2024-06-17
CUST_02699,Jose Kelly,jose.kelly@outlook.com,001-941-443-0027x27354,Tifton,GA,2024-04-15
CUST_02700,Susan Scott,susan.scott@yahoo.com,(839)337-7386x84592,Helen,WV,2026-05-22
CUST_02701,Michael Ortiz,michael.ortiz@outlook.com,+1-508-277-7368x11507,Toms River,NJ,2023-09-03
CUST_02702,Vincent Baird,vincent.baird@outlook.com,001-911-563-7841x2988,Stockton,MN,2025-10-25
CUST_02703,Christina Parker,christina.parker@outlook.com,736-643-0603x623,Dillard,GA,2026-02-24
CUST_02704,Cynthia Buchanan,cynthia.buchanan@hotmail.com,792.262.3600,Wataga,IL,2026-03-26
CUST_02705,Walter Richardson,walter.richardson@icloud.com,906.736.8659,Funkstown,MD,2024-06-27
CUST_02706,Michael Padilla,michael.padilla@icloud.com,920.210.8468x54032,Indianapolis,IN,2024-11-20
CUST_02707,Amy Tran,amy.tran@hotmail.com,001-277-579-9859x84910,Keene,OH,2026-07-15
CUST_02708,James Weeks,james.weeks@gmail.com,+1-766-582-1411,Vanderbilt,TX,2024-07-19
CUST_02709,Peter Meyer,peter.meyer@outlook.com,299-990-1224,Morristown,NJ,2025-11-03
CUST_02710,Carol Sanders,carol.sanders@gmail.com,720.531.5160x054,Lyle,WA,2024-04-05
CUST_02711,Lynn Cruz,lynn.cruz@icloud.com,001-447-350-7968x25432,Ellsworth,WI,2025-07-21
CUST_02712,Anthony Clarke,anthony.clarke@yahoo.com,(531)961-7673x79386,Nottawa,MI,2026-03-10
CUST_02713,Nicholas Wallace,nicholas.wallace@aol.com,(316)457-4052x4812,Bancroft,IA,2024-06-04
CUST_02714,Joy Perry,joy.perry@hotmail.com,9508679208,Oliver,PA,2026-01-12
CUST_02715,Ashley Erickson,ashley.erickson@hotmail.com,(966)840-5503,Roff,OK,2025-12-01
CUST_02716,Gabrielle Smith,gabrielle.smith@icloud.com,909.607.5449x1109,Youngstown,OH,2024-12-06
CUST_02717,Stephanie Hughes,stephanie.hughes@yahoo.com,840.309.7634x9932,East Saint Louis,IL,2025-07-30
CUST_02718,Thomas Johnston,thomas.johnston@outlook.com,249.976.5085x20990,Aguadilla,PR,2026-04-22
CUST_02719,Patricia Reid,patricia.reid@outlook.com,(604)914-5640x957,Henderson,KY,2024-07-13
CUST_02720,Betty Collier,betty.collier@hotmail.com,244.693.0378x8720,Waldron,MI,2023-09-07
CUST_02721,John Collier,john.collier@gmail.com,(406)874-7355x13478,Stanton,TX,2026-06-16
CUST_02722,Wendy Horne,wendy.horne@icloud.com,614-401-1633x755,Washington,DC,2025-03-11
CUST_02723,Sandra Ferguson,sandra.ferguson@aol.com,211.374.4018x56458,Rosemead,CA,2025-08-26
CUST_02724,Tanya Williamson,tanya.williamson@aol.com,+1-689-319-9784x614,Lancaster,OH,2024-01-30
CUST_02725,Jason Estrada,jason.estrada@icloud.com,+1-299-809-8290x67903,Pasadena,TX,2025-07-27
CUST_02726,Amy Williams,amy.williams@icloud.com,(260)499-0731x79670,Burlington,MA,2026-02-24
CUST_02727,Sean Murray,sean.murray@aol.com,383.439.8970,Albuquerque,NM,2023-10-25
CUST_02728,Monica Ford,monica.ford@aol.com,571.644.7553,Sierra Vista,AZ,2024-12-30
CUST_02729,William Ochoa,william.ochoa@aol.com,732.427.9677x23584,Peoria,AZ,2025-04-17
CUST_02730,James Francis,james.francis@icloud.com,001-527-495-0899x3328,Huntington Beach,CA,2024-04-09
CUST_02731,Charles Dixon,charles.dixon@outlook.com,+1-233-629-3077,Laurel,IA,2025-11-02
CUST_02732,Michelle Johnson,michelle.johnson@outlook.com,001-850-609-5003x820,Butler,PA,2025-01-11
CUST_02733,Alexandra Perez,alexandra.perez@hotmail.com,(428)886-5125,Rockford,IL,2023-11-21
CUST_02734,Patricia Wright,patricia.wright@icloud.com,001-706-560-6273x00768,Ridgefield,CT,2026-07-17
CUST_02735,Charles Williams,charles.williams@aol.com,378.954.8073x825,San Pierre,IN,2024-09-13
CUST_02736,James Williams,james.williams@hotmail.com,001-237-677-5290x68107,Van Nuys,CA,2024-04-30
CUST_02737,Trevor Russell,trevor.russell@hotmail.com,859-704-2414x915,Topaz,CA,2025-11-26
CUST_02738,Tiffany Smith,tiffany.smith@outlook.com,706-742-9005x41949,Montague,TX,2025-05-18
CUST_02739,Chelsea Perry,chelsea.perry@icloud.com,717.758.2436x29587,Elkton,KY,2025-03-21
CUST_02740,Michelle Johnson,michelle.johnson@icloud.com,562.409.2619x281,Reedy,WV,2026-01-18
CUST_02741,Michael Olson,michael.olson@hotmail.com,(784)283-8092x939,Gardners,PA,2026-07-22
CUST_02742,Carolyn Noble,carolyn.noble@hotmail.com,766.723.9797,Medfield,MA,2025-11-12
CUST_02743,Anthony Kennedy,anthony.kennedy@hotmail.com,(417)239-8314,Booth,AL,2025-11-19
CUST_02744,William Mcdaniel,william.mcdaniel@yahoo.com,+1-250-224-2387x37479,Huntington,WV,2026-07-20
CUST_02745,Kevin Olson,kevin.olson@aol.com,(624)201-1003x3648,East Branch,NY,2026-05-24
CUST_02746,Jeffrey Robinson,jeffrey.robinson@icloud.com,001-777-967-0511,Dublin,CA,2026-08-26
CUST_02747,Misty Carey,misty.carey@hotmail.com,001-836-696-9285x057,Washington,DC,2025-08-24
CUST_02748,Aaron Mitchell,aaron.mitchell@yahoo.com,(228)599-1494x3032,Mount Carmel,SC,2025-10-04
CUST_02749,Francis Jacobs,francis.jacobs@aol.com,713-863-2176,Saint Clair Shores,MI,2024-10-07
CUST_02750,Mark Kelley,mark.kelley@aol.com,799.202.5072,Cumberland,MD,2026-06-08
CUST_02751,Elizabeth Pennington,elizabeth.pennington@outlook.com,+1-962-767-2820x100,Greenfield,MA,2024-08-12
CUST_02752,Jeremy Johnson,jeremy.johnson@hotmail.com,+1-731-269-8930x94768,Fields Landing,CA,2024-03-14
CUST_02753,Stephanie Rice,stephanie.rice@hotmail.com,+1-994-814-9060x59067,Sherman Oaks,CA,2023-09-14
CUST_02754,Briana Odonnell,briana.odonnell@outlook.com,(800)664-1695,East Leroy,MI,2024-07-04
CUST_02755,Kimberly Bradley,kimberly.bradley@icloud.com,+1-488-812-7446x70431,Bradford,NY,2024-09-16
CUST_02756,Melissa Kim,melissa.kim@aol.com,+1-444-529-3908x118,Mereta,TX,2023-09-11
CUST_02757,David Anthony,david.anthony@icloud.com,762.398.2339x95220,Gordon,NE,2025-11-18
CUST_02758,Jordan Patterson,jordan.patterson@gmail.com,001-840-356-7727x465,Maple,WI,2026-07-26
CUST_02759,Brent Anderson,brent.anderson@gmail.com,463.854.7298,Cove City,NC,2024-05-18
CUST_02760,Cheryl Garcia,cheryl.garcia@yahoo.com,+1-322-498-9724x50492,Blencoe,IA,2026-01-20
CUST_02761,Michael Johnson,michael.johnson@outlook.com,(856)532-3020,Hilliards,PA,2025-06-12
CUST_02762,Alexis Russell,alexis.russell@yahoo.com,2192017316,Woodacre,CA,2025-12-24
CUST_02763,Gregory Gonzalez,gregory.gonzalez@hotmail.com,+1-664-305-1367x6457,Bob White,WV,2025-03-18
CUST_02764,Bradley Flores,bradley.flores@outlook.com,(759)707-8354,Bridgeville,CA,2023-09-24
CUST_02765,Norma Stone,norma.stone@outlook.com,434-600-7313x95859,Dallas,TX,2026-02-07
CUST_02766,Cody Hamilton,cody.hamilton@outlook.com,001-387-681-7691x0662,West Bloomfield,MI,2025-01-04
CUST_02767,Veronica Rivera,veronica.rivera@hotmail.com,+1-886-312-0642,Ferron,UT,2025-07-06
CUST_02768,Margaret Lucas,margaret.lucas@gmail.com,275-446-6353,Saint Louis,MO,2026-08-01
CUST_02769,Kimberly Harris,kimberly.harris@hotmail.com,+1-251-231-4735x00635,Port Neches,TX,2026-05-14
CUST_02770,Cynthia Moss,cynthia.moss@gmail.com,571.243.4405,Fairland,IN,2024-08-15
CUST_02771,Robert Mcfarland,robert.mcfarland@icloud.com,396-535-1804,Palmer,AK,2025-01-03
CUST_02772,William Herrera,william.herrera@outlook.com,001-904-740-9345x75273,Bitely,MI,2024-03-07
CUST_02773,Melissa Branch,melissa.branch@gmail.com,671-201-6679x80620,New Park,PA,2026-01-21
CUST_02774,Matthew King,matthew.king@icloud.com,(655)550-4379,Big Bend National Park,TX,2025-09-09
CUST_02775,Calvin Shields,calvin.shields@outlook.com,(746)483-9639,Leawood,KS,2024-03-05
CUST_02776,Matthew Hahn,matthew.hahn@aol.com,(511)681-4673,New London,PA,2025-09-19
CUST_02777,Julie Johnson,julie.johnson@gmail.com,+1-873-301-7633,Clendenin,WV,2026-03-21
CUST_02778,Justin Hall,justin.hall@outlook.com,(801)336-8908x7597,La Porte,TX,2025-03-10
CUST_02779,Miguel Rowe,miguel.rowe@gmail.com,001-830-472-7215x8780,Marshfield,WI,2026-06-20
CUST_02780,Andrew Powell,andrew.powell@aol.com,001-408-896-5654,Beavercreek,OR,2024-12-15
CUST_02781,Mikayla Kelley,mikayla.kelley@icloud.com,901.299.9448x76012,Midland,TX,2024-05-22
CUST_02782,James Wiley,james.wiley@hotmail.com,(558)663-0914,Corryton,TN,2024-07-27
CUST_02783,James Foster,james.foster@outlook.com,240.636.6582x7055,Hayden,IN,2024-06-05
CUST_02784,Breanna Taylor,breanna.taylor@yahoo.com,+1-933-551-8555x7438,Norfolk,VA,2024-07-15
CUST_02785,Luis Blankenship,luis.blankenship@icloud.com,478.284.0711x26536,Loretto,VA,2025-04-23
CUST_02786,Anthony Watson,anthony.watson@hotmail.com,(499)608-9305x277,Canton,SD,2025-01-22
CUST_02787,Holly Compton,holly.compton@yahoo.com,723.453.6345x064,Kalona,IA,2024-08-16
CUST_02788,Adam Knight,adam.knight@hotmail.com,945-847-6978x921,Bruceville,TX,2023-11-02
CUST_02789,Brian Ortiz,brian.ortiz@icloud.com,650-837-2111,Tuscaloosa,AL,2026-08-15
CUST_02790,Jack Williams,jack.williams@hotmail.com,001-692-370-6696x64039,Slaughters,KY,2024-07-31
CUST_02791,Larry Wallace,larry.wallace@hotmail.com,879.840.5786x74062,Garrison,UT,2025-09-10
CUST_02792,Brian Baldwin,brian.baldwin@icloud.com,432-343-7602x083,Des Moines,IA,2024-02-18
CUST_02793,Robin Craig,robin.craig@aol.com,718-754-2006x11884,Copenhagen,NY,2025-08-11
CUST_02794,Stephen May,stephen.may@yahoo.com,831-590-6929x426,Port Washington,NY,2024-07-24
CUST_02795,Lauren Wheeler,lauren.wheeler@gmail.com,+1-603-383-9141x36135,Seville,GA,2026-01-23
CUST_02796,Kirsten Burke,kirsten.burke@hotmail.com,001-656-912-7037x448,Mount Morris,PA,2025-10-15
CUST_02797,Andrea Allen,andrea.allen@aol.com,678-439-0443x374,Valrico,FL,2023-11-22
CUST_02798,Brittany Thomas,brittany.thomas@yahoo.com,+1-651-311-0156,Keyes,CA,2024-04-13
CUST_02799,Jennifer Marks,jennifer.marks@gmail.com,001-237-618-6151,New London,PA,2026-04-03
CUST_02800,Ashlee Mills,ashlee.mills@aol.com,8928100218,Irwin,PA,2024-01-26
CUST_02801,Daniel Jennings,daniel.jennings@aol.com,+1-387-207-0384x9796,Dulzura,CA,2023-11-10
CUST_02802,Sarah Fields,sarah.fields@aol.com,645-555-6294,Eagleville,PA,2024-02-14
CUST_02803,Juan Martinez,juan.martinez@gmail.com,633-481-6722x41568,Fayetteville,NC,2024-08-18
CUST_02804,Carol Ross,carol.ross@aol.com,831.442.5076,Washington,DC,2026-04-11
CUST_02805,Veronica Ayala,veronica.ayala@outlook.com,001-656-852-4575x611,Sanford,FL,2024-11-09
CUST_02806,Heather Lawson,heather.lawson@aol.com,932-504-1833,Calhoun,TN,2023-09-13
CUST_02807,Joshua Fernandez,joshua.fernandez@hotmail.com,508-366-3873,Colfax,NC,2024-04-03
CUST_02808,Sarah Williams,sarah.williams@icloud.com,8137437462,Bimble,KY,2025-04-12
CUST_02809,Colleen Buck,colleen.buck@hotmail.com,(306)442-0038x729,Grayson,LA,2024-08-04
CUST_02810,Mary Mueller,mary.mueller@yahoo.com,+1-820-567-5260x4313,Power,MT,2025-01-12
CUST_02811,Bradley Anderson,bradley.anderson@hotmail.com,451-905-4423x36564,Davy,WV,2026-02-14
CUST_02812,Andrew Cole,andrew.cole@outlook.com,+1-232-374-3244x045,Birmingham,NJ,2026-08-08
CUST_02813,Kevin Powell,kevin.powell@gmail.com,(761)307-0605x97189,Fairhaven,MA,2024-08-06
CUST_02814,Spencer Hodge,spencer.hodge@gmail.com,348-522-1747x21633,Harlingen,TX,2024-01-11
CUST_02815,Amy Hunter,amy.hunter@aol.com,+1-463-566-0657x951,Warren,MI,2025-06-25
CUST_02816,Jennifer May,jennifer.may@gmail.com,487-309-4524x0399,Glen,NH,2024-12-13
CUST_02817,Heather Miller,heather.miller@outlook.com,001-354-240-6978x5738,Amboy,CA,2025-09-15
CUST_02818,Victor Lee,victor.lee@aol.com,831.835.2520,Ashdown,AR,2023-11-12
CUST_02819,Jane Campos,jane.campos@hotmail.com,+1-514-877-1649,Dolliver,IA,2024-07-15
CUST_02820,Phyllis Brown,phyllis.brown@yahoo.com,248-856-9639x77996,Endeavor,WI,2026-05-16
CUST_02821,Holly Torres,holly.torres@aol.com,+1-523-437-6940x3688,Green Spring,WV,2024-01-18
CUST_02822,Kenneth Daniels,kenneth.daniels@icloud.com,+1-521-248-4750x65016,Salem,IA,2026-08-17
CUST_02823,Robert Reese,robert.reese@hotmail.com,369.331.9612x03594,Lotus,CA,2025-12-26
CUST_02824,Joseph Fernandez,joseph.fernandez@aol.com,001-415-917-4558x30843,Vincent,IA,2026-06-22
CUST_02825,Kevin Ramirez,kevin.ramirez@hotmail.com,(711)804-6550,Wingate,TX,2024-12-21
CUST_02826,Jonathan Price,jonathan.price@yahoo.com,410-934-9549,Ramey,PA,2023-09-18
CUST_02827,Susan Harrison,susan.harrison@hotmail.com,767.578.5901x924,Golden Gate,IL,2024-11-06
CUST_02828,James Smith,james.smith@aol.com,+1-780-335-6953x62737,Phoenix,AZ,2024-05-02
CUST_02829,Mark Wright,mark.wright@outlook.com,886-973-0475,Arlington,TX,2024-09-23
CUST_02830,Adam Wright,adam.wright@hotmail.com,(856)387-9477x58487,Heber City,UT,2025-03-31
CUST_02831,Kimberly Campbell,kimberly.campbell@outlook.com,001-249-290-2714,Richburg,NY,2025-02-11
CUST_02832,Robert Fields,robert.fields@gmail.com,432.406.1562,West Lafayette,IN,2025-04-27
CUST_02833,Timothy Stewart,timothy.stewart@outlook.com,975.924.6333x9802,Hooper,UT,2025-10-30
CUST_02834,Taylor Parker,taylor.parker@yahoo.com,(638)464-8115,Baton Rouge,LA,2024-02-14
CUST_02835,Steven King,steven.king@hotmail.com,635.747.9265,Livingston,NY,2025-11-30
CUST_02836,Angel Edwards,angel.edwards@icloud.com,001-960-803-5772,Marathon,IA,2024-05-24
CUST_02837,Nichole Boyd,nichole.boyd@icloud.com,2793455439,Bozeman,MT,2024-01-07
CUST_02838,Curtis Johnson,curtis.johnson@outlook.com,653.506.5107x69257,Shelter Island Heights,NY,2025-07-08
CUST_02839,Edward Rollins,edward.rollins@aol.com,719-245-5482x38564,Sacramento,CA,2024-12-10
CUST_02840,Jonathan Mayo,jonathan.mayo@aol.com,(610)797-9707x722,Hyde Park,NY,2026-02-20
CUST_02841,Maureen Hensley,maureen.hensley@gmail.com,001-543-814-5146x22650,Kreamer,PA,2023-09-06
CUST_02842,Logan Malone,logan.malone@gmail.com,+1-328-378-0714x6738,Nanticoke,PA,2024-10-26
CUST_02843,Chad Riley,chad.riley@icloud.com,370-729-2472,Anchorage,AK,2026-08-22
CUST_02844,Kimberly Shaw,kimberly.shaw@outlook.com,330.859.7779x2516,Ackerman,MS,2025-04-21
CUST_02845,David Patton,david.patton@yahoo.com,+1-505-500-9434x343,Rockport,WA,2026-04-28
CUST_02846,David Smith,david.smith@yahoo.com,709.209.3413x25703,Fults,IL,2026-01-22
CUST_02847,Linda Vance,linda.vance@hotmail.com,818.567.1843x058,Lynndyl,UT,2024-07-28
CUST_02848,Kathy Franklin,kathy.franklin@yahoo.com,541-679-4190x4603,Palmer,TX,2025-04-20
CUST_02849,Jason Johnson,jason.johnson@hotmail.com,304-587-7199x185,Whigham,GA,2025-06-28
CUST_02850,Carol Sellers,carol.sellers@yahoo.com,9359070552,Parkdale,AR,2025-06-10
CUST_02851,Justin Brown,justin.brown@hotmail.com,931.824.7121,Lexington,NY,2024-05-28
CUST_02852,Caleb Smith,caleb.smith@gmail.com,614-883-8060,Richmond,VA,2025-09-09
CUST_02853,Daniel Sanchez,daniel.sanchez@icloud.com,+1-671-356-1518x6814,Ponderay,ID,2025-05-27
CUST_02854,Deborah Pineda,deborah.pineda@hotmail.com,(980)768-5053,San Juan,PR,2026-07-07
CUST_02855,Bobby Patton,bobby.patton@icloud.com,+1-729-632-1467x877,Fort Pierce,FL,2026-03-24
CUST_02856,Laura Wong,laura.wong@outlook.com,(867)667-5226x8361,Lavalette,WV,2025-01-25
CUST_02857,Ariana Stewart,ariana.stewart@gmail.com,001-929-859-0628x444,Seltzer,PA,2024-01-13
CUST_02858,Tammy Jackson,tammy.jackson@gmail.com,(551)321-5201x509,Forestport,NY,2025-01-27
CUST_02859,Karen Cooper,karen.cooper@aol.com,+1-814-700-9232x99550,Pittsburgh,PA,2023-11-26
CUST_02860,Timothy Smith,timothy.smith@gmail.com,395.517.4700x30867,Los Olivos,CA,2024-11-28
CUST_02861,Tim Mueller,tim.mueller@hotmail.com,+1-965-474-4829,Maple Plain,MN,2025-05-26
CUST_02862,Brent Cobb,brent.cobb@outlook.com,+1-644-825-2148x001,Standish,MI,2024-01-07
CUST_02863,Joseph Carter,joseph.carter@hotmail.com,946-268-9844,Rayville,MO,2025-12-24
CUST_02864,Cynthia Wallace,cynthia.wallace@outlook.com,001-475-539-3465x62635,Albion,CA,2025-06-16
CUST_02865,Juan Jones,juan.jones@hotmail.com,001-731-859-0087x12330,Cleveland,WV,2024-03-12
CUST_02866,Daniel West,daniel.west@aol.com,735.594.9659x57225,West Fairlee,VT,2024-01-24
CUST_02867,Linda Conrad,linda.conrad@outlook.com,(667)381-9351x190,Scranton,PA,2025-02-04
CUST_02868,Craig Davis,craig.davis@gmail.com,(804)408-9404x9570,Lubbock,TX,2023-09-10
CUST_02869,Amy Knight,amy.knight@yahoo.com,001-332-473-8982x11438,Adamsville,TN,2024-06-08
CUST_02870,Jean Rivera,jean.rivera@yahoo.com,581-737-4616x932,Stonington,ME,2026-08-21
CUST_02871,Randy Jacobs,randy.jacobs@outlook.com,+1-927-549-0760x53772,Mc Cormick,SC,2026-06-08
CUST_02872,Paul Sanders,paul.sanders@yahoo.com,001-530-240-6597,Rush Hill,MO,2025-09-25
CUST_02873,Louis Gibson,louis.gibson@outlook.com,614-853-5951,Garfield,WA,2025-08-08
CUST_02874,Ronald Griffin,ronald.griffin@outlook.com,429-951-9743x261,Lambert,MT,2025-10-22
CUST_02875,Ana Ellis,ana.ellis@aol.com,685-429-5557x2346,Crystal Lake,IL,2026-05-18
CUST_02876,James Roman,james.roman@gmail.com,(373)836-3705x9883,Pontiac,MI,2024-03-11
CUST_02877,Sherry Miller,sherry.miller@yahoo.com,(665)519-5525,Cedar Grove,WI,2023-09-20
CUST_02878,Eric Tran,eric.tran@icloud.com,(405)414-4705,Midway Park,NC,2023-11-05
CUST_02879,Isabella Joyce,isabella.joyce@aol.com,+1-593-921-4737x8302,Boise,ID,2024-11-04
CUST_02880,Patrick Walton,patrick.walton@icloud.com,288.761.3803,Pattonville,TX,2023-12-10
CUST_02881,Stephanie Williams,stephanie.williams@outlook.com,5334741636,Manasquan,NJ,2024-03-26
CUST_02882,Anthony Thompson,anthony.thompson@gmail.com,001-858-391-1071,Hosford,FL,2024-09-20
CUST_02883,Joseph Holt,joseph.holt@aol.com,8925222483,Westville,OK,2025-07-25
CUST_02884,Sarah Thomas,sarah.thomas@icloud.com,001-316-244-5457x33057,Richgrove,CA,2024-08-23
CUST_02885,Laura Howell,laura.howell@yahoo.com,221.873.5101,Oran,IA,2024-02-21
CUST_02886,Mark Morris,mark.morris@gmail.com,741.705.4325x768,Kensington,KS,2025-09-01
CUST_02887,April Walker,april.walker@hotmail.com,001-375-404-8972x256,Spring Mount,PA,2024-04-15
CUST_02888,Nancy Rogers,nancy.rogers@yahoo.com,716.355.2879x43148,Denver,NY,2026-07-23
CUST_02889,John Boyd,john.boyd@yahoo.com,001-535-712-2698x040,Rineyville,KY,2025-07-31
CUST_02890,Jessica Elliott,jessica.elliott@outlook.com,366.407.0230x706,Azle,TX,2024-11-11
CUST_02891,Rachel Nguyen,rachel.nguyen@icloud.com,2526398303,Indianapolis,IN,2023-12-28
CUST_02892,Lori Henderson,lori.henderson@gmail.com,(388)300-4025x295,Thatcher,AZ,2024-07-03
CUST_02893,Tiffany Lam,tiffany.lam@gmail.com,484-514-8453,East Hartford,CT,2025-06-22
CUST_02894,Bryan Fowler,bryan.fowler@gmail.com,(941)503-1682x74335,Alpha,KY,2024-09-29
CUST_02895,Jared Alvarez,jared.alvarez@yahoo.com,+1-315-644-3982x7621,Cornell,IL,2024-03-21
CUST_02896,Jane Beasley,jane.beasley@outlook.com,411.425.6873,Fpo,AP,2024-10-06
CUST_02897,David Lynch,david.lynch@outlook.com,+1-897-413-6961x223,Berclair,TX,2023-12-03
CUST_02898,Karen Price,karen.price@gmail.com,001-373-355-0673x561,Teton,ID,2024-11-04
CUST_02899,Jeffrey Scott,jeffrey.scott@yahoo.com,292.938.4472,Monument,KS,2026-07-03
CUST_02900,Ashley Caldwell,ashley.caldwell@gmail.com,3539343035,New York,NY,2024-11-07
CUST_02901,Paul Jefferson,paul.jefferson@hotmail.com,5026695861,Mills,NE,2025-10-28
CUST_02902,Jeffery Hardy,jeffery.hardy@gmail.com,001-284-670-6159x262,Long Beach,CA,2024-05-31
CUST_02903,Joshua Nelson,joshua.nelson@aol.com,914.261.4101x3102,Albany,NY,2024-08-11
CUST_02904,Justin Davis,justin.davis@aol.com,(545)903-8238x7671,Winfield,KS,2025-02-12
CUST_02905,Eddie Anderson,eddie.anderson@hotmail.com,+1-237-470-4559x874,Seabrook,NH,2026-04-24
CUST_02906,Brandon Navarro,brandon.navarro@hotmail.com,733-248-5876,Cedar,KS,2024-10-31
CUST_02907,James Davis,james.davis@outlook.com,(889)596-6692,Olmitz,KS,2025-08-26
CUST_02908,Ronald Powell,ronald.powell@hotmail.com,(535)663-6452x366,Good Hart,MI,2024-09-02
CUST_02909,Michael Singleton,michael.singleton@aol.com,713-260-6838x85421,Philadelphia,PA,2026-02-14
CUST_02910,Elizabeth Torres,elizabeth.torres@icloud.com,001-766-555-4647x2765,Cheshire,MA,2026-02-04
CUST_02911,Jason Todd,jason.todd@aol.com,(417)388-9562,Philadelphia,PA,2025-10-07
CUST_02912,Robert Lee,robert.lee@yahoo.com,001-954-275-2396,Washington,MI,2026-07-22
CUST_02913,Jennifer Ware,jennifer.ware@gmail.com,001-804-590-5770x3642,Redmond,WA,2025-11-27
CUST_02914,Karen Chapman,karen.chapman@hotmail.com,001-669-859-0046,East Dubuque,IL,2025-07-23
CUST_02915,Vernon Lyons,vernon.lyons@icloud.com,(741)764-8822x50712,Pinson,AL,2025-03-07
CUST_02916,Jennifer Deleon,jennifer.deleon@outlook.com,697-666-7500x449,Yosemite,KY,2024-07-18
CUST_02917,David Rhodes,david.rhodes@icloud.com,+1-762-701-9460,Brevig Mission,AK,2024-01-01
CUST_02918,Lisa Hall,lisa.hall@icloud.com,986.720.0280x3933,Munford,AL,2024-03-05
CUST_02919,Elizabeth Blake,elizabeth.blake@yahoo.com,(357)541-7622x592,Apo,AE,2026-04-26
CUST_02920,Shannon Espinoza,shannon.espinoza@icloud.com,(746)334-7366,Apo,AE,2023-12-08
CUST_02921,Mary Ramsey,mary.ramsey@yahoo.com,254.571.4530x5871,Force,PA,2024-05-09
CUST_02922,Laura Wilcox,laura.wilcox@hotmail.com,771-903-0382x4319,Edgewater,MD,2024-03-22
CUST_02923,Jeffrey White,jeffrey.white@aol.com,651-789-2217x211,Tatum,SC,2023-11-11
CUST_02924,Erica Smith,erica.smith@outlook.com,737.752.1008,Harrisville,RI,2024-09-07
CUST_02925,David Fowler,david.fowler@outlook.com,(585)416-4811x4109,Phoenix,OR,2025-09-16
CUST_02926,Jane Gonzalez,jane.gonzalez@yahoo.com,001-801-356-3718,Verona,WI,2025-09-26
CUST_02927,Robert Mitchell,robert.mitchell@gmail.com,438-226-0862x220,Jacksonville,FL,2026-04-05
CUST_02928,Charles Wells,charles.wells@gmail.com,(588)858-8564,Muldrow,OK,2023-11-28
CUST_02929,Margaret Johnson,margaret.johnson@gmail.com,869.390.7544x700,Colorado Springs,CO,2025-08-21
CUST_02930,Jo Coleman,jo.coleman@aol.com,903.547.1895x316,Paradise,KS,2026-03-15
CUST_02931,Paul Anderson,paul.anderson@aol.com,414.451.7340x345,Fairbanks,AK,2025-02-01
CUST_02932,Derrick Lam,derrick.lam@outlook.com,953.973.1575,Hardin,MO,2024-11-20
CUST_02933,Colton Johnson,colton.johnson@outlook.com,001-876-925-7504x8560,Falls Church,VA,2024-11-11
CUST_02934,Sharon Cline,sharon.cline@hotmail.com,285-906-9338,Albert Lea,MN,2024-01-08
CUST_02935,Andrew Gordon,andrew.gordon@hotmail.com,811.603.7716x349,Dpo,AA,2025-12-13
CUST_02936,Elizabeth Miles,elizabeth.miles@aol.com,(997)682-9255,Vinita,OK,2024-10-18
CUST_02937,Arthur Romero,arthur.romero@gmail.com,+1-489-424-9701x99254,El Paso,TX,2025-12-04
CUST_02938,Connie Taylor,connie.taylor@outlook.com,591.984.7316x90446,Kingston,GA,2024-05-13
CUST_02939,Rachel Holmes,rachel.holmes@outlook.com,(391)544-5495x567,Kirkland,WA,2024-10-05
CUST_02940,Katherine Deleon,katherine.deleon@aol.com,571-916-5280,Renton,WA,2026-03-01
CUST_02941,Linda Johnson,linda.johnson@aol.com,001-653-787-9710x43420,Long Branch,TX,2025-06-15
CUST_02942,Julia Vega,julia.vega@yahoo.com,(976)205-4990x4197,Volga,IA,2025-11-27
CUST_02943,Joshua Moore,joshua.moore@hotmail.com,+1-601-443-3209x924,Lakeshore,MS,2025-04-28
CUST_02944,Chad Howard,chad.howard@hotmail.com,751.422.5620,Raleigh,NC,2026-08-21
CUST_02945,Annette Lucas,annette.lucas@icloud.com,581.550.9981,Dpo,AE,2026-08-26
CUST_02946,Courtney Allen,courtney.allen@gmail.com,(880)594-6457x211,Overton,NV,2024-08-25
CUST_02947,Amanda Lee,amanda.lee@hotmail.com,001-705-529-5111x16490,Arlington,OH,2025-11-30
CUST_02948,Kristina George,kristina.george@outlook.com,341-573-3572x4323,La Pryor,TX,2026-03-30
CUST_02949,Katrina Wright,katrina.wright@hotmail.com,001-701-296-4110x270,Baldwyn,MS,2024-10-20
CUST_02950,Mark Banks,mark.banks@yahoo.com,6377349042,Phoenix,AZ,2024-07-22
CUST_02951,Megan Gonzales,megan.gonzales@outlook.com,425-644-7265x69722,Houston,TX,2026-03-11
CUST_02952,Annette Rhodes,annette.rhodes@yahoo.com,4286151054,Parcel Return Service,DC,2024-01-27
CUST_02953,Melissa Colon,melissa.colon@hotmail.com,+1-611-831-7411x55013,Wascott,WI,2025-03-30
CUST_02954,David Nielsen,david.nielsen@hotmail.com,001-733-311-9155,Fort Bidwell,CA,2024-11-20
CUST_02955,Richard Klein,richard.klein@outlook.com,+1-636-997-3930,Northampton,PA,2026-08-15
CUST_02956,Gabriel Robinson,gabriel.robinson@gmail.com,6834420632,North Branch,MN,2025-02-13
CUST_02957,Thomas May,thomas.may@gmail.com,439-884-3589x386,Mount Perry,OH,2024-10-06
CUST_02958,Manuel Howard,manuel.howard@outlook.com,001-547-316-6277x047,Alcove,NY,2024-07-19
CUST_02959,Jerry Barnett,jerry.barnett@yahoo.com,525-621-4655x8826,Ringgold,TX,2023-09-30
CUST_02960,Jeffrey Stevens,jeffrey.stevens@aol.com,776-787-0516,Alma,WI,2026-04-01
CUST_02961,Melinda Price,melinda.price@gmail.com,2047445656,Dallas,TX,2026-08-16
CUST_02962,Tyler Lopez,tyler.lopez@aol.com,2629500543,Chatsworth,CA,2025-09-07
CUST_02963,Rose Robertson,rose.robertson@icloud.com,+1-397-808-8459x069,Colorado Springs,CO,2026-04-22
CUST_02964,Christopher Bell,christopher.bell@outlook.com,220.254.6490,Newberry,SC,2025-09-18
CUST_02965,Wayne Sanders,wayne.sanders@yahoo.com,(763)385-8577,Scobey,MT,2025-10-06
CUST_02966,Desiree Cantu,desiree.cantu@icloud.com,+1-499-820-4289,Greenville,PA,2024-12-19
CUST_02967,Martin Ellis,martin.ellis@outlook.com,+1-756-318-2733x66328,Dalton,PA,2025-06-01
CUST_02968,Maria Hanson,maria.hanson@outlook.com,001-708-649-6929x40743,Fayette,AL,2025-02-09
CUST_02969,Sandra Rivera,sandra.rivera@aol.com,+1-492-372-2044,Atlanta,TX,2025-06-17
CUST_02970,Kenneth Hall,kenneth.hall@gmail.com,683.882.1218,Cherry Plain,NY,2024-11-10
CUST_02971,Ryan Hartman,ryan.hartman@hotmail.com,581-436-4393x624,Sacramento,CA,2025-09-04
CUST_02972,Sherry Robinson,sherry.robinson@aol.com,001-535-842-0593x233,Ranger,GA,2024-06-14
CUST_02973,Howard Jordan,howard.jordan@outlook.com,+1-853-354-7629x928,Edward,NC,2026-07-18
CUST_02974,John Schmitt,john.schmitt@icloud.com,+1-463-642-4630x472,Washington,DC,2026-06-14
CUST_02975,Taylor Williams,taylor.williams@aol.com,(904)706-4918,Brooklyn,WI,2025-06-26
CUST_02976,Ryan Carlson,ryan.carlson@aol.com,202.379.0660x8025,Newark,MO,2024-11-30
CUST_02977,Thomas Anderson,thomas.anderson@hotmail.com,260-384-1407,Sarasota,FL,2026-05-13
CUST_02978,Olivia Molina,olivia.molina@outlook.com,649.590.2122x02109,Jet,OK,2025-12-06
CUST_02979,Lindsey Bailey,lindsey.bailey@outlook.com,001-267-443-2493,Baileys Harbor,WI,2024-11-23
CUST_02980,Edgar Martinez,edgar.martinez@aol.com,001-329-926-2093x286,Breda,IA,2026-01-21
CUST_02981,Daniel Owens,daniel.owens@outlook.com,(931)549-0697x475,Arapahoe,WY,2024-05-29
CUST_02982,Brendan Woodward,brendan.woodward@icloud.com,648-644-5439x9256,Alliance,NC,2023-11-24
CUST_02983,Alexander Graham,alexander.graham@hotmail.com,+1-796-579-1265x70659,Nulato,AK,2026-04-25
CUST_02984,Daniel Jackson,daniel.jackson@icloud.com,644.368.4166x355,Melvin Village,NH,2024-07-27
CUST_02985,Ian Mccoy,ian.mccoy@icloud.com,(793)297-8321x897,Tustin,MI,2025-04-11
CUST_02986,Theresa Morris,theresa.morris@icloud.com,(248)665-5569x71119,Orange Park,FL,2026-08-23
CUST_02987,Crystal Aguirre,crystal.aguirre@yahoo.com,+1-780-627-1528x8542,Rosebush,MI,2025-01-29
CUST_02988,Lori Gonzalez,lori.gonzalez@outlook.com,910-274-8398,Calumet,IA,2023-10-18
CUST_02989,Kathy Rodriguez,kathy.rodriguez@yahoo.com,(476)736-9581x5974,Guston,KY,2025-08-02
CUST_02990,Antonio Brown,antonio.brown@aol.com,(759)837-9654,Belvidere,TN,2025-06-27
CUST_02991,James Mccann,james.mccann@icloud.com,(621)497-2263x10675,East Hanover,NJ,2025-12-25
CUST_02992,Mario Khan,mario.khan@gmail.com,001-434-419-5754,Lemmon,SD,2025-01-27
CUST_02993,Alexandra Johnston,alexandra.johnston@outlook.com,474.606.1646,Lancaster,VA,2024-10-23
CUST_02994,Kyle Scott,kyle.scott@yahoo.com,7469340710,Wasco,OR,2023-10-17
CUST_02995,Erika Love,erika.love@hotmail.com,001-351-690-5718x7770,East Petersburg,PA,2025-01-16
CUST_02996,Daniel Robinson,daniel.robinson@hotmail.com,001-203-857-1662x194,Muncie,IN,2025-10-27
CUST_02997,Andrew Richardson,andrew.richardson@outlook.com,7936724610,Fort Worth,TX,2025-06-15
CUST_02998,Brent Buck,brent.buck@outlook.com,001-525-503-1264x67800,Seattle,WA,2025-11-17
CUST_02999,Rachel Oconnell,rachel.oconnell@aol.com,001-880-461-0649x0106,Southern Md Facility,MD,2024-05-06
CUST_03000,William Moody,william.moody@yahoo.com,001-221-506-6515,Maryville,TN,2023-12-18
CUST_03001,Margaret Wilkins,margaret.wilkins@aol.com,(495)812-0720x56910,Dpo,AE,2024-03-02
CUST_03002,William Smith,william.smith@aol.com,(791)224-9577,San Jose,CA,2025-11-13
CUST_03003,Jade Weber,jade.weber@outlook.com,001-249-843-5276,Spring,TX,2024-11-25
CUST_03004,Ian Owen,ian.owen@gmail.com,613-728-8459,Wellpinit,WA,2025-11-22
CUST_03005,Robert Love,robert.love@hotmail.com,+1-934-426-6710x3052,West Barnstable,MA,2025-06-09
CUST_03006,Daniel Clark,daniel.clark@icloud.com,001-404-456-8735x065,Williamstown,NJ,2024-09-12
CUST_03007,Carla Madden,carla.madden@aol.com,+1-304-777-4515x0911,Arlington,VT,2025-06-04
CUST_03008,Lisa Roman,lisa.roman@yahoo.com,454-441-9806,Mossy Head,FL,2024-06-26
CUST_03009,Jamie Silva,jamie.silva@outlook.com,001-339-817-5818,Hadley,MI,2026-01-31
CUST_03010,Kevin Trujillo,kevin.trujillo@hotmail.com,(496)391-9625,Washington,DC,2026-01-04
CUST_03011,Tabitha Wheeler,tabitha.wheeler@gmail.com,889-253-8905x894,Tennille,GA,2024-12-30
CUST_03012,Rebecca Dennis,rebecca.dennis@aol.com,358-220-2507,Elgin,OR,2024-11-14
CUST_03013,Chris Davis,chris.davis@yahoo.com,(835)321-2156,Farmland,IN,2024-12-15
CUST_03014,Vincent Parrish,vincent.parrish@icloud.com,001-649-477-2981x05329,Livingston Manor,NY,2024-01-26
CUST_03015,Robert Ward,robert.ward@gmail.com,(265)338-3688x761,Hartford,CT,2023-11-26
CUST_03016,Amy Dixon,amy.dixon@icloud.com,001-863-243-5528x246,Springville,IN,2026-07-07
CUST_03017,Roberto Rodriguez,roberto.rodriguez@aol.com,612-594-9192x75586,Linden,NJ,2026-05-22
CUST_03018,Pamela Hampton,pamela.hampton@hotmail.com,794-627-0684,Augusta,GA,2025-09-09
CUST_03019,Stephanie Snyder,stephanie.snyder@outlook.com,532-505-9217x8750,Fort Collins,CO,2024-12-10
CUST_03020,Christopher Poole,christopher.poole@outlook.com,+1-734-264-1230x76855,Colorado City,CO,2026-08-11
CUST_03021,Brenda Clark,brenda.clark@icloud.com,214.279.2726,Saint Johns,OH,2024-12-10
CUST_03022,Donna Yoder,donna.yoder@outlook.com,+1-903-390-2744x3917,Sharon,TN,2024-08-15
CUST_03023,Karla Lindsey,karla.lindsey@gmail.com,+1-520-758-2061x342,Joes,CO,2025-02-22
CUST_03024,Michelle Duncan,michelle.duncan@yahoo.com,001-424-620-3409x6945,Sunset,LA,2026-05-30
CUST_03025,Garrett Wells,garrett.wells@gmail.com,502.886.7717,San Diego,CA,2026-06-26
CUST_03026,Bryan Flynn,bryan.flynn@aol.com,278-585-5919,Ventura,CA,2024-12-08
CUST_03027,Steven Roberts,steven.roberts@aol.com,414.348.9593x6215,Beachwood,NJ,2024-07-13
CUST_03028,Ashley Spence,ashley.spence@aol.com,001-574-340-9179x947,Churchton,MD,2024-03-13
CUST_03029,Jonathan Mendez,jonathan.mendez@gmail.com,(673)682-0001,Thackerville,OK,2025-09-21
CUST_03030,Lisa Young,lisa.young@aol.com,235-931-4344,Sylvester,TX,2025-10-19
CUST_03031,Rebecca Robles,rebecca.robles@hotmail.com,+1-959-902-1826,Rocky Point,NY,2023-12-08
CUST_03032,Tina Fields,tina.fields@hotmail.com,001-427-590-0432x9456,Fayetteville,NY,2025-11-19
CUST_03033,Anne Miller,anne.miller@outlook.com,(728)715-9644,Newberry,IN,2025-01-26
CUST_03034,Kelli Cummings,kelli.cummings@icloud.com,(516)844-9075,Freeman Spur,IL,2023-09-08
CUST_03035,Elizabeth Powers,elizabeth.powers@outlook.com,222.516.4087x88512,Mount Morris,NY,2025-01-10
CUST_03036,Mark Shea,mark.shea@gmail.com,796-746-7245x7889,Orlando,FL,2026-02-20
CUST_03037,Sara Johnson,sara.johnson@yahoo.com,754.244.7265,Louisville,KY,2026-03-02
CUST_03038,Cynthia Brown,cynthia.brown@gmail.com,+1-604-375-9702x64569,Mount Morris,MI,2023-10-02
CUST_03039,Raymond Bowers,raymond.bowers@gmail.com,410-550-2689x270,Carpenter,WY,2024-07-30
CUST_03040,Timothy Rodriguez,timothy.rodriguez@aol.com,725-254-5668x3818,Warda,TX,2024-07-23
CUST_03041,Ashley Mosley,ashley.mosley@hotmail.com,001-714-562-9355x17639,Batesville,MS,2025-01-23
CUST_03042,Jesse Watts,jesse.watts@outlook.com,001-543-314-8000,Englewood,TN,2026-06-12
CUST_03043,Mallory Farley,mallory.farley@hotmail.com,715.457.7489,Watertown,MN,2024-04-16
CUST_03044,David Smith,david.smith@hotmail.com,+1-384-353-2905x171,Allen,KY,2024-07-27
CUST_03045,Jennifer Adams,jennifer.adams@outlook.com,(411)712-2694x666,Omaha,NE,2024-10-05
CUST_03046,Christopher Nelson,christopher.nelson@icloud.com,661-468-6531x47819,Wallace,SC,2025-05-30
CUST_03047,Michael Adams,michael.adams@hotmail.com,+1-790-307-7267x4431,Bloomfield,NE,2026-01-10
CUST_03048,Christopher Robinson,christopher.robinson@hotmail.com,001-700-642-8023,Lynn,AR,2025-01-15
CUST_03049,Calvin Warren,calvin.warren@outlook.com,+1-888-626-3240x87756,Vermontville,MI,2026-03-21
CUST_03050,Kristy Lee,kristy.lee@aol.com,936-974-9789,Palmyra,PA,2024-06-14
CUST_03051,Norman Hayes,norman.hayes@yahoo.com,965-719-0597,Trevilians,VA,2024-07-14
CUST_03052,Rebecca Garcia,rebecca.garcia@aol.com,508-540-3388,Saint Bernice,IN,2024-10-18
CUST_03053,Adam Andrews,adam.andrews@icloud.com,(305)644-7030x0025,Sawyerville,IL,2026-08-12
CUST_03054,Steven Johnson,steven.johnson@hotmail.com,+1-308-333-7043x12719,Cameron,OK,2025-07-16
CUST_03055,Russell Newman,russell.newman@gmail.com,6569215903,Fpo,AP,2025-07-28
CUST_03056,Douglas Sanders,douglas.sanders@yahoo.com,466.676.3140,Cabins,WV,2025-05-01
CUST_03057,Carolyn Cruz,carolyn.cruz@outlook.com,886.741.5345,Quenemo,KS,2025-09-21
CUST_03058,Sandra Braun,sandra.braun@gmail.com,462-849-6776,White Hall,AR,2024-12-28
CUST_03059,Patrick Myers,patrick.myers@gmail.com,(980)653-1859x7385,San Jose,CA,2024-10-27
CUST_03060,Jenna Simpson,jenna.simpson@outlook.com,(898)340-8022,Le Roy,IL,2025-03-17
CUST_03061,Jason Craig,jason.craig@yahoo.com,+1-901-375-8019,Sparta,OH,2026-08-20
CUST_03062,Kelsey Adams,kelsey.adams@gmail.com,532-885-6847x6546,Lampe,MO,2024-05-07
CUST_03063,Vincent Parker,vincent.parker@aol.com,790-702-3951x7937,Saint Francis,KY,2024-09-16
CUST_03064,Mark Fields,mark.fields@hotmail.com,001-913-826-5376x651,Marshall,WI,2025-12-19
CUST_03065,Dennis Andrews,dennis.andrews@outlook.com,001-912-203-5727x4901,Santa Isabel,PR,2026-07-09
CUST_03066,Christina Lambert,christina.lambert@yahoo.com,476-745-6609x803,Wayland,MO,2024-05-11
CUST_03067,Dana French,dana.french@hotmail.com,+1-919-443-4991x415,Edgewood,TX,2025-11-20
CUST_03068,Matthew Bell,matthew.bell@icloud.com,750.324.9117x305,Alva,OK,2025-09-07
CUST_03069,David Logan,david.logan@yahoo.com,(458)540-0367,Lowry,VA,2023-09-13
CUST_03070,Lucas Keller,lucas.keller@aol.com,+1-684-266-1209x961,Jefferson City,MO,2024-10-20
CUST_03071,Cassandra Larson,cassandra.larson@icloud.com,701.404.1473,Arlington,MN,2025-02-28
CUST_03072,Christopher Potter,christopher.potter@outlook.com,(672)820-0363x566,Kidron,OH,2025-12-24
CUST_03073,Adam Snyder,adam.snyder@aol.com,829.328.1603x4040,Plains,TX,2024-03-06
CUST_03074,Brandon Stevens,brandon.stevens@gmail.com,526-777-5817x990,Salt Lake City,UT,2024-12-17
CUST_03075,Jessica Hudson,jessica.hudson@aol.com,503.867.7232x054,South Greenfield,MO,2024-11-03
CUST_03076,Sylvia Lyons,sylvia.lyons@icloud.com,+1-548-513-5183x6366,Fairfield,OH,2025-12-19
CUST_03077,Joseph Scott,joseph.scott@yahoo.com,(361)877-0280,Millwood,GA,2026-08-02
CUST_03078,Jennifer Ball,jennifer.ball@aol.com,+1-274-246-6647,Bearcreek,MT,2025-06-10
CUST_03079,Bridget Baker,bridget.baker@gmail.com,652-304-6644x4233,Garwin,IA,2024-02-21
CUST_03080,Ashley Bowers,ashley.bowers@aol.com,639-385-2603x3897,Seymour,TX,2025-09-08
CUST_03081,Victor Daniel,victor.daniel@outlook.com,575-984-8915,Samoa,CA,2025-10-05
CUST_03082,David Martin,david.martin@icloud.com,(639)292-8443x55303,Benton,KS,2025-08-25
CUST_03083,Debra Davis,debra.davis@yahoo.com,4599771420,Clinton,AR,2026-01-19
CUST_03084,Erica James,erica.james@aol.com,927.941.8577x6369,Lenexa,KS,2025-07-03
CUST_03085,Melissa Barnett,melissa.barnett@outlook.com,430.286.9380,Morganza,LA,2026-04-01
CUST_03086,Jessica Gallegos,jessica.gallegos@gmail.com,5739035997,Gilbert,IA,2026-05-27
CUST_03087,Adam Black,adam.black@hotmail.com,465.305.5532x1461,Wanda,MN,2026-06-12
CUST_03088,Steven Smith,steven.smith@aol.com,+1-389-629-9970x92840,Akron,OH,2025-05-16
CUST_03089,Kevin Carrillo,kevin.carrillo@yahoo.com,(484)553-3907x6307,Dumont,IA,2026-04-28
CUST_03090,Kelly Diaz,kelly.diaz@gmail.com,(343)335-3430x5812,Saint Paul,MN,2024-09-24
CUST_03091,Richard Moon,richard.moon@icloud.com,271.592.1214x406,Portland,CT,2023-12-03
CUST_03092,Donald Hernandez,donald.hernandez@yahoo.com,317-245-8130x468,Carbondale,PA,2025-06-29
CUST_03093,Margaret Smith,margaret.smith@gmail.com,(635)871-9272x555,New Milford,NJ,2023-10-31
CUST_03094,Michaela Rivera,michaela.rivera@yahoo.com,607-853-9359x230,Coyote,CA,2024-07-04
CUST_03095,Tina Smith,tina.smith@hotmail.com,7554526914,Tannersville,NY,2025-10-19
CUST_03096,Bradley Serrano,bradley.serrano@outlook.com,001-340-695-9422x2968,Danville,WA,2024-12-17
CUST_03097,Tonya Barrett,tonya.barrett@outlook.com,643.416.0410x04632,Little River,KS,2025-04-14
CUST_03098,Mark Maldonado,mark.maldonado@icloud.com,001-365-948-0779x590,Ashland,KS,2025-10-07
CUST_03099,Stacey Lopez,stacey.lopez@aol.com,+1-349-505-4845,South Bend,IN,2024-09-02
CUST_03100,Maria Myers,maria.myers@aol.com,001-414-522-8356x07468,Byron,WY,2023-12-31
CUST_03101,Donna Ruiz,donna.ruiz@aol.com,691.569.8099x0583,Sioux Falls,SD,2026-05-21
CUST_03102,Perry Johnson,perry.johnson@aol.com,+1-255-539-2021x221,Apo,AP,2025-04-25
CUST_03103,Jimmy Clark,jimmy.clark@yahoo.com,(554)505-4131,Byron,NE,2025-07-21
CUST_03104,Christopher Gray,christopher.gray@gmail.com,8539798864,Haverhill,MA,2023-09-22
CUST_03105,Denise Jones,denise.jones@hotmail.com,001-737-554-1818x3353,Petaluma,CA,2023-09-04
CUST_03106,Cassandra Hansen,cassandra.hansen@icloud.com,959-577-8909x43179,Phoenix,AZ,2025-06-28
CUST_03107,Susan Anderson,susan.anderson@yahoo.com,673-894-0199x45398,Traverse City,MI,2024-02-11
CUST_03108,Melissa Powell,melissa.powell@outlook.com,682-516-2761x033,Fort Worth,TX,2025-12-13
CUST_03109,Craig Gonzales,craig.gonzales@outlook.com,001-499-834-4988x51591,Terre Haute,IN,2024-02-05
CUST_03110,Nicole Lopez,nicole.lopez@icloud.com,913-459-5754,Plainfield,CT,2026-07-19
CUST_03111,Justin Matthews,justin.matthews@outlook.com,(814)452-6436,Delmar,DE,2024-08-29
CUST_03112,Matthew Castro,matthew.castro@aol.com,898.994.9840x183,West Kingston,RI,2024-02-01
CUST_03113,Randall Morrison,randall.morrison@outlook.com,786-580-9287,West Lafayette,IN,2025-02-19
CUST_03114,Stephen Cruz,stephen.cruz@gmail.com,342.481.0752x2733,Millville,DE,2026-07-18
CUST_03115,Nicole Miles,nicole.miles@hotmail.com,+1-600-959-1954x5968,Norwalk,CA,2025-06-03
CUST_03116,Joseph Gonzalez,joseph.gonzalez@yahoo.com,(203)368-2413x60657,Yabucoa,PR,2025-12-25
CUST_03117,Joseph Parker,joseph.parker@outlook.com,+1-747-494-5648x72851,San Fidel,NM,2025-10-17
CUST_03118,Johnny Bernard,johnny.bernard@icloud.com,001-633-658-5348,New Haven,CT,2026-06-07
CUST_03119,Andrew Berry,andrew.berry@yahoo.com,(275)209-2955,Newton,MS,2024-09-24
CUST_03120,Edward Barajas,edward.barajas@icloud.com,+1-309-644-2512x909,Leupp,AZ,2024-05-24
CUST_03121,Dustin Davis,dustin.davis@yahoo.com,+1-332-732-8127x16794,White Salmon,WA,2025-05-19
CUST_03122,Rhonda Gonzalez,rhonda.gonzalez@yahoo.com,001-728-786-6407x34488,Radcliff,KY,2025-12-10
CUST_03123,Andrew Ingram,andrew.ingram@gmail.com,7587956463,Cottonwood,AL,2024-10-12
CUST_03124,Katherine Bell,katherine.bell@hotmail.com,(653)498-6288,Adrian,PA,2024-05-08
CUST_03125,Kelly Ferguson,kelly.ferguson@outlook.com,001-954-754-8779x0348,New Orleans,LA,2024-08-05
CUST_03126,Savannah Smith,savannah.smith@gmail.com,(993)275-1763x64508,Lakeville,MI,2025-04-04
CUST_03127,Tammy Stevens,tammy.stevens@hotmail.com,+1-878-712-9923,Manchaug,MA,2024-10-27
CUST_03128,Stephanie Lindsey,stephanie.lindsey@hotmail.com,(880)392-9108x720,Houston,MN,2025-02-09
CUST_03129,Jesus Dillon,jesus.dillon@gmail.com,296-581-1007x425,Channing,MI,2024-10-21
CUST_03130,Destiny Thompson,destiny.thompson@hotmail.com,4403338867,Humansville,MO,2025-04-02
CUST_03131,Thomas Campos,thomas.campos@hotmail.com,+1-814-996-4677x146,Vestal,NY,2025-04-24
CUST_03132,Sandra Hays,sandra.hays@aol.com,5688507567,Des Moines,IA,2024-04-12
CUST_03133,Katherine Hudson,katherine.hudson@gmail.com,+1-968-406-5593x071,Camden,MS,2024-11-12
CUST_03134,Brandon Salinas,brandon.salinas@icloud.com,201-459-2990,Fullerton,CA,2026-05-02
CUST_03135,Amanda Smith,amanda.smith@hotmail.com,001-771-217-1806x2397,Smallwood,NY,2024-07-23
CUST_03136,Matthew Heath,matthew.heath@yahoo.com,699.773.3848,Jacksonville,FL,2025-08-31
CUST_03137,Terri Soto,terri.soto@aol.com,481-926-9710,Pocatello,ID,2026-03-19
CUST_03138,Colleen Smith,colleen.smith@gmail.com,829.405.4897,Realitos,TX,2025-06-14
CUST_03139,Christopher Garcia,christopher.garcia@hotmail.com,941.573.5326x2256,St John,KS,2026-05-07
CUST_03140,Melinda Andrews,melinda.andrews@aol.com,+1-697-633-2542,Pascagoula,MS,2024-03-19
CUST_03141,Justin Jones,justin.jones@outlook.com,600.894.9815x85643,Vintondale,PA,2025-11-02
CUST_03142,Joan Barber,joan.barber@icloud.com,7554501109,Eden,UT,2023-10-24
CUST_03143,Ann Keith,ann.keith@outlook.com,+1-247-499-1454x30439,Westland,MI,2026-07-26
CUST_03144,Robert Ford,robert.ford@icloud.com,(482)716-2588,Carrsville,VA,2026-07-19
CUST_03145,Melinda Mueller,melinda.mueller@aol.com,593.769.5231x6708,Braddock Heights,MD,2024-02-27
CUST_03146,James Dudley,james.dudley@hotmail.com,(485)280-0836,Brazil,IN,2024-01-11
CUST_03147,Kimberly Buchanan,kimberly.buchanan@icloud.com,643.589.5017x13445,Clewiston,FL,2024-06-13
CUST_03148,Tina Baker,tina.baker@gmail.com,826.628.1825,Wellborn,FL,2023-10-07
CUST_03149,Jennifer Brooks,jennifer.brooks@hotmail.com,739.681.7569x976,Howell,MI,2026-04-07
CUST_03150,Alicia Smith,alicia.smith@outlook.com,(932)333-4319x813,Albany,NY,2024-01-10
CUST_03151,Bonnie Morgan,bonnie.morgan@yahoo.com,(530)978-8061,Wolcott,CT,2026-06-21
CUST_03152,Fernando Cameron,fernando.cameron@aol.com,853.605.4736x103,Galion,OH,2024-07-28
CUST_03153,Linda Walters,linda.walters@yahoo.com,473-653-1851x55198,Hardin,MT,2026-03-19
CUST_03154,Julie Hurley,julie.hurley@gmail.com,823-810-6248,Westminster,CO,2024-10-01
CUST_03155,Stephanie Mendoza,stephanie.mendoza@yahoo.com,001-896-237-2099,Fairchild,WI,2025-07-09
CUST_03156,Jessica Moss,jessica.moss@icloud.com,880-383-4296,Dpo,AA,2023-11-09
CUST_03157,Christian Jones,christian.jones@yahoo.com,6167452702,Keisterville,PA,2026-03-08
CUST_03158,Anthony Stevens,anthony.stevens@aol.com,(347)743-6212x918,Long Beach,CA,2024-12-04
CUST_03159,Robin Jackson,robin.jackson@yahoo.com,336-657-7771x3231,Edmond,OK,2024-04-18
CUST_03160,Catherine Brown,catherine.brown@hotmail.com,7418360886,Frenchmans Bayou,AR,2026-01-27
CUST_03161,Crystal Boone,crystal.boone@gmail.com,(725)392-6171x37396,Boca Raton,FL,2025-05-17
CUST_03162,Laura Foley,laura.foley@hotmail.com,001-400-418-5091,Smithville Flats,NY,2025-01-17
CUST_03163,Jason Gray,jason.gray@gmail.com,001-482-328-9638x72482,Burnham,ME,2026-01-27
CUST_03164,Theresa Quinn,theresa.quinn@icloud.com,001-485-971-6087,Coulee Dam,WA,2026-07-16
CUST_03165,Joseph Hamilton,joseph.hamilton@yahoo.com,(275)501-0556,Fort Worth,TX,2026-04-18
CUST_03166,James Reynolds,james.reynolds@aol.com,(411)323-2550x246,Maben,WV,2025-10-14
CUST_03167,Sharon Boone,sharon.boone@hotmail.com,597.236.9908x798,Spring Hill,KS,2023-12-10
CUST_03168,Elizabeth Young,elizabeth.young@icloud.com,001-212-542-7055x9915,Carpenter,SD,2025-07-11
CUST_03169,Michelle Campbell,michelle.campbell@icloud.com,2879953358,San Juan,PR,2024-02-24
CUST_03170,Benjamin Moore,benjamin.moore@outlook.com,772-714-8615x374,Rueter,MO,2025-08-01
CUST_03171,Michelle Jackson,michelle.jackson@icloud.com,+1-703-905-6656x68315,Gibsonville,NC,2024-12-06
CUST_03172,James Friedman,james.friedman@aol.com,(508)915-5718,Anderson,SC,2024-12-19
CUST_03173,John Haas,john.haas@yahoo.com,001-459-596-4585,Dpo,AE,2026-01-01
CUST_03174,Jeffrey Warren,jeffrey.warren@outlook.com,+1-699-554-9843x173,Downers Grove,IL,2025-05-29
CUST_03175,Brandon Myers,brandon.myers@aol.com,654-421-5132x419,Green Cove Springs,FL,2025-08-09
CUST_03176,Eric Williams,eric.williams@aol.com,4987344812,Anaheim,CA,2024-01-24
CUST_03177,Kevin Phelps,kevin.phelps@icloud.com,(838)442-0104x6569,Waterford,NY,2024-04-12
CUST_03178,Julia Richards,julia.richards@yahoo.com,949.251.0192x69693,Mercer,TN,2023-09-23
CUST_03179,Cheryl Boyer,cheryl.boyer@hotmail.com,(739)998-0026x913,Wilton,CA,2025-10-14
CUST_03180,Patrick Walker,patrick.walker@aol.com,(274)220-4595x59407,Albany,GA,2024-08-16
CUST_03181,Courtney West,courtney.west@gmail.com,580-612-8252,Hammond,LA,2025-01-11
CUST_03182,Robin Ward,robin.ward@outlook.com,349-920-7644x014,Saint Louis,MO,2024-01-03
CUST_03183,Cheryl Martin,cheryl.martin@outlook.com,850-978-5251,Mineola,NY,2024-12-12
CUST_03184,Amy Parker,amy.parker@hotmail.com,547-329-5077x585,Holyoke,MA,2026-01-14
CUST_03185,Stephanie Watson,stephanie.watson@gmail.com,4178619998,Wilton,CT,2025-05-23
CUST_03186,Jacob Burch,jacob.burch@yahoo.com,(732)812-7212x977,Harristown,IL,2025-04-23
CUST_03187,Christopher Holt,christopher.holt@gmail.com,001-727-938-1490,Cedarville,MI,2025-11-01
CUST_03188,Natalie Brown,natalie.brown@icloud.com,001-528-549-4713x2390,Grass Valley,OR,2026-08-02
CUST_03189,Phillip Thomas,phillip.thomas@hotmail.com,276.689.2856x43542,Chestertown,MD,2024-10-12
CUST_03190,Stephen Rodriguez,stephen.rodriguez@gmail.com,+1-942-858-5068,Stebbins,AK,2026-04-10
CUST_03191,Angela Jones,angela.jones@aol.com,+1-480-778-8727,Manitowish Waters,WI,2024-07-05
CUST_03192,Daniel Stone,daniel.stone@yahoo.com,240-987-7128,Madison,VA,2024-05-23
CUST_03193,Joshua Robinson,joshua.robinson@hotmail.com,414.292.6155x379,Jacksonville,VT,2024-02-01
CUST_03194,Juan Navarro,juan.navarro@aol.com,788.439.7838,Salt Lake City,UT,2025-08-08
CUST_03195,Jon Gregory,jon.gregory@icloud.com,870.756.7024,Appleton,MN,2026-02-18
CUST_03196,Karen Thompson,karen.thompson@yahoo.com,3969533065,Belfair,WA,2026-01-17
CUST_03197,Gina James,gina.james@gmail.com,(246)306-0399,Roby,MO,2024-06-17
CUST_03198,Mario Weeks,mario.weeks@hotmail.com,479.395.0991,La Habra,CA,2024-09-14
CUST_03199,Christopher Gordon,christopher.gordon@icloud.com,001-726-423-7226,Philadelphia,PA,2026-05-10
CUST_03200,Michael Sloan,michael.sloan@hotmail.com,+1-475-899-6910x065,Sparrows Point,MD,2023-12-13
CUST_03201,Sean Powers,sean.powers@gmail.com,418.716.2377,Newark,MD,2026-07-06
CUST_03202,Patricia Evans,patricia.evans@icloud.com,664.868.6982,Copper Hill,VA,2025-04-21
CUST_03203,Ralph Benjamin,ralph.benjamin@hotmail.com,001-473-748-0960x867,Shreveport,LA,2023-09-20
CUST_03204,Diane Hernandez,diane.hernandez@gmail.com,(220)952-5078,Esko,MN,2023-12-18
CUST_03205,Daniel Reid,daniel.reid@gmail.com,(508)213-0781x88922,Hedrick,IA,2026-06-06
CUST_03206,Daniel Bennett,daniel.bennett@yahoo.com,413.510.9820x8366,Changewater,NJ,2026-03-24
CUST_03207,Monica Davis,monica.davis@aol.com,+1-868-533-8738,Worth,IL,2026-05-07
CUST_03208,Katie Sharp,katie.sharp@hotmail.com,4774763077,Lacarne,OH,2024-06-05
CUST_03209,Gregory Brown,gregory.brown@gmail.com,939.774.5354,Coolville,OH,2025-07-31
CUST_03210,Michael Henry,michael.henry@gmail.com,+1-444-691-3219x6988,Risingsun,OH,2025-11-14
CUST_03211,Courtney Clark,courtney.clark@gmail.com,604-571-2669,Fallentimber,PA,2024-08-20
CUST_03212,Zachary Chan,zachary.chan@hotmail.com,398.254.9752,Washington,DC,2026-07-25
CUST_03213,Cesar Sanders,cesar.sanders@aol.com,+1-853-790-4449,Austin,TX,2024-05-17
CUST_03214,Tiffany Parks,tiffany.parks@yahoo.com,(373)321-3387x68595,Springfield,MN,2023-10-04
CUST_03215,Amanda Vang,amanda.vang@gmail.com,(579)348-0366x359,Estacada,OR,2024-12-21
CUST_03216,Amber Norman,amber.norman@hotmail.com,(494)459-2362x870,Addison,NY,2024-09-29
CUST_03217,Stephen Fleming,stephen.fleming@outlook.com,453.417.9641,Frederiksted,VI,2024-02-29
CUST_03218,Rickey Chavez,rickey.chavez@icloud.com,952.695.5887x3258,Bear Creek,NC,2026-04-02
CUST_03219,Rebecca Reynolds,rebecca.reynolds@icloud.com,824.959.8915x707,Jber,AK,2026-08-20
CUST_03220,Mary Duran,mary.duran@aol.com,+1-343-477-2900x38708,Burlington,WV,2025-05-01
CUST_03221,Rachel Diaz,rachel.diaz@icloud.com,908-633-9460x938,Mckinney,TX,2024-07-26
CUST_03222,William Blair,william.blair@aol.com,001-882-379-8632,Pickens,WV,2026-08-08
CUST_03223,Carol Ellis,carol.ellis@gmail.com,569-574-1290x813,Springfield,MA,2024-09-12
CUST_03224,Tyler Stewart,tyler.stewart@outlook.com,419.615.7276,Warm Springs,GA,2026-06-17
CUST_03225,Cynthia Moore,cynthia.moore@hotmail.com,(656)650-3118,Denver,CO,2025-01-13
CUST_03226,April Torres,april.torres@icloud.com,989.606.7297x007,Glasston,ND,2024-06-20
CUST_03227,Nathan Myers,nathan.myers@aol.com,001-933-325-4837x3312,Lahoma,OK,2026-03-24
CUST_03228,Adam Murray,adam.murray@yahoo.com,+1-714-562-2904x3390,Ouzinkie,AK,2025-11-10
CUST_03229,Thomas Leonard,thomas.leonard@gmail.com,227-959-7256,Denmark,TN,2024-03-21
CUST_03230,Jennifer Keller,jennifer.keller@hotmail.com,(417)300-6801,Fort Mohave,AZ,2025-08-12
CUST_03231,William Valdez,william.valdez@yahoo.com,+1-491-307-2874x687,Dallas,TX,2025-02-15
CUST_03232,Diane Anderson,diane.anderson@yahoo.com,(913)947-8405x8359,Avondale,AZ,2025-06-24
CUST_03233,Dana Lewis,dana.lewis@gmail.com,231-881-8515,Springfield,IL,2024-08-25
CUST_03234,Megan Santos,megan.santos@icloud.com,6249293789,Millport,NY,2024-03-08
CUST_03235,Richard Martinez,richard.martinez@hotmail.com,001-604-374-7129x003,Brigantine,NJ,2024-08-18
CUST_03236,Nancy Beck,nancy.beck@yahoo.com,514-816-3846x8164,Inarajan,GU,2023-10-21
CUST_03237,Charles Underwood,charles.underwood@yahoo.com,+1-477-538-8041x64613,Rarden,OH,2025-10-12
CUST_03238,Jessica Mcintosh,jessica.mcintosh@yahoo.com,685-964-1563,Atwood,IL,2024-08-10
CUST_03239,Deborah Shaffer,deborah.shaffer@icloud.com,374-440-1369,Rosanky,TX,2025-07-10
CUST_03240,Michelle Rice,michelle.rice@aol.com,+1-328-362-2955x128,Old Forge,NY,2026-08-07
CUST_03241,Robert Wilson,robert.wilson@yahoo.com,001-694-785-2481x7987,Medina,ND,2023-11-06
CUST_03242,Christopher Wood,christopher.wood@hotmail.com,486-849-4924x270,Eaton,TN,2024-05-22
CUST_03243,Michael Williams,michael.williams@hotmail.com,748-250-6253x88946,Walcott,ND,2026-06-07
CUST_03244,Kayla Reyes,kayla.reyes@yahoo.com,(313)599-8765,Coral,PA,2025-04-17
CUST_03245,David Martinez,david.martinez@gmail.com,797.995.3556x009,Coal Creek,CO,2025-11-03
CUST_03246,Eric Peterson,eric.peterson@outlook.com,+1-459-915-6496x30273,Hayward,CA,2026-01-29
CUST_03247,Sarah Torres,sarah.torres@yahoo.com,(525)264-3260x590,Belden,CA,2023-12-01
CUST_03248,Megan Estes,megan.estes@hotmail.com,800.458.9890,Merrittstown,PA,2023-09-25
CUST_03249,Karen Thomas,karen.thomas@icloud.com,567.874.9428x925,Wister,OK,2025-09-02
CUST_03250,John Lang,john.lang@yahoo.com,001-602-877-5945x060,Tacoma,WA,2026-08-12
CUST_03251,Christine Harris,christine.harris@yahoo.com,457.713.6949,Sanders,KY,2024-08-10
CUST_03252,Rodney Reynolds,rodney.reynolds@aol.com,734-639-3221x573,Covington,GA,2023-10-16
CUST_03253,Pamela Robinson,pamela.robinson@outlook.com,518-293-5149x2948,Swoope,VA,2025-01-09
CUST_03254,Joseph Mccall,joseph.mccall@outlook.com,+1-288-434-0598,Quantico,VA,2026-08-24
CUST_03255,James Dean,james.dean@icloud.com,220.979.4211x669,Lambsburg,VA,2025-07-09
CUST_03256,Amy Henderson,amy.henderson@gmail.com,541.316.0516x25574,Greenbush,MA,2026-06-28
CUST_03257,Wanda Park,wanda.park@icloud.com,(242)289-9236,East Woodstock,CT,2024-11-01
CUST_03258,Kaitlyn Ruiz,kaitlyn.ruiz@gmail.com,3155921791,Girard,OH,2026-07-19
CUST_03259,Carly Colon,carly.colon@outlook.com,306.619.5091x175,Greenville,NY,2026-08-27
CUST_03260,Calvin Davis,calvin.davis@gmail.com,+1-232-361-5246x6514,Royal,AR,2024-12-07
CUST_03261,Veronica Jordan,veronica.jordan@gmail.com,649-961-7290,Hammond,IN,2025-11-17
CUST_03262,Jasmine Strickland,jasmine.strickland@gmail.com,+1-736-247-5396,Whitewright,TX,2026-06-26
CUST_03263,Megan Rivera,megan.rivera@hotmail.com,413-398-1184,Malakoff,TX,2024-06-13
CUST_03264,Marcia Freeman,marcia.freeman@hotmail.com,902.997.2212,Watson,AL,2025-08-06
CUST_03265,Jennifer Martinez,jennifer.martinez@hotmail.com,278.951.2784x16357,Alamo,NV,2025-07-17
CUST_03266,James Leach,james.leach@outlook.com,+1-930-840-4035x51503,Topeka,KS,2023-10-31
CUST_03267,Susan Watson,susan.watson@hotmail.com,939-640-5228x3691,West Peterborough,NH,2026-02-20
CUST_03268,Kathleen Perry,kathleen.perry@gmail.com,983-367-4823,Grove Hill,AL,2024-04-16
CUST_03269,Heather Roberts,heather.roberts@icloud.com,(512)394-1928x167,Donaldsonville,LA,2023-09-19
CUST_03270,Robert Brown,robert.brown@aol.com,001-269-630-8980,Tucson,AZ,2023-08-31
CUST_03271,Tasha Brown,tasha.brown@gmail.com,283-388-0115,New Braunfels,TX,2026-06-20
CUST_03272,Anne Silva,anne.silva@aol.com,(427)546-7390,North Salem,NY,2024-05-07
CUST_03273,Daniel Cabrera,daniel.cabrera@gmail.com,(387)463-3008,Cottonwood,MN,2024-05-31
CUST_03274,Jacob Garcia,jacob.garcia@hotmail.com,636-984-2825x3362,Young America,MN,2025-10-21
CUST_03275,Brandi Elliott,brandi.elliott@outlook.com,466.359.8769x360,Madison,NC,2023-12-12
CUST_03276,John Gomez,john.gomez@gmail.com,001-410-738-7274x259,Augusta,GA,2024-08-06
CUST_03277,Sandra Hartman,sandra.hartman@gmail.com,392.750.8977,Kings Mountain,NC,2026-06-04
CUST_03278,Jessica Ellis,jessica.ellis@gmail.com,209.552.8382,Nanticoke,MD,2025-12-04
CUST_03279,Jacob Brooks,jacob.brooks@outlook.com,384-216-0476x52877,Breckenridge,MI,2026-02-15
CUST_03280,Stephanie Rollins,stephanie.rollins@icloud.com,001-427-693-8082,Leslie,MO,2025-04-03
CUST_03281,Christina Nolan,christina.nolan@gmail.com,286.643.8461x6695,Philadelphia,PA,2025-02-14
CUST_03282,James Robinson,james.robinson@yahoo.com,858-313-6555,Shelby,MT,2025-06-08
CUST_03283,James Moyer,james.moyer@icloud.com,7797068719,Lockwood,NY,2024-11-05
CUST_03284,Dakota Cummings,dakota.cummings@gmail.com,001-680-854-5683,Altura,MN,2025-05-05
CUST_03285,Deborah Tate,deborah.tate@outlook.com,883.947.7515,Mosby,MT,2026-06-24
CUST_03286,Susan Everett,susan.everett@hotmail.com,(790)210-4909x34032,Miami,FL,2026-06-25
CUST_03287,Jesus May,jesus.may@yahoo.com,324-431-4098x5713,Lamona,WA,2024-03-11
CUST_03288,Danielle Rodgers,danielle.rodgers@yahoo.com,715.279.3931x3584,Floris,IA,2023-08-31
CUST_03289,Grace Olson,grace.olson@hotmail.com,(929)273-4300,Unionville Center,OH,2025-11-18
CUST_03290,Theresa Colon,theresa.colon@icloud.com,(285)776-3679x29894,Leawood,KS,2026-06-29
CUST_03291,Logan Harrison,logan.harrison@aol.com,494.405.3053,Webster,FL,2024-04-09
CUST_03292,Donald Green,donald.green@yahoo.com,+1-606-793-2328x9801,Oakfield,TN,2024-10-08
CUST_03293,Chad Hill,chad.hill@icloud.com,(638)762-2223x95067,Buena Vista,NM,2026-05-18
CUST_03294,Elizabeth Green,elizabeth.green@gmail.com,324.318.3122,Calypso,NC,2024-09-03
CUST_03295,Suzanne Anderson,suzanne.anderson@gmail.com,001-262-654-5634,Silver City,MS,2025-11-16
CUST_03296,Heather Brooks,heather.brooks@yahoo.com,2859550084,Baton Rouge,LA,2026-03-20
CUST_03297,Jerry Meyer,jerry.meyer@hotmail.com,982.605.2941,Inglewood,CA,2026-02-18
CUST_03298,Charles Smith,charles.smith@yahoo.com,213.544.2249x229,Winona,MN,2024-04-14
CUST_03299,Mary Campbell,mary.campbell@outlook.com,808-524-0480,Grant Town,WV,2026-01-26
CUST_03300,Dustin Chavez,dustin.chavez@gmail.com,374.532.8582,Durham,PA,2025-10-21
CUST_03301,Amanda Gonzalez,amanda.gonzalez@outlook.com,356.677.9330x401,Drummond,WI,2026-07-20
CUST_03302,Aaron Giles,aaron.giles@icloud.com,001-658-761-6576x750,Lula,MS,2024-04-04
CUST_03303,Cameron Franco,cameron.franco@yahoo.com,(225)758-3618x487,Thompson,UT,2023-09-09
CUST_03304,Leslie Hill,leslie.hill@yahoo.com,355-884-7968x88681,Sylvester,WV,2025-04-20
CUST_03305,Casey Wallace,casey.wallace@icloud.com,+1-946-477-3139x2736,Bloomfield,IA,2026-05-29
CUST_03306,Steven Williamson,steven.williamson@icloud.com,961.553.5425x212,Hunt,TX,2024-01-16
CUST_03307,Sarah Gregory,sarah.gregory@outlook.com,001-999-564-0734x948,Swayzee,IN,2025-03-29
CUST_03308,John Ward,john.ward@hotmail.com,653.220.0603x646,Towanda,IL,2026-01-17
CUST_03309,Christopher Hamilton,christopher.hamilton@icloud.com,+1-892-899-7879x4342,Yreka,CA,2026-03-30
CUST_03310,Willie Jones,willie.jones@aol.com,201-607-5364x502,Bethune,SC,2025-06-05
CUST_03311,Dale Townsend,dale.townsend@aol.com,+1-501-749-3140x2799,Acme,LA,2026-02-11
CUST_03312,Frederick Lloyd,frederick.lloyd@aol.com,(389)219-5059x24627,Stafford Springs,CT,2024-03-05
CUST_03313,Christina Howard,christina.howard@aol.com,001-267-940-6086x2378,Minneapolis,MN,2026-05-23
CUST_03314,Jasmin Gordon,jasmin.gordon@gmail.com,001-295-213-6907,Jonesboro,AR,2024-03-10
CUST_03315,Austin Hardy,austin.hardy@outlook.com,853.786.9419x6309,Bronx,NY,2024-05-29
CUST_03316,Lisa Hughes,lisa.hughes@outlook.com,+1-963-513-1708x50238,Glendale,CA,2024-12-30
CUST_03317,Angela Stewart,angela.stewart@hotmail.com,+1-610-294-7010,Golva,ND,2026-07-03
CUST_03318,Michael Glenn,michael.glenn@yahoo.com,254.324.7382x970,Garden Valley,ID,2024-02-08
CUST_03319,Zachary Garcia,zachary.garcia@yahoo.com,(217)995-4097x13510,Campbellton,TX,2025-12-09
CUST_03320,Michael Yu,michael.yu@yahoo.com,+1-309-440-6843x556,Mount Juliet,TN,2024-11-20
CUST_03321,Lindsay Cooper,lindsay.cooper@hotmail.com,(238)754-6697,Miami,IN,2026-05-28
CUST_03322,Christina Lambert,christina.lambert@icloud.com,522-513-7691,River Edge,NJ,2026-07-16
CUST_03323,Meagan Ochoa,meagan.ochoa@gmail.com,(877)948-6478,Bowling Green,KY,2024-12-22
CUST_03324,Tracy Doyle,tracy.doyle@hotmail.com,301.389.5577x4760,Charlotte,NC,2025-10-19
CUST_03325,Jessica Roberts,jessica.roberts@outlook.com,5555964210,Volga,WV,2026-01-01
CUST_03326,Kim Pittman,kim.pittman@aol.com,(343)492-9146,Cheswick,PA,2025-04-11
CUST_03327,Brandon Benjamin,brandon.benjamin@gmail.com,001-355-468-9566x968,Honolulu,HI,2025-07-25
CUST_03328,Kendra Lyons,kendra.lyons@outlook.com,362.466.2265x71504,Fpo,AP,2025-05-14
CUST_03329,Miguel Hoover,miguel.hoover@hotmail.com,001-438-459-5413x602,Colesburg,IA,2025-06-20
CUST_03330,Jennifer Taylor,jennifer.taylor@icloud.com,460-664-7940x80687,Harwick,PA,2026-02-17
CUST_03331,Christopher Gomez,christopher.gomez@gmail.com,389.563.4546,Five Points,AL,2023-12-24
CUST_03332,Michael Wilson,michael.wilson@icloud.com,+1-211-380-2556x641,South Carver,MA,2023-10-22
CUST_03333,Michael Jacobson,michael.jacobson@outlook.com,(783)329-4455x737,Jacksonville,FL,2024-01-04
CUST_03334,Candice Brown,candice.brown@gmail.com,619-984-0701,Amoret,MO,2025-03-30
CUST_03335,Patricia Hunt,patricia.hunt@yahoo.com,(362)717-7568,Lynch,KY,2025-07-25
CUST_03336,Noah Hill,noah.hill@hotmail.com,+1-208-562-1510x4095,Templeton,IA,2026-07-20
CUST_03337,Christopher Burton,christopher.burton@aol.com,7619287521,Waurika,OK,2025-12-13
CUST_03338,Luis Moore,luis.moore@gmail.com,(811)210-1333x3126,Arvada,CO,2025-04-09
CUST_03339,Rebecca Jimenez,rebecca.jimenez@icloud.com,+1-713-455-5548,Martinsburg,IA,2025-05-13
CUST_03340,Mary Johnson,mary.johnson@aol.com,+1-251-249-1425x604,Watrous,NM,2025-10-20
CUST_03341,Kevin Ewing,kevin.ewing@outlook.com,458.613.8490x593,Tonopah,NV,2025-04-03
CUST_03342,Jessica Thompson,jessica.thompson@outlook.com,494.394.8436x39773,Antioch,IL,2026-04-17
CUST_03343,Stephanie Mooney,stephanie.mooney@icloud.com,409-947-0047x56026,Dallas,WV,2024-08-06
CUST_03344,Stephen Adams,stephen.adams@yahoo.com,001-581-706-7132x126,Calexico,CA,2024-01-22
CUST_03345,Dylan Griffith,dylan.griffith@outlook.com,427.677.2421x183,Anchorage,AK,2023-10-11
CUST_03346,Carla Bartlett,carla.bartlett@hotmail.com,890-616-0322x0738,Ingleside,MD,2024-02-19
CUST_03347,Jermaine Gomez,jermaine.gomez@gmail.com,(299)812-8468,Bohannon,VA,2025-08-14
CUST_03348,Jennifer Petty,jennifer.petty@outlook.com,001-748-943-7023,Dayton,MT,2026-04-22
CUST_03349,Michelle King,michelle.king@outlook.com,759-276-0486x3503,Douglasville,GA,2024-09-23
CUST_03350,Crystal Luna,crystal.luna@hotmail.com,5815615407,Johns Island,SC,2024-02-22
CUST_03351,Noah Davis,noah.davis@hotmail.com,224.865.9330x0289,Louisville,KY,2025-09-11
CUST_03352,Samantha Barnes,samantha.barnes@aol.com,+1-786-641-7430x964,Louisville,IL,2026-04-04
CUST_03353,Steven Wolfe,steven.wolfe@aol.com,241.475.4383x658,Pittsburgh,PA,2026-07-04
CUST_03354,Heather Johnson,heather.johnson@outlook.com,001-799-449-1949x15423,Southport,CT,2025-01-24
CUST_03355,Teresa Jackson,teresa.jackson@gmail.com,(638)869-9489x9985,Beatty,OR,2024-06-16
CUST_03356,Allison Ferguson,allison.ferguson@aol.com,+1-548-227-7129x0106,Brier Hill,NY,2025-05-01
CUST_03357,Sandra Raymond,sandra.raymond@icloud.com,791.409.1953,Newburg,WI,2026-08-12
CUST_03358,Mark Carr,mark.carr@icloud.com,+1-354-614-0542x77914,Tuckahoe,NY,2025-10-21
CUST_03359,Crystal Rollins,crystal.rollins@aol.com,(438)844-7441x75881,Charlotte,NC,2024-10-15
CUST_03360,Linda Green,linda.green@icloud.com,386-731-9554x80907,Cassville,MO,2025-04-13
CUST_03361,Brian Moreno,brian.moreno@icloud.com,864-521-2962,Omaha,NE,2024-11-08
CUST_03362,Kathryn Rangel,kathryn.rangel@outlook.com,958-415-3306x61172,Renick,WV,2025-02-13
CUST_03363,Dennis Schmitt,dennis.schmitt@yahoo.com,001-384-828-7154x7009,Hormigueros,PR,2024-05-15
CUST_03364,Andrew Lopez,andrew.lopez@icloud.com,488.915.9743x31445,Marengo,OH,2025-05-20
CUST_03365,Anthony Taylor,anthony.taylor@yahoo.com,664-774-7848x35506,Chicago,IL,2026-06-06
CUST_03366,Linda Miller,linda.miller@aol.com,(353)296-0111x19040,Morrill,ME,2023-10-12
CUST_03367,Christina Moreno,christina.moreno@gmail.com,(248)602-1585x2062,Glen Allan,MS,2025-10-07
CUST_03368,Hannah Dodson,hannah.dodson@hotmail.com,7437889204,Crestwood,KY,2023-10-12
CUST_03369,Shelby Potts,shelby.potts@yahoo.com,450-286-7733x8427,Magnolia,TX,2024-05-22
CUST_03370,Chelsea Arias,chelsea.arias@yahoo.com,(260)473-0703,Russia,OH,2024-09-30
CUST_03371,Julia Williams,julia.williams@yahoo.com,547-857-5831,Apo,AE,2025-08-07
CUST_03372,Rachel Avila,rachel.avila@gmail.com,(575)907-7041,Dutton,VA,2026-05-07
CUST_03373,Eric Gentry,eric.gentry@yahoo.com,909.778.5551x37493,Port Hueneme Cbc Base,CA,2024-05-11
CUST_03374,Phillip Clarke,phillip.clarke@hotmail.com,+1-486-872-7263x739,Garvin,OK,2026-02-03
CUST_03375,David Kline,david.kline@outlook.com,(744)465-4481,Long Green,MD,2024-08-31
CUST_03376,Cynthia Burton,cynthia.burton@hotmail.com,969.232.9359x15033,Loa,UT,2024-05-22
CUST_03377,Jessica Owens,jessica.owens@aol.com,+1-596-849-1230x3017,Ironton,OH,2025-05-31
CUST_03378,Carol Tucker,carol.tucker@hotmail.com,+1-561-781-5673x85500,Cedars,PA,2024-07-27
CUST_03379,Samantha Whitney,samantha.whitney@yahoo.com,2442378051,Ruskin,FL,2025-01-04
CUST_03380,Erika Robinson,erika.robinson@aol.com,001-479-685-1736x21137,Pleasant Grove,UT,2025-10-21
CUST_03381,Steven Buchanan,steven.buchanan@hotmail.com,001-449-497-8151,Petaluma,CA,2023-11-10
CUST_03382,Brent Lopez,brent.lopez@outlook.com,+1-908-466-2482x5055,Cedar Grove,IN,2026-04-06
CUST_03383,Catherine Gutierrez,catherine.gutierrez@gmail.com,328.466.2261x3421,Fpo,AE,2023-09-04
CUST_03384,Tiffany Walker,tiffany.walker@outlook.com,(709)305-0102x795,Pascagoula,MS,2024-05-02
CUST_03385,Caleb Jenkins,caleb.jenkins@hotmail.com,(235)450-9749x8553,Halifax,NC,2024-10-31
CUST_03386,Daniel Shields,daniel.shields@gmail.com,807-814-7950x08875,Baltimore,MD,2025-01-07
CUST_03387,Alexis Briggs,alexis.briggs@hotmail.com,945-849-8253,Apo,AP,2025-03-04
CUST_03388,Robert Moore,robert.moore@aol.com,422-247-7894x682,Neosho Rapids,KS,2025-07-17
CUST_03389,Christopher Wright,christopher.wright@hotmail.com,511.454.8509x813,Smokerun,PA,2023-11-08
CUST_03390,Philip Flynn,philip.flynn@icloud.com,863.823.3119x4350,Delafield,WI,2023-12-31
CUST_03391,Leslie Peck,leslie.peck@aol.com,359.713.3349x54650,Gates,NC,2025-08-03
CUST_03392,Tiffany Ramirez,tiffany.ramirez@aol.com,+1-840-389-8619x0393,Burnsville,MN,2026-04-23
CUST_03393,Tammy Baker,tammy.baker@gmail.com,509-677-8543x501,Los Angeles,CA,2025-01-28
CUST_03394,Joseph Snow,joseph.snow@aol.com,+1-236-779-5231x40691,Robbins,TN,2026-08-04
CUST_03395,Robert Brooks,robert.brooks@icloud.com,853-539-9100x792,Winifred,MT,2025-05-30
CUST_03396,Samuel Mcdonald,samuel.mcdonald@yahoo.com,(595)798-9521x024,Humphrey,AR,2025-11-29
CUST_03397,Kathleen Fowler,kathleen.fowler@hotmail.com,5343626730,San Juan,PR,2025-11-03
CUST_03398,Carolyn Mcdonald,carolyn.mcdonald@yahoo.com,+1-525-654-0478x85003,Continental,OH,2026-05-26
CUST_03399,Christine Ortiz,christine.ortiz@outlook.com,(886)580-7023,Pagosa Springs,CO,2024-06-21
CUST_03400,Rachel Haney,rachel.haney@yahoo.com,001-352-629-4141,Columbus,TX,2025-02-26
CUST_03401,Tom Bender,tom.bender@outlook.com,+1-809-968-5113,Franklin,TN,2025-03-30
CUST_03402,Douglas Phillips,douglas.phillips@aol.com,(572)425-3545x7725,Galesburg,IL,2026-03-14
CUST_03403,Christina Scott,christina.scott@hotmail.com,(952)597-1222x00922,Fallston,NC,2026-08-04
CUST_03404,Timothy Park,timothy.park@aol.com,655.854.8369,Star City,IN,2024-04-13
CUST_03405,Annette Reynolds,annette.reynolds@icloud.com,+1-232-799-8988x6800,Edwardsville,KS,2025-03-08
CUST_03406,Amanda Miller,amanda.miller@outlook.com,001-291-809-0252x8974,Sekiu,WA,2026-07-01
CUST_03407,Joy Gardner,joy.gardner@aol.com,(562)888-3385,Cohasset,MN,2026-01-21
CUST_03408,Heather Torres,heather.torres@gmail.com,4144311597,Las Vegas,NV,2024-02-05
CUST_03409,Angela Walker,angela.walker@gmail.com,308.222.7462x003,Irvington,VA,2025-11-17
CUST_03410,Eric Smith,eric.smith@aol.com,(272)220-2528,Brodhead,WI,2025-04-23
CUST_03411,Jeremy Hunter,jeremy.hunter@icloud.com,001-671-461-7898,North Creek,NY,2025-10-10
CUST_03412,Daniel Ramos,daniel.ramos@outlook.com,+1-274-353-3114x304,Omaha,NE,2025-12-02
CUST_03413,Ricky Castillo,ricky.castillo@hotmail.com,+1-683-851-1875,Wysox,PA,2024-11-05
CUST_03414,Clinton Hartman,clinton.hartman@icloud.com,+1-930-543-3295x050,Belle Valley,OH,2024-05-27
CUST_03415,Paula Roberts,paula.roberts@outlook.com,+1-605-398-7059,Indian Wells,AZ,2024-07-18
CUST_03416,Philip Wilson,philip.wilson@icloud.com,001-791-712-3093,Deer Lodge,TN,2024-05-25
CUST_03417,Erika Hull,erika.hull@aol.com,442.932.6591x172,Nadeau,MI,2025-01-04
CUST_03418,Gabriel Monroe,gabriel.monroe@outlook.com,+1-765-583-7478x7514,Auburndale,MA,2026-03-22
CUST_03419,Michael Dean,michael.dean@aol.com,(649)778-5140x095,Milwaukee,WI,2023-09-24
CUST_03420,Emily Pena,emily.pena@yahoo.com,(603)329-2188x670,Orangeville,PA,2026-05-31
CUST_03421,Joshua Olson,joshua.olson@hotmail.com,001-982-467-5770x341,Orlando,FL,2025-05-07
CUST_03422,Michelle Ingram,michelle.ingram@hotmail.com,(486)597-4945x837,Laughlin AFB,TX,2026-05-09
CUST_03423,Maureen Huerta,maureen.huerta@aol.com,305.496.7476x8341,Maple City,MI,2025-12-23
CUST_03424,Alex Francis,alex.francis@hotmail.com,001-918-210-8960x4350,Shady Point,OK,2026-06-13
CUST_03425,Whitney Bell,whitney.bell@yahoo.com,(304)646-0034x314,Evansville,IN,2025-08-29
CUST_03426,Mark Vargas,mark.vargas@aol.com,(974)425-6616x26119,Weston,VT,2026-05-08
CUST_03427,Dawn Higgins,dawn.higgins@aol.com,444-354-2350x10729,Newell,SD,2023-12-07
CUST_03428,Kimberly Thompson,kimberly.thompson@aol.com,9687002501,Oak Harbor,WA,2024-06-11
CUST_03429,Jack Zuniga,jack.zuniga@outlook.com,417.595.2706x453,Stony Brook,NY,2026-07-20
CUST_03430,Dustin Williams,dustin.williams@yahoo.com,202-377-8466x122,Pine Meadow,CT,2025-06-30
CUST_03431,Michael Barrera,michael.barrera@yahoo.com,613.204.8453x00609,Dadeville,AL,2024-06-10
CUST_03432,Matthew White,matthew.white@hotmail.com,548-989-1788x15802,Spring Hill,FL,2024-02-23
CUST_03433,Robert Garcia,robert.garcia@outlook.com,293.672.4426x6368,Dahlgren,VA,2024-10-21
CUST_03434,Christine Marshall,christine.marshall@hotmail.com,727.828.5958,Quakertown,NJ,2026-07-06
CUST_03435,Trevor Woods,trevor.woods@outlook.com,001-809-297-5890x990,Oelwein,IA,2024-05-31
CUST_03436,Zachary Archer,zachary.archer@outlook.com,(291)707-3899x8578,Plymouth,MA,2024-01-16
CUST_03437,Katherine Gordon,katherine.gordon@outlook.com,(659)721-2031,Miami,FL,2025-02-14
CUST_03438,Danielle Price,danielle.price@hotmail.com,(372)448-7091,Lebanon,IL,2025-03-28
CUST_03439,Troy Fox,troy.fox@hotmail.com,814.369.7196,East China,MI,2025-06-17
CUST_03440,Diane Ellis,diane.ellis@icloud.com,640.887.6687x0995,Tucson,AZ,2026-03-03
CUST_03441,Jason Gibson,jason.gibson@icloud.com,358.789.7987x88290,Litchfield,MN,2025-08-23
CUST_03442,Janice Graves,janice.graves@yahoo.com,+1-813-855-4457x41727,Palatine,IL,2024-12-09
CUST_03443,Nancy Cardenas,nancy.cardenas@hotmail.com,512.573.1535x097,Clarksville,TN,2025-04-28
CUST_03444,Wesley Valenzuela,wesley.valenzuela@aol.com,001-830-297-2160,Marmaduke,AR,2025-10-04
CUST_03445,Katelyn Williams,katelyn.williams@aol.com,895.804.7054x900,Mentone,CA,2026-08-02
CUST_03446,Cynthia Tran,cynthia.tran@hotmail.com,278.413.7042,Chester,PA,2024-10-27
CUST_03447,Mary Howe,mary.howe@outlook.com,+1-769-893-5881x34824,Anaheim,CA,2025-08-02
CUST_03448,James Jacobs,james.jacobs@gmail.com,695.748.8410x58224,Hubertus,WI,2026-08-27
CUST_03449,James Petty,james.petty@aol.com,(714)688-7364x739,Niagara,ND,2024-01-01
CUST_03450,Terri Moran,terri.moran@hotmail.com,001-287-437-7563x659,Franklin,KY,2025-09-07
CUST_03451,Danielle Mann,danielle.mann@icloud.com,3437643985,Vernon,NJ,2025-08-31
CUST_03452,Evan Lopez,evan.lopez@aol.com,426-496-3197x78996,Memphis,TN,2025-01-29
CUST_03453,Michael Woods,michael.woods@aol.com,395-541-8617x0974,Foreman,AR,2024-08-16
CUST_03454,Michael Williams,michael.williams@hotmail.com,852-540-9849,Craig,AK,2025-09-01
CUST_03455,Nicole Torres,nicole.torres@icloud.com,(283)624-9708,Cable,OH,2025-09-20
CUST_03456,Tanya Bryant,tanya.bryant@aol.com,393.690.0625x9104,Independence,OH,2023-09-18
CUST_03457,Kimberly Nguyen,kimberly.nguyen@hotmail.com,+1-872-630-6898x13767,Liberty,PA,2025-05-18
CUST_03458,William Park,william.park@icloud.com,+1-415-766-8515x134,Saint Thomas,ND,2026-01-04
CUST_03459,Dennis Miller,dennis.miller@yahoo.com,001-868-209-6583x876,Seminole,OK,2026-04-09
CUST_03460,Ashley King,ashley.king@gmail.com,001-358-275-0350,Duluth,GA,2025-01-20
CUST_03461,Juan Beck,juan.beck@gmail.com,001-447-964-9883,Minden City,MI,2025-03-30
CUST_03462,Joseph Nixon,joseph.nixon@icloud.com,6812257206,Sandy Hook,VA,2023-09-20
CUST_03463,Angela Mcconnell,angela.mcconnell@hotmail.com,+1-289-647-5088x6636,Mission,TX,2025-09-04
CUST_03464,Jesse Nguyen,jesse.nguyen@gmail.com,532.869.5530x4846,Gordon,WV,2024-08-22
CUST_03465,Adam Sandoval,adam.sandoval@aol.com,(627)200-8567,Madison,WI,2026-07-29
CUST_03466,Alice Mullins,alice.mullins@outlook.com,329-266-1488,Savage,MD,2025-09-05
CUST_03467,Taylor Cameron,taylor.cameron@outlook.com,257-825-9591x0311,Saint Augustine,FL,2025-09-04
CUST_03468,Cynthia Ward,cynthia.ward@yahoo.com,4303574177,Dumfries,VA,2025-03-01
CUST_03469,Justin Smith,justin.smith@aol.com,(651)747-0984x8172,Littleton,NH,2025-03-08
CUST_03470,Michael Martin,michael.martin@yahoo.com,697-635-3978x8309,Rolling Prairie,IN,2026-08-08
CUST_03471,Jeffrey Morgan,jeffrey.morgan@aol.com,(787)287-4819x935,New York,NY,2024-11-04
CUST_03472,Tammy Mcgee,tammy.mcgee@aol.com,642-481-0559,Chambersburg,IL,2024-06-01
CUST_03473,Brittney Zimmerman,brittney.zimmerman@hotmail.com,490-953-7627x7209,Boulder,MT,2024-04-15
CUST_03474,Gina Stanley,gina.stanley@gmail.com,+1-239-765-6114x4427,Marion,NY,2024-05-02
CUST_03475,Duane Hill,duane.hill@aol.com,(571)328-6410,Wheatland,PA,2025-06-20
CUST_03476,Tiffany Sanders,tiffany.sanders@gmail.com,(231)855-8831x8069,Harrisburg,PA,2024-04-25
CUST_03477,Wayne Cherry,wayne.cherry@yahoo.com,5363626582,Ottawa,IL,2026-04-12
CUST_03478,Justin Hart,justin.hart@yahoo.com,660.500.2976,Fouke,AR,2023-12-11
CUST_03479,Christian Page,christian.page@yahoo.com,(922)927-0943x316,South Sutton,NH,2023-12-26
CUST_03480,Devin Barnett,devin.barnett@outlook.com,+1-212-550-3647x1035,Savage,MT,2024-04-02
CUST_03481,Andrea Kelly,andrea.kelly@gmail.com,674-668-4909,Locustdale,PA,2026-01-27
CUST_03482,Glen Smith,glen.smith@icloud.com,3096893851,Foster,KY,2025-09-02
CUST_03483,Lisa Perez,lisa.perez@outlook.com,531.502.8993,Temple,OK,2024-09-09
CUST_03484,Robert Miller,robert.miller@aol.com,968.619.5707,Bellingham,WA,2023-12-23
CUST_03485,Richard Travis,richard.travis@gmail.com,920.611.0209x76025,Rockwood,IL,2026-04-03
CUST_03486,Amber Webb,amber.webb@gmail.com,(561)722-4137x369,Akeley,MN,2025-01-31
CUST_03487,Christina Oconnor,christina.oconnor@aol.com,(597)897-4145,Big Falls,WI,2025-02-02
CUST_03488,Jeffery Chapman,jeffery.chapman@hotmail.com,223.376.2110,Oklahoma City,OK,2026-01-10
CUST_03489,Rebekah Reid,rebekah.reid@aol.com,+1-630-838-1209,Melrose,MN,2024-02-09
CUST_03490,Taylor Harrison,taylor.harrison@icloud.com,+1-424-658-8012x6354,San Gabriel,CA,2024-12-24
CUST_03491,Monique Ruiz,monique.ruiz@hotmail.com,+1-650-948-4068,Recluse,WY,2023-12-10
CUST_03492,Pamela Santiago,pamela.santiago@icloud.com,001-517-488-8709x2780,Stilwell,OK,2025-09-10
CUST_03493,Emily Craig,emily.craig@outlook.com,001-776-508-9091x3346,Banner,KY,2024-04-12
CUST_03494,Michael Johnson,michael.johnson@gmail.com,+1-580-211-9241x817,Wasco,IL,2025-03-08
CUST_03495,Dawn Higgins,dawn.higgins@aol.com,(261)251-8605,Saluda,SC,2026-03-05
CUST_03496,Taylor Munoz,taylor.munoz@aol.com,812.673.7855x936,Goldsboro,NC,2026-04-26
CUST_03497,Tonya Garcia,tonya.garcia@gmail.com,545-516-9022x855,Dundee,KY,2023-10-19
CUST_03498,Jeremy Lee,jeremy.lee@yahoo.com,(626)506-1254,Shiloh,NJ,2026-04-07
CUST_03499,Chelsea Larson,chelsea.larson@yahoo.com,(377)406-2418,Phoenix,AZ,2023-11-11
CUST_03500,Amanda Nolan,amanda.nolan@gmail.com,+1-871-693-0461,Patch Grove,WI,2023-09-07
CUST_03501,Alejandra Walls,alejandra.walls@yahoo.com,001-209-664-4046x856,Atchison,KS,2023-12-24
CUST_03502,Gerald Chang,gerald.chang@outlook.com,(459)860-0573x793,Yabucoa,PR,2024-03-24
CUST_03503,Ana Acosta,ana.acosta@icloud.com,721.908.8400,Huron,SD,2024-04-25
CUST_03504,James Dominguez,james.dominguez@hotmail.com,001-647-647-1961,Sixes,OR,2024-04-25
CUST_03505,Patricia Williams,patricia.williams@outlook.com,9127038416,Center Line,MI,2023-11-12
CUST_03506,Alan Cruz,alan.cruz@gmail.com,495.271.4263x5975,Arlington,VA,2024-03-28
CUST_03507,Joshua Torres,joshua.torres@icloud.com,735-586-3094x46283,Hartford City,IN,2024-03-26
CUST_03508,Patrick Shea,patrick.shea@hotmail.com,001-574-467-8759,Wren,OH,2024-10-15
CUST_03509,Courtney Miller,courtney.miller@outlook.com,675.767.2776,Tipton,PA,2026-03-08
CUST_03510,Michael Espinoza,michael.espinoza@gmail.com,(894)691-4618x7903,Denali National Park,AK,2024-06-07
CUST_03511,Jessica Schultz,jessica.schultz@hotmail.com,327-896-2762x768,Mc Cormick,SC,2024-12-12
CUST_03512,Dan Jefferson,dan.jefferson@icloud.com,+1-506-881-8444x3054,Woodburn,KY,2024-01-04
CUST_03513,Michael Harvey,michael.harvey@icloud.com,934.207.3891x60292,La Honda,CA,2026-01-19
CUST_03514,Julia Brooks,julia.brooks@icloud.com,414.248.8997,Hudgins,VA,2025-08-16
CUST_03515,Kenneth Jordan,kenneth.jordan@hotmail.com,825.788.1319,Clovis,NM,2025-06-23
CUST_03516,Alec Arias,alec.arias@gmail.com,(512)659-4283,Rapid City,SD,2026-06-15
CUST_03517,Kristen Ramirez,kristen.ramirez@outlook.com,001-751-888-1199x6190,Mad River,CA,2026-01-07
CUST_03518,Robert Case,robert.case@outlook.com,+1-836-442-7099x46843,Greer,SC,2026-02-22
CUST_03519,Cindy Campbell,cindy.campbell@aol.com,688.398.6114x402,Arnold,MD,2024-03-25
CUST_03520,Beverly Jimenez,beverly.jimenez@yahoo.com,592-313-3568x0906,Nashville,TN,2025-08-15
CUST_03521,Kyle Jones,kyle.jones@gmail.com,6075021709,Nicholson,GA,2025-09-22
CUST_03522,John Lambert,john.lambert@aol.com,+1-754-252-7541x25369,Miami,FL,2026-04-11
CUST_03523,Nicholas Coleman,nicholas.coleman@hotmail.com,001-246-842-2914x6814,Jane Lew,WV,2024-06-26
CUST_03524,Michael Page,michael.page@gmail.com,(572)435-0706x249,Demarest,NJ,2026-04-15
CUST_03525,Brandon Flores,brandon.flores@aol.com,(810)298-1773x352,Port Huron,MI,2025-08-19
CUST_03526,James Castillo,james.castillo@outlook.com,001-704-408-6720x29011,Red Creek,WV,2026-07-27
CUST_03527,Antonio Freeman,antonio.freeman@aol.com,(382)602-9253x9711,Mc Lean,VA,2026-05-10
CUST_03528,Crystal Oconnor,crystal.oconnor@yahoo.com,491.765.6728,Theodore,AL,2025-10-13
CUST_03529,Diane Hernandez,diane.hernandez@outlook.com,277.889.2653,Eatonton,GA,2024-12-06
CUST_03530,Alyssa Rich,alyssa.rich@outlook.com,(351)754-3319x885,Polkton,NC,2025-01-28
CUST_03531,Bryce Martin,bryce.martin@gmail.com,001-380-390-6655,Chidester,AR,2025-12-11
CUST_03532,Victoria Grant,victoria.grant@outlook.com,610.484.2307x35905,Melbourne,FL,2024-06-03
CUST_03533,Jamie Banks,jamie.banks@hotmail.com,976-412-3406,Harrison,NE,2024-05-26
CUST_03534,Beverly Rivera,beverly.rivera@hotmail.com,+1-733-236-3219x380,Dpo,AA,2025-11-26
CUST_03535,Richard Spencer,richard.spencer@outlook.com,720-468-1287x1814,Boston,MA,2023-11-11
CUST_03536,Marc Stewart,marc.stewart@aol.com,001-593-678-7552,Austin,CO,2024-11-03
CUST_03537,Juan Gardner,juan.gardner@hotmail.com,710-555-1176x00440,Le Mars,IA,2025-03-18
CUST_03538,Victoria Hernandez,victoria.hernandez@hotmail.com,+1-844-590-1295x259,Houston,TX,2025-02-18
CUST_03539,Melissa Combs,melissa.combs@yahoo.com,2503268333,Eureka,IL,2024-07-14
CUST_03540,Sheila Brown,sheila.brown@hotmail.com,8845754791,Colome,SD,2024-04-09
CUST_03541,Gary Riley,gary.riley@hotmail.com,6139540797,Brooklyn,NY,2024-01-20
CUST_03542,Robert Castro,robert.castro@icloud.com,256-958-6745,Idyllwild,CA,2026-05-01
CUST_03543,Traci Jones,traci.jones@hotmail.com,897.230.0918,Downsville,WI,2023-11-11
CUST_03544,Bobby Golden,bobby.golden@aol.com,275.863.7545x868,Itasca,TX,2026-01-18
CUST_03545,Stephen Schmitt,stephen.schmitt@hotmail.com,2078726638,Buffalo,NY,2025-07-04
CUST_03546,Theresa Whitehead,theresa.whitehead@gmail.com,(498)684-2303,Brightwood,OR,2023-10-17
CUST_03547,Amanda Bell,amanda.bell@outlook.com,3059686672,Fitchburg,MA,2024-07-30
CUST_03548,Shirley Miller,shirley.miller@hotmail.com,(218)214-0731x93140,Pony,MT,2026-03-17
CUST_03549,Carrie White,carrie.white@gmail.com,(868)620-4419x153,Copen,WV,2025-08-03
CUST_03550,Cole Smith,cole.smith@hotmail.com,959.455.5307x883,Mount Dora,FL,2024-05-29
CUST_03551,Ellen Boyle,ellen.boyle@aol.com,250-497-2573,Springfield,IL,2025-08-21
CUST_03552,Kenneth Schwartz,kenneth.schwartz@gmail.com,878-745-6157x018,Proctor,WV,2025-11-17
CUST_03553,Steven Curtis,steven.curtis@outlook.com,001-938-514-1986x0383,Pattonville,TX,2026-08-06
CUST_03554,Suzanne Rush,suzanne.rush@gmail.com,296.628.8812x99892,Branson,MO,2025-12-09
CUST_03555,Jennifer Petersen,jennifer.petersen@icloud.com,+1-641-217-3146x452,Parcel Return Service,DC,2024-01-01
CUST_03556,Julie Choi,julie.choi@hotmail.com,+1-911-419-2731x360,Gilbert,MN,2023-09-06
CUST_03557,Lonnie Olsen,lonnie.olsen@hotmail.com,832.719.3395x838,Emigsville,PA,2024-02-27
CUST_03558,Kelly Harris,kelly.harris@outlook.com,+1-529-220-4953x398,Bowie,MD,2023-12-03
CUST_03559,Jonathan Garcia,jonathan.garcia@icloud.com,607-708-8777,Skellytown,TX,2026-01-11
CUST_03560,Gabriela Mcdonald,gabriela.mcdonald@aol.com,3466208306,Brewster,KS,2024-05-13
CUST_03561,Nicholas Williams,nicholas.williams@aol.com,950-913-7835,New York,NY,2026-03-12
CUST_03562,Peter Sloan,peter.sloan@outlook.com,5519459267,Riverside,CT,2024-05-18
CUST_03563,Amanda Everett,amanda.everett@aol.com,(422)931-7383,Capitol Heights,MD,2025-01-17
CUST_03564,Bradley Jones,bradley.jones@gmail.com,(745)416-1634x473,Lynnwood,WA,2025-09-02
CUST_03565,Ryan Manning,ryan.manning@hotmail.com,734.822.0136x84972,Stockton,MN,2025-02-15
CUST_03566,Robert Lee,robert.lee@gmail.com,(475)432-9758x23882,Sylvan Beach,MI,2026-06-09
CUST_03567,Adam Monroe,adam.monroe@icloud.com,(653)520-3265,New York,NY,2026-07-22
CUST_03568,Heather Reyes,heather.reyes@yahoo.com,001-732-256-9887x0738,Lancaster,MO,2024-05-17
CUST_03569,Shannon Scott,shannon.scott@icloud.com,442.606.8342,Warsaw,OH,2023-09-13
CUST_03570,Joy Lloyd,joy.lloyd@icloud.com,945.555.0608,Fredericksburg,VA,2025-03-19
CUST_03571,Harry Harrell,harry.harrell@icloud.com,328-273-6309,Stump Creek,PA,2026-03-05
CUST_03572,Jessica Duffy,jessica.duffy@hotmail.com,914-492-1605x236,Mooresville,MO,2024-05-23
CUST_03573,Raymond Franklin,raymond.franklin@icloud.com,2092308766,Vacherie,LA,2026-07-23
CUST_03574,Mark Edwards,mark.edwards@gmail.com,001-585-974-0268x3743,Hildreth,NE,2023-12-12
CUST_03575,Patricia Patterson,patricia.patterson@aol.com,(381)221-8365,Pickerel,WI,2025-05-17
CUST_03576,Joseph Armstrong,joseph.armstrong@yahoo.com,001-479-713-2599x6106,New London,IA,2025-09-28
CUST_03577,Benjamin Phillips,benjamin.phillips@aol.com,706.737.0225x775,Austin,TX,2025-06-30
CUST_03578,Robert Matthews,robert.matthews@aol.com,7322540506,Kingston,NY,2025-08-18
CUST_03579,Dwayne Hunt,dwayne.hunt@aol.com,5438521600,Tucson,AZ,2025-10-04
CUST_03580,John Wang,john.wang@aol.com,294.587.5559x2199,Freeland,PA,2026-04-17
CUST_03581,Kathryn Strong,kathryn.strong@hotmail.com,+1-827-507-6631x506,Fpo,AE,2026-06-19
CUST_03582,Kenneth Chapman,kenneth.chapman@aol.com,+1-884-948-3230,Otis,MA,2023-12-19
CUST_03583,Laurie Jones,laurie.jones@icloud.com,+1-454-557-7861x930,Highgate Springs,VT,2026-04-21
CUST_03584,Aaron Phillips,aaron.phillips@hotmail.com,+1-354-478-8514x47696,Louisville,KY,2025-03-01
CUST_03585,Charles Blair,charles.blair@aol.com,001-937-903-5342x56267,Rochester,NY,2025-05-09
CUST_03586,John Fitzgerald,john.fitzgerald@outlook.com,261.902.3967x1983,West Mansfield,OH,2024-01-19
CUST_03587,Frank Davis,frank.davis@gmail.com,886-992-9480,Downers Grove,IL,2023-11-15
CUST_03588,Jay Massey,jay.massey@yahoo.com,001-623-395-6754x388,Battletown,KY,2024-06-24
CUST_03589,Lisa Vasquez,lisa.vasquez@aol.com,710-535-5625x9758,Shaktoolik,AK,2025-01-04
CUST_03590,Douglas Lang,douglas.lang@hotmail.com,(234)938-4907x4393,Cleveland,OH,2024-05-15
CUST_03591,Jorge Avila,jorge.avila@icloud.com,001-989-271-0212,Honolulu,HI,2023-09-27
CUST_03592,Elizabeth Keith,elizabeth.keith@yahoo.com,+1-900-557-0955x541,Crane,OR,2024-04-21
CUST_03593,John Neal,john.neal@hotmail.com,826-355-1436x8724,Savannah,GA,2026-07-26
CUST_03594,Suzanne Snyder,suzanne.snyder@icloud.com,449-539-9133x135,Bryant,WI,2025-05-16
CUST_03595,Richard Miller,richard.miller@icloud.com,001-434-716-9773x7909,Hampton,FL,2025-07-29
CUST_03596,Randy Thomas,randy.thomas@hotmail.com,001-770-504-1652x983,Paterson,NJ,2026-02-17
CUST_03597,Michael Abbott,michael.abbott@gmail.com,001-444-697-5703x790,Jonesboro,IL,2024-01-24
CUST_03598,Mary Mays,mary.mays@outlook.com,954.636.7825,Cairo,GA,2025-03-13
CUST_03599,Corey Russo,corey.russo@hotmail.com,001-883-403-0587x879,Connerville,OK,2025-06-24
CUST_03600,James Wong,james.wong@yahoo.com,425-895-8276x5675,Goodyears Bar,CA,2024-04-06
CUST_03601,Kevin Hanson,kevin.hanson@yahoo.com,001-438-961-1612x2409,Los Angeles,CA,2026-04-01
CUST_03602,Michelle Anderson,michelle.anderson@yahoo.com,(848)490-2043,Santa Cruz,CA,2024-05-10
CUST_03603,Michael Mays,michael.mays@icloud.com,786-268-8180,Dpo,AE,2024-02-05
CUST_03604,Charles Beck,charles.beck@yahoo.com,358-385-7087,Tempe,AZ,2024-03-25
CUST_03605,Ashley Gonzalez,ashley.gonzalez@outlook.com,437-256-4576x9264,Plainwell,MI,2026-04-22
CUST_03606,Anthony Moreno,anthony.moreno@icloud.com,226.790.0741,Atlanta,GA,2024-07-12
CUST_03607,Jacob Fuentes,jacob.fuentes@yahoo.com,+1-756-247-3855x98206,Oakfield,ME,2024-05-29
CUST_03608,Paul Avila,paul.avila@outlook.com,+1-867-759-6535x52318,San Jose,CA,2026-07-19
CUST_03609,Adam Johnson,adam.johnson@outlook.com,(824)598-5305x8757,Farmville,NC,2026-08-11
CUST_03610,Kelly Simpson,kelly.simpson@gmail.com,512.420.0458x80868,Saint Petersburg,FL,2023-10-21
CUST_03611,Curtis Dixon,curtis.dixon@gmail.com,984-579-6034x7859,Hoquiam,WA,2025-08-31
CUST_03612,Michele Dean,michele.dean@outlook.com,556-474-5473,Miami,FL,2026-02-15
CUST_03613,Aaron Lopez,aaron.lopez@gmail.com,001-641-787-0691x671,Big Pine Key,FL,2024-08-29
CUST_03614,Matthew Strong,matthew.strong@outlook.com,757-734-7487,Lonaconing,MD,2024-09-11
CUST_03615,Ashlee White,ashlee.white@hotmail.com,456.607.4151x4844,Lansing,MI,2025-11-04
CUST_03616,Ronald Shaw,ronald.shaw@hotmail.com,327.374.5858,Warrington,PA,2024-11-16
CUST_03617,Denise Spencer,denise.spencer@hotmail.com,2005439433,Salt Lake City,UT,2024-10-27
CUST_03618,Timothy Lopez,timothy.lopez@icloud.com,914-505-2036x15663,Knox,IN,2025-09-08
CUST_03619,Nathaniel Leon,nathaniel.leon@icloud.com,+1-643-516-9293x57289,Kensington,MD,2024-09-24
CUST_03620,Olivia Davenport,olivia.davenport@hotmail.com,(328)650-5430x0501,Long Lake,NY,2024-04-04
CUST_03621,Gabrielle Jackson,gabrielle.jackson@icloud.com,001-737-646-6242x9162,Villa Ridge,IL,2026-01-16
CUST_03622,Timothy Bennett,timothy.bennett@gmail.com,555.336.1460x58408,Saint Clairsville,OH,2026-05-29
CUST_03623,Heidi Reynolds,heidi.reynolds@outlook.com,461.284.0926x672,Mobile,AL,2024-11-17
CUST_03624,Maria Romero,maria.romero@gmail.com,644-514-2891x5100,Westlake,LA,2025-03-18
CUST_03625,Charles Schroeder,charles.schroeder@yahoo.com,538.912.0199,Nadeau,MI,2026-01-03
CUST_03626,Elizabeth Trujillo,elizabeth.trujillo@yahoo.com,+1-406-278-2313x894,Vega Baja,PR,2024-03-12
CUST_03627,Rebecca Hawkins,rebecca.hawkins@aol.com,+1-833-725-9704x1196,Johnstown,NE,2025-08-31
CUST_03628,Clarence Ramirez,clarence.ramirez@outlook.com,452.626.0720x2346,Mount Olive,AL,2025-11-22
CUST_03629,Amber Parker,amber.parker@yahoo.com,743-438-8302,Creighton,PA,2025-12-30
CUST_03630,Vanessa Francis,vanessa.francis@gmail.com,+1-328-237-9778x672,Washington,DC,2026-07-25
CUST_03631,Denise Foster,denise.foster@hotmail.com,2572266310,Beldenville,WI,2025-07-04
CUST_03632,Earl Washington,earl.washington@aol.com,773.335.5997x888,Waterbury,VT,2024-03-02
CUST_03633,Kimberly Jones,kimberly.jones@outlook.com,001-927-962-4122x7205,Orleans,CA,2025-01-12
CUST_03634,David Rollins,david.rollins@outlook.com,001-711-566-7425x452,Weed,NM,2025-03-23
CUST_03635,Jake Huffman,jake.huffman@gmail.com,(222)898-8062,Champaign,IL,2026-05-20
CUST_03636,Tonya Carr,tonya.carr@icloud.com,674-910-7764,Mead,NE,2024-01-17
CUST_03637,Dawn Bennett,dawn.bennett@gmail.com,5773456190,Twinsburg,OH,2023-09-24
CUST_03638,Edwin Ingram,edwin.ingram@yahoo.com,672.668.5219,Wayne,ME,2023-11-06
CUST_03639,Ashley Schwartz,ashley.schwartz@outlook.com,001-748-755-5732x84347,Plant City,FL,2023-09-30
CUST_03640,Douglas Luna,douglas.luna@gmail.com,3172762072,Traverse City,MI,2026-05-21
CUST_03641,Kevin Bentley,kevin.bentley@icloud.com,001-782-876-8312,Yakima,WA,2024-05-10
CUST_03642,Shannon Ritter,shannon.ritter@aol.com,(296)374-5070,Alameda,CA,2024-04-21
CUST_03643,Linda Chang,linda.chang@hotmail.com,001-285-367-3585x60083,Woodland Hills,CA,2025-04-26
CUST_03644,Carmen Long,carmen.long@gmail.com,(631)592-4525,Petersburg,VA,2025-11-23
CUST_03645,Shirley Mcbride,shirley.mcbride@outlook.com,4396330892,Monroe,MI,2024-11-21
CUST_03646,Jasmine Williams,jasmine.williams@outlook.com,5973208126,Colorado City,AZ,2026-05-22
CUST_03647,Katherine Clayton,katherine.clayton@hotmail.com,270.463.7906x2381,Lockwood,NY,2026-06-18
CUST_03648,Jacqueline Cordova,jacqueline.cordova@aol.com,227-489-8530,Apo,AE,2026-02-06
CUST_03649,Susan Bowers,susan.bowers@outlook.com,595.670.3428,Flanders,NJ,2025-01-09
CUST_03650,Valerie Brown,valerie.brown@gmail.com,(286)982-7173,Knoxville,TN,2024-02-06
CUST_03651,Mark Smith,mark.smith@yahoo.com,+1-967-737-5764x12316,Herrick,SD,2025-04-11
CUST_03652,Michelle Brown,michelle.brown@icloud.com,739-237-4206x2351,Fort Myers,FL,2024-05-20
CUST_03653,Laura Nelson,laura.nelson@outlook.com,(265)256-7666x14023,Willow Creek,CA,2023-11-16
CUST_03654,Kelly Smith,kelly.smith@gmail.com,658.789.1791,New York,NY,2024-07-24
CUST_03655,Victoria Collier,victoria.collier@gmail.com,(651)530-4070x9092,Exchange,WV,2026-01-29
CUST_03656,Sarah Jones,sarah.jones@aol.com,(480)396-0660,Big Indian,NY,2024-05-21
CUST_03657,Tiffany Baker,tiffany.baker@icloud.com,731.534.5181x53572,Minnetonka Beach,MN,2023-09-30
CUST_03658,Patrick Lopez,patrick.lopez@aol.com,904-863-5215,Arkoma,OK,2026-07-17
CUST_03659,Frank Sanders,frank.sanders@aol.com,4393665371,Fruitdale,AL,2024-01-22
CUST_03660,John Barrett,john.barrett@hotmail.com,001-631-935-4521x48193,El Paso,TX,2026-01-24
CUST_03661,Krista Miller,krista.miller@aol.com,(867)431-7684x429,Lawrenceville,GA,2024-05-02
CUST_03662,Christopher Woodard,christopher.woodard@icloud.com,497-531-3013,Ashland,IL,2026-07-23
CUST_03663,Karen Roberts,karen.roberts@yahoo.com,305.531.5643x54718,Lead Hill,AR,2026-04-29
CUST_03664,Alison Carter,alison.carter@yahoo.com,+1-376-329-2132,Dallas,TX,2024-06-16
CUST_03665,Lisa Fox,lisa.fox@outlook.com,734.411.6002,Bethel Park,PA,2024-11-13
CUST_03666,Martin Martin,martin.martin@yahoo.com,001-771-684-5498,Concord,CA,2024-05-27
CUST_03667,Kim Ramos,kim.ramos@yahoo.com,(979)824-4112x0757,Alpine,AR,2025-12-12
CUST_03668,Cindy Lowe,cindy.lowe@yahoo.com,930.836.6950x00244,Gulf Breeze,FL,2025-09-18
CUST_03669,Brian Smith,brian.smith@outlook.com,001-976-811-8698,Newark,DE,2024-07-25
CUST_03670,Debra Johnson,debra.johnson@gmail.com,(728)953-1533x220,Lansing,MI,2024-09-26
CUST_03671,Joseph Chavez,joseph.chavez@icloud.com,617.880.2904,La Porte,IN,2023-12-12
CUST_03672,Julia Best,julia.best@gmail.com,+1-888-395-0695x5186,Andalusia,AL,2026-05-18
CUST_03673,Robert Jones,robert.jones@yahoo.com,001-266-304-0152x1511,Llano,CA,2025-02-08
CUST_03674,James Mills,james.mills@yahoo.com,8715202658,Tupman,CA,2025-11-11
CUST_03675,Aaron Houston,aaron.houston@yahoo.com,(944)999-6051x61557,Poseyville,IN,2026-02-08
CUST_03676,Randy Hess,randy.hess@icloud.com,001-362-208-0699x111,Titusville,FL,2025-10-25
CUST_03677,Tyrone Graham,tyrone.graham@hotmail.com,7704104111,Ruthven,IA,2025-11-24
CUST_03678,Kathy Fleming,kathy.fleming@gmail.com,843.860.5110x8050,Runnemede,NJ,2024-01-28
CUST_03679,Andrew Mitchell,andrew.mitchell@outlook.com,(300)502-3378x2218,Greensboro,FL,2024-10-19
CUST_03680,Peter Lewis,peter.lewis@yahoo.com,+1-291-996-3629x54224,Apo,AP,2025-07-28
CUST_03681,Philip Harris,philip.harris@yahoo.com,954-759-5447x60514,Concho,OK,2024-03-06
CUST_03682,Kathy Clayton,kathy.clayton@outlook.com,+1-458-308-9082x18554,Rhodes,IA,2026-03-07
CUST_03683,David Crawford,david.crawford@aol.com,001-983-650-9321x9431,Bear,DE,2023-12-05
CUST_03684,Randall Stewart,randall.stewart@hotmail.com,(248)239-6717x914,Jackhorn,KY,2026-06-29
CUST_03685,Sean Johnston,sean.johnston@hotmail.com,968.600.7032,Pine Bluff,AR,2023-12-02
CUST_03686,Christina Kelley,christina.kelley@yahoo.com,001-927-596-5519x048,Amarillo,TX,2025-06-03
CUST_03687,Tamara Williams,tamara.williams@outlook.com,583-722-9392,Knobel,AR,2024-08-25
CUST_03688,Patricia Neal,patricia.neal@outlook.com,+1-475-416-2009x5515,Lunenburg,MA,2025-09-21
CUST_03689,Joseph Navarro,joseph.navarro@yahoo.com,+1-967-686-9638x411,Erie,PA,2024-05-09
CUST_03690,Lindsey Cook,lindsey.cook@gmail.com,779.794.3010x493,La Jolla,CA,2024-08-06
CUST_03691,Patrick Davis,patrick.davis@gmail.com,5505122589,Edgar,MT,2023-10-13
CUST_03692,Matthew Smith,matthew.smith@aol.com,833.952.3066x38904,Easton,IL,2024-06-20
CUST_03693,Daniel Alvarado,daniel.alvarado@outlook.com,348-494-8202,Albuquerque,NM,2026-02-19
CUST_03694,Jennifer Fisher,jennifer.fisher@icloud.com,5313960044,Naples,FL,2025-01-29
CUST_03695,Jennifer Cummings,jennifer.cummings@icloud.com,327.964.9212,Apo,AP,2025-02-22
CUST_03696,Justin Fuentes,justin.fuentes@outlook.com,609-290-4664x25044,Oxford,WI,2023-11-14
CUST_03697,Sherry Campbell,sherry.campbell@outlook.com,529.463.8384,Lewiston,ME,2025-07-14
CUST_03698,Patrick Solis,patrick.solis@aol.com,399.296.6862,Citrus Heights,CA,2024-01-07
CUST_03699,Nathan Garcia,nathan.garcia@icloud.com,+1-307-554-5142,Mission Hill,SD,2025-03-19
CUST_03700,Spencer Wilson,spencer.wilson@icloud.com,+1-335-697-0447x7675,Washington,WV,2025-01-30
CUST_03701,Maria Atkins,maria.atkins@yahoo.com,614.353.9961,Shippensburg,PA,2023-12-15
CUST_03702,John Mann,john.mann@icloud.com,(536)528-9839,Spring Valley,NY,2025-12-11
CUST_03703,Michael Miles,michael.miles@gmail.com,6129382077,Appalachia,VA,2024-04-21
CUST_03704,Andrew Santana,andrew.santana@hotmail.com,915.917.4102x992,The Plains,OH,2026-04-30
CUST_03705,Andrea Hill,andrea.hill@outlook.com,(720)412-0716,Yettem,CA,2023-11-04
CUST_03706,Jose Howard,jose.howard@gmail.com,696-587-3857,Coal Township,PA,2025-02-17
CUST_03707,Angela Gardner,angela.gardner@outlook.com,785.838.4339,St Columbans,NE,2025-08-19
CUST_03708,Ashley Rasmussen,ashley.rasmussen@gmail.com,+1-906-535-9642x876,Greeneville,TN,2025-01-18
CUST_03709,Joseph Lopez,joseph.lopez@hotmail.com,(485)753-5696,Seale,AL,2023-11-24
CUST_03710,Eric Massey,eric.massey@yahoo.com,+1-706-282-6591x96589,Brush Valley,PA,2026-01-06
CUST_03711,John Perry,john.perry@icloud.com,+1-417-572-0873x5551,Smithville,OK,2025-09-16
CUST_03712,Kelly Flores,kelly.flores@outlook.com,(827)729-7675,Burbank,CA,2025-01-24
CUST_03713,Katrina Garcia,katrina.garcia@gmail.com,901-966-0575,South Range,MI,2026-05-01
CUST_03714,Thomas Martin,thomas.martin@hotmail.com,001-234-939-8633,Jackson,MS,2023-09-20
CUST_03715,Sarah Bryant,sarah.bryant@aol.com,001-376-845-3893x6579,Eastland,TX,2024-04-19
CUST_03716,Curtis Miller,curtis.miller@gmail.com,987.811.0553,New Douglas,IL,2026-02-05
CUST_03717,Chris Taylor,chris.taylor@outlook.com,286.537.7219x0724,Sweet Briar,VA,2024-02-20
CUST_03718,Dana Lamb,dana.lamb@gmail.com,(672)532-9862x4592,Fitzwilliam,NH,2026-03-11
CUST_03719,Michelle Hughes,michelle.hughes@outlook.com,295-853-0215x112,Nichols,SC,2025-09-15
CUST_03720,Alfred Patterson,alfred.patterson@outlook.com,001-735-857-2305x922,Staten Island,NY,2024-12-07
CUST_03721,Alexandria Carpenter,alexandria.carpenter@outlook.com,001-287-248-5990x19672,Kearsarge,MI,2024-12-20
CUST_03722,Kathryn White,kathryn.white@outlook.com,646.815.9155x4503,Winston Salem,NC,2026-03-11
CUST_03723,Rose Fox,rose.fox@yahoo.com,(484)624-2370x985,Theresa,NY,2024-11-01
CUST_03724,Robert Wilson,robert.wilson@yahoo.com,001-791-273-6327x329,Fpo,AP,2024-05-12
CUST_03725,Kathleen Valentine,kathleen.valentine@gmail.com,298-810-0616x2173,Bethel,ME,2023-09-14
CUST_03726,Sarah Weiss,sarah.weiss@gmail.com,001-218-740-3839x551,New Edinburg,AR,2025-02-09
CUST_03727,Shane Adams,shane.adams@hotmail.com,+1-438-793-9646,Bellwood,PA,2023-11-05
CUST_03728,Kristen Gutierrez,kristen.gutierrez@outlook.com,411-721-5335x7914,Sutton,MA,2024-06-18
CUST_03729,Sarah Martinez,sarah.martinez@gmail.com,001-610-253-1779x142,Whippany,NJ,2026-04-03
CUST_03730,Austin Wright,austin.wright@aol.com,520-529-0935,Emblem,WY,2024-08-27
CUST_03731,Jacob Ramirez,jacob.ramirez@gmail.com,3363445471,Brandon,SD,2026-02-26
CUST_03732,Alexander Kim,alexander.kim@hotmail.com,937-500-5667,Avilla,IN,2025-08-15
CUST_03733,Justin Dudley,justin.dudley@outlook.com,760-780-3917x9111,Reklaw,TX,2024-04-20
CUST_03734,Valerie Anderson,valerie.anderson@gmail.com,302.922.1102x2943,Auburn,PA,2024-11-21
CUST_03735,Dustin Barnes,dustin.barnes@gmail.com,322.745.8768,Woodruff,SC,2025-11-03
CUST_03736,Melissa Allen,melissa.allen@aol.com,+1-623-253-5239x51814,South Kortright,NY,2026-07-07
CUST_03737,Tiffany Wise,tiffany.wise@outlook.com,231.717.3129,Salt Lake City,UT,2026-06-14
CUST_03738,Karen Dickerson,karen.dickerson@icloud.com,322.812.8006,Huntington,WV,2025-06-15
CUST_03739,Heather Sloan,heather.sloan@outlook.com,749.607.7329x810,Lawrence,MA,2026-05-31
CUST_03740,Eddie Medina,eddie.medina@aol.com,5815650208,Shoshone,CA,2025-08-22
CUST_03741,Rebecca Nguyen,rebecca.nguyen@icloud.com,+1-359-343-4423x5134,Halstead,KS,2025-07-09
CUST_03742,Nicholas Green,nicholas.green@outlook.com,001-621-964-9627,Hollister,CA,2026-05-05
CUST_03743,Brenda Bell,brenda.bell@icloud.com,(404)936-7529x5862,Amarillo,TX,2023-12-08
CUST_03744,Andrea Neal,andrea.neal@aol.com,001-464-901-5488x979,Catherine,AL,2026-01-30
CUST_03745,Jill Palmer,jill.palmer@hotmail.com,741.470.2839x20251,Freedom,NY,2025-10-28
CUST_03746,Jessica Ramirez,jessica.ramirez@yahoo.com,905-421-4448,Los Angeles,CA,2026-06-05
CUST_03747,Shane Reyes,shane.reyes@hotmail.com,(730)424-4155,Georgetown,CT,2025-08-28
CUST_03748,Michael Yu,michael.yu@yahoo.com,379.770.2538x792,Palo,MI,2026-04-26
CUST_03749,Jennifer Williams,jennifer.williams@yahoo.com,001-692-597-8838x2125,Woodbridge,VA,2026-06-05
CUST_03750,Jennifer Brown,jennifer.brown@hotmail.com,7318142266,Mildred,MT,2025-09-12
CUST_03751,Timothy Terry,timothy.terry@yahoo.com,+1-357-889-1119,Washington,DC,2024-03-08
CUST_03752,Angela Davis,angela.davis@outlook.com,001-718-984-1262x3258,Trafalgar,IN,2023-09-08
CUST_03753,Michael Hall,michael.hall@hotmail.com,+1-362-376-2244x1023,Sudan,TX,2025-02-28
CUST_03754,Michael Beasley,michael.beasley@gmail.com,+1-239-557-9435x43262,Montier,MO,2025-10-11
CUST_03755,Christina Perry,christina.perry@aol.com,001-883-877-1644x17786,Harleyville,SC,2026-02-18
CUST_03756,Dennis Smith,dennis.smith@aol.com,(546)522-7680x137,Smyrna,GA,2024-12-07
CUST_03757,Christopher Moore,christopher.moore@hotmail.com,001-243-986-8827x88177,Leachville,AR,2023-09-11
CUST_03758,Sandra Boyd,sandra.boyd@hotmail.com,2635832013,Gastonia,NC,2025-05-01
CUST_03759,Joel Sanchez,joel.sanchez@yahoo.com,901-250-3615,Universal,IN,2025-09-18
CUST_03760,Joseph Smith,joseph.smith@gmail.com,001-872-916-9167x57633,Boston,MA,2024-07-01
CUST_03761,Barry Vincent,barry.vincent@hotmail.com,+1-406-916-7308x7874,Pawnee,TX,2025-08-08
CUST_03762,Alisha Jacobs,alisha.jacobs@hotmail.com,462.656.7745,Sanders,AZ,2024-10-07
CUST_03763,Mark Brown,mark.brown@outlook.com,606-942-1044,Valleyford,WA,2026-07-05
CUST_03764,Dean Key,dean.key@aol.com,001-255-602-0549x620,Millbrook,NY,2024-01-14
CUST_03765,Renee Garner,renee.garner@aol.com,+1-557-966-6006x803,Lawrence,NE,2025-06-09
CUST_03766,Stephen Hayes,stephen.hayes@icloud.com,001-406-544-0883x27693,Bremen,KY,2024-08-21
CUST_03767,William Acosta,william.acosta@gmail.com,307.363.4444,Las Vegas,NV,2025-02-17
CUST_03768,Kristen Schmitt,kristen.schmitt@yahoo.com,001-341-444-1494x653,Concho,OK,2024-03-16
CUST_03769,Corey Pittman,corey.pittman@aol.com,001-653-529-1933x07188,Clearlake Oaks,CA,2026-01-05
CUST_03770,Shannon Barnett,shannon.barnett@icloud.com,+1-510-548-5263x29689,Eagle Springs,NC,2024-08-08
CUST_03771,Cameron Robbins,cameron.robbins@yahoo.com,9413584668,Louisville,KY,2026-05-18
CUST_03772,Shawna Boyle,shawna.boyle@aol.com,314-681-2189x20837,Coxsackie,NY,2023-12-14
CUST_03773,Jacob Ford,jacob.ford@gmail.com,879-497-2486x82363,Greenwood,FL,2024-01-14
CUST_03774,Ricardo Stevens,ricardo.stevens@gmail.com,313-489-5521x582,Weinert,TX,2023-09-15
CUST_03775,Robert Adams,robert.adams@gmail.com,221.771.2564,Cairo,OH,2024-06-25
CUST_03776,Christopher Schwartz,christopher.schwartz@gmail.com,879-364-3171,Washington,DC,2025-04-13
CUST_03777,Heather Hodges,heather.hodges@hotmail.com,+1-681-222-8468x748,Mc Intosh,AL,2023-09-12
CUST_03778,Alicia Rice,alicia.rice@hotmail.com,(631)908-9056,Rosebush,MI,2025-12-23
CUST_03779,Andrew Johnson,andrew.johnson@hotmail.com,001-538-518-9353x612,Lidderdale,IA,2026-03-21
CUST_03780,Brent Harvey,brent.harvey@hotmail.com,222-410-7269x523,Lakeland,FL,2025-11-24
CUST_03781,William Cruz,william.cruz@aol.com,4819467514,Taswell,IN,2026-04-23
CUST_03782,Natalie Salinas,natalie.salinas@icloud.com,312-653-0111x49725,Lowell,MA,2026-02-06
CUST_03783,Kimberly Dominguez,kimberly.dominguez@hotmail.com,357.350.0371,Glenview,IL,2024-06-24
CUST_03784,Daniel Smith,daniel.smith@outlook.com,+1-307-320-7131,Phoenix,AZ,2024-07-01
CUST_03785,Lisa Gross,lisa.gross@outlook.com,001-758-289-8799x4060,Germantown,WI,2026-01-23
CUST_03786,Heidi Rose,heidi.rose@yahoo.com,(547)447-1884x3974,Neenah,WI,2024-02-02
CUST_03787,Tammie Greene,tammie.greene@hotmail.com,938-708-3009x4098,Pensacola,FL,2025-04-04
CUST_03788,Brian Sanchez,brian.sanchez@outlook.com,693-416-8453,Cottontown,TN,2026-02-09
CUST_03789,Richard Horton,richard.horton@aol.com,3988343488,Meadow Vista,CA,2026-01-23
CUST_03790,Jody Jones,jody.jones@outlook.com,001-405-353-5538x656,Oakland,CA,2024-09-29
CUST_03791,Annette Gonzales,annette.gonzales@yahoo.com,254.655.4194x736,Washington,DC,2025-02-19
CUST_03792,Carl Howard,carl.howard@aol.com,(204)857-1948,Seattle,WA,2026-07-10
CUST_03793,Roger Ortiz,roger.ortiz@aol.com,(624)950-0552x84343,San Luis Obispo,CA,2026-07-19
CUST_03794,Stephanie Reynolds,stephanie.reynolds@aol.com,+1-991-704-2349x95251,Vienna,VA,2023-10-27
CUST_03795,Michael Weeks,michael.weeks@outlook.com,001-908-636-6249,Ivan,AR,2026-01-31
CUST_03796,Rita Figueroa,rita.figueroa@outlook.com,001-408-582-0320,Pharr,TX,2025-08-21
CUST_03797,Haley Williams,haley.williams@hotmail.com,(291)495-1198x047,Crystal Spring,PA,2023-09-05
CUST_03798,Dominique Stokes,dominique.stokes@yahoo.com,+1-528-271-6378x02250,Reynolds,MO,2026-05-16
CUST_03799,Destiny Travis,destiny.travis@aol.com,2544765005,Dallas,TX,2024-01-12
CUST_03800,Charles Mcfarland,charles.mcfarland@icloud.com,8142963275,Martinez,CA,2024-10-01
CUST_03801,Lauren Long,lauren.long@outlook.com,001-329-720-0460x512,Oak Grove,AR,2024-06-30
CUST_03802,Ronald Martin,ronald.martin@gmail.com,7648350385,Little River Academy,TX,2025-03-23
CUST_03803,Deborah Floyd,deborah.floyd@aol.com,689.605.6774,Easton,MN,2023-11-24
CUST_03804,Stephanie Hall,stephanie.hall@hotmail.com,948-796-3833x76588,Bladen,NE,2024-10-16
CUST_03805,Shaun Huynh,shaun.huynh@aol.com,991-914-3878,Palo,IA,2024-08-06
CUST_03806,Audrey Davidson,audrey.davidson@hotmail.com,901.240.7905,Bridgewater,MA,2026-08-28
CUST_03807,James Carroll,james.carroll@outlook.com,+1-422-399-7355,Tallahassee,FL,2026-05-14
CUST_03808,William Cisneros,william.cisneros@yahoo.com,001-808-318-3943x2545,Montfort,WI,2025-12-17
CUST_03809,James Jackson,james.jackson@icloud.com,+1-255-946-4623,Reading,MA,2024-12-14
CUST_03810,Shelby Faulkner,shelby.faulkner@outlook.com,+1-750-627-1418x384,Indianapolis,IN,2025-11-10
CUST_03811,Audrey Hopkins,audrey.hopkins@aol.com,001-594-921-5160,Nimitz,WV,2024-07-29
CUST_03812,Anna Wheeler,anna.wheeler@gmail.com,+1-935-265-1996,Edgewater,FL,2025-01-02
CUST_03813,William Murphy,william.murphy@hotmail.com,416.267.9665x79300,Raymondville,TX,2024-09-29
CUST_03814,Dennis Nelson,dennis.nelson@aol.com,(739)911-3583x3810,Park Hills,MO,2024-06-29
CUST_03815,Dalton York,dalton.york@aol.com,(938)450-1891x553,Hosston,LA,2025-02-21
CUST_03816,Gregory Johnson,gregory.johnson@gmail.com,(211)671-6534x230,Huntington,WV,2026-01-11
CUST_03817,Kevin Johnson,kevin.johnson@icloud.com,565-639-8765,Apo,AE,2024-10-21
CUST_03818,Michael Thompson,michael.thompson@aol.com,839.469.3551x80005,Yellow Springs,OH,2026-08-23
CUST_03819,Seth Bullock,seth.bullock@hotmail.com,+1-670-976-2982x6604,Jonesville,MI,2024-06-10
CUST_03820,Daniel Nelson,daniel.nelson@icloud.com,(736)989-1654x03081,Arthurdale,WV,2026-01-11
CUST_03821,Sheryl Page,sheryl.page@outlook.com,796.853.7906x17520,Shenandoah,VA,2024-06-27
CUST_03822,Paige Hall,paige.hall@icloud.com,2204956796,Glenham,NY,2024-12-11
CUST_03823,Shelby Day,shelby.day@hotmail.com,(621)891-0503,Madison,IL,2025-05-12
CUST_03824,Curtis Brooks,curtis.brooks@hotmail.com,+1-939-203-1295,Musselshell,MT,2024-05-01
CUST_03825,Pam Campbell,pam.campbell@aol.com,(789)435-3487x960,Dallas,TX,2026-06-24
CUST_03826,Mary Dean,mary.dean@outlook.com,384.433.1119x50788,Pittsfield,PA,2024-07-30
CUST_03827,Erin Mitchell,erin.mitchell@icloud.com,430-854-2527,Couderay,WI,2025-06-23
CUST_03828,Michael Miles,michael.miles@icloud.com,001-448-245-9339x294,Saint David,AZ,2024-12-01
CUST_03829,Jennifer Price,jennifer.price@aol.com,+1-440-899-3144,Watson,IL,2025-01-27
CUST_03830,Hannah Underwood,hannah.underwood@icloud.com,+1-230-255-2723,Leeds,AL,2023-12-27
CUST_03831,David Anderson,david.anderson@hotmail.com,(940)713-0426x9547,Buskirk,NY,2025-04-07
CUST_03832,Patricia Phillips,patricia.phillips@hotmail.com,(976)855-2864x2452,Ogden,UT,2025-06-16
CUST_03833,Sherry Fisher,sherry.fisher@yahoo.com,578-767-7114x60040,Florham Park,NJ,2026-05-29
CUST_03834,Jeffrey Griffin,jeffrey.griffin@yahoo.com,+1-368-868-2064x7308,Huntley,MT,2024-09-04
CUST_03835,Erica Kennedy,erica.kennedy@outlook.com,(481)516-3490x2840,Salt Lake City,UT,2024-05-06
CUST_03836,Eric Vega,eric.vega@gmail.com,001-249-926-6106x95514,Raleigh,NC,2025-10-19
CUST_03837,Vanessa Williams,vanessa.williams@yahoo.com,915-750-9160x2221,Stillman Valley,IL,2025-02-12
CUST_03838,Mary Aguilar,mary.aguilar@gmail.com,211.219.2653x256,Apo,AP,2024-04-10
CUST_03839,Katherine Perez,katherine.perez@aol.com,001-508-222-3539,Vanceboro,ME,2025-06-09
CUST_03840,Brittney Paul,brittney.paul@icloud.com,224.390.3735x00856,Russellville,AR,2025-04-03
CUST_03841,Jacqueline Huerta,jacqueline.huerta@outlook.com,(577)692-8246x097,Temecula,CA,2023-09-04
CUST_03842,Hannah Campbell,hannah.campbell@icloud.com,8884777591,Detroit,MI,2024-06-05
CUST_03843,Aaron Mcdonald,aaron.mcdonald@aol.com,282.428.3096x5267,Weehawken,NJ,2026-08-07
CUST_03844,Devin Hobbs,devin.hobbs@hotmail.com,001-341-852-7420x729,Storrs Mansfield,CT,2025-04-28
CUST_03845,Courtney Ward,courtney.ward@hotmail.com,(255)391-6422x695,Troy,NH,2026-06-28
CUST_03846,Andrew Barnes,andrew.barnes@icloud.com,+1-763-631-4524x1605,Richwoods,MO,2024-10-03
CUST_03847,Angela Miller,angela.miller@icloud.com,001-711-689-3168x5016,Bridgeport,CT,2024-05-08
CUST_03848,Christopher Phelps,christopher.phelps@hotmail.com,805-472-4980x9018,Blanding,UT,2025-05-30
CUST_03849,Alex Carlson,alex.carlson@yahoo.com,5782823647,Maurepas,LA,2025-08-10
CUST_03850,Jamie Carlson,jamie.carlson@aol.com,4505264053,Utica,NY,2026-07-01
CUST_03851,Austin Stone,austin.stone@gmail.com,001-616-632-4602x403,New Providence,NJ,2024-01-02
CUST_03852,Ashley Scott,ashley.scott@outlook.com,001-816-785-0126,Lexington,KY,2024-11-04
CUST_03853,Jaime Taylor,jaime.taylor@aol.com,440.339.9793,Dubois,WY,2026-08-20
CUST_03854,Edward Chavez,edward.chavez@outlook.com,805.736.2664x94215,Anaheim,CA,2024-10-08
CUST_03855,Elijah Howe,elijah.howe@icloud.com,897-760-7730x2476,Tuscaloosa,AL,2026-04-04
CUST_03856,Gail Willis,gail.willis@yahoo.com,+1-289-522-3106x073,Pippa Passes,KY,2023-12-19
CUST_03857,Natasha May,natasha.may@gmail.com,919.257.4804,Rex,GA,2024-04-25
CUST_03858,Colleen Whitney,colleen.whitney@yahoo.com,(849)543-6224x7472,Leicester,MA,2024-08-25
CUST_03859,Tina Stewart,tina.stewart@outlook.com,878.672.8398,Dove Creek,CO,2024-04-20
CUST_03860,David Carter,david.carter@outlook.com,392.981.1394x1523,London,AR,2025-06-17
CUST_03861,Haley Hamilton,haley.hamilton@icloud.com,+1-928-410-7808x2633,Greenville,MS,2024-08-13
CUST_03862,Crystal Gutierrez,crystal.gutierrez@aol.com,+1-432-834-0357x5639,Dpo,AE,2025-06-24
CUST_03863,Alexis Anderson,alexis.anderson@icloud.com,+1-883-542-8456x3946,Portland,CT,2024-09-12
CUST_03864,Gregory Taylor,gregory.taylor@aol.com,+1-665-422-3212x11026,Wayne,NY,2025-05-23
CUST_03865,Tony Smith,tony.smith@icloud.com,513.319.0753,Iowa Falls,IA,2023-10-26
CUST_03866,Laura Lam,laura.lam@outlook.com,001-230-752-8742,Fluvanna,TX,2024-01-10
CUST_03867,Rachel Schmidt,rachel.schmidt@icloud.com,001-843-807-1774x403,Yates City,IL,2025-12-19
CUST_03868,Angel Hardin,angel.hardin@gmail.com,4225067295,Cabazon,CA,2026-03-26
CUST_03869,Albert Tyler,albert.tyler@gmail.com,546-603-8405,Saint Cloud,FL,2024-07-15
CUST_03870,Maria Peterson,maria.peterson@outlook.com,563-819-8834,Nadeau,MI,2026-01-02
CUST_03871,Jennifer Ochoa,jennifer.ochoa@icloud.com,(715)749-6548,Toledo,OH,2026-04-04
CUST_03872,Lori Davis,lori.davis@yahoo.com,+1-228-401-9839x968,Avon,IL,2024-10-31
CUST_03873,James Gibson,james.gibson@gmail.com,+1-808-417-0389,Lubbock,TX,2024-07-18
CUST_03874,Megan Vega,megan.vega@aol.com,914-518-0887,Canton,OH,2026-01-22
CUST_03875,Paul Chambers,paul.chambers@aol.com,978.545.0820,Royalton,MN,2024-07-08
CUST_03876,Gilbert Vasquez,gilbert.vasquez@outlook.com,287.377.8348,Rutledge,AL,2026-08-25
CUST_03877,Joseph Roberson,joseph.roberson@yahoo.com,3588131011,Cedar Rapids,IA,2026-01-22
CUST_03878,Steven Duncan,steven.duncan@gmail.com,867.485.6654x92843,Hereford,OR,2026-04-13
CUST_03879,Sarah Aguirre,sarah.aguirre@gmail.com,239-507-6467x24012,Allison Park,PA,2024-06-27
CUST_03880,Melissa Martinez,melissa.martinez@aol.com,+1-756-371-7530x2086,Woodbury,NJ,2026-06-08
CUST_03881,Candace Montgomery,candace.montgomery@hotmail.com,317.770.0658,Springfield,CO,2024-12-26
CUST_03882,Joshua Williams,joshua.williams@icloud.com,001-352-785-5134x2030,Depauw,IN,2026-07-18
CUST_03883,Jacob Chase,jacob.chase@icloud.com,891.433.1739,Upper Black Eddy,PA,2024-03-24
CUST_03884,Charles Evans,charles.evans@outlook.com,(630)451-1436x409,East Galesburg,IL,2025-05-07
CUST_03885,Natalie Thomas,natalie.thomas@yahoo.com,+1-271-641-5933,Mc Sherrystown,PA,2025-01-12
CUST_03886,Diana Mitchell,diana.mitchell@gmail.com,664.502.2391,Akiak,AK,2024-06-02
CUST_03887,Brenda Shea,brenda.shea@outlook.com,(756)926-0560,Magness,AR,2026-08-17
CUST_03888,Todd Rose,todd.rose@gmail.com,001-383-974-3048x1683,Orlando,FL,2024-05-06
CUST_03889,Aaron Moore,aaron.moore@gmail.com,001-900-643-4676x93989,Waupaca,WI,2025-07-05
CUST_03890,Dennis Bailey,dennis.bailey@hotmail.com,+1-869-714-5962,Boca Raton,FL,2024-10-01
CUST_03891,Kim Jones,kim.jones@outlook.com,751.780.6191x954,San Diego,CA,2025-08-15
CUST_03892,Priscilla Ramos,priscilla.ramos@hotmail.com,788-567-6634x99191,Eagle,AK,2026-04-14
CUST_03893,Sean Martin,sean.martin@icloud.com,+1-439-659-3795,Clinton Township,MI,2025-08-27
CUST_03894,Jason Pearson,jason.pearson@aol.com,9354392882,Caledonia,IL,2024-02-28
CUST_03895,Jennifer Rodriguez,jennifer.rodriguez@hotmail.com,(307)401-5695x14448,Promise City,IA,2024-08-07
CUST_03896,Christopher Charles,christopher.charles@aol.com,+1-874-962-7114x96297,Ohatchee,AL,2024-12-09
CUST_03897,Adam Reyes,adam.reyes@hotmail.com,+1-994-913-6075,Tuttle,OK,2024-04-12
CUST_03898,Carolyn Pearson,carolyn.pearson@aol.com,(345)691-5996x0470,Clarington,PA,2025-07-30
CUST_03899,Melanie Yates,melanie.yates@icloud.com,266.999.0306x10721,Los Angeles,CA,2024-04-20
CUST_03900,Thomas Heath,thomas.heath@outlook.com,268.376.7891x423,Mongo,IN,2024-03-28
CUST_03901,Lindsay Valdez,lindsay.valdez@hotmail.com,226.854.2401x7450,Kannapolis,NC,2023-09-12
CUST_03902,Janet Mathis,janet.mathis@gmail.com,662-393-8416x161,Mosheim,TN,2026-03-10
CUST_03903,Pamela Nelson,pamela.nelson@icloud.com,852-983-9542,Cavetown,MD,2025-08-06
CUST_03904,Collin Eaton,collin.eaton@yahoo.com,001-844-911-8012x04575,Elsmore,KS,2025-04-03
CUST_03905,Donald Tanner,donald.tanner@hotmail.com,252-411-5032x009,Seattle,WA,2025-01-01
CUST_03906,Barbara Monroe,barbara.monroe@aol.com,+1-604-965-9835x7743,Indianapolis,IN,2024-10-28
CUST_03907,David Everett,david.everett@icloud.com,4515140008,Sandy,UT,2023-12-27
CUST_03908,Katherine Burton,katherine.burton@yahoo.com,(639)917-5199x2587,Chignik,AK,2026-01-31
CUST_03909,Sherry Nichols,sherry.nichols@icloud.com,905-686-3688x34087,Dana,IN,2025-11-29
CUST_03910,Bobby Rivers,bobby.rivers@hotmail.com,814.990.7769,Binger,OK,2024-04-14
CUST_03911,Michelle Medina,michelle.medina@hotmail.com,438-251-0288x3913,Fairbanks,AK,2024-11-23
CUST_03912,Julie Montgomery,julie.montgomery@outlook.com,(486)626-6540x51451,Des Moines,IA,2025-12-15
CUST_03913,Brianna George,brianna.george@gmail.com,793.931.4670x8130,Somerset,IN,2026-06-27
CUST_03914,Tamara Contreras,tamara.contreras@outlook.com,774-821-5523x8709,Big Flats,NY,2024-08-30
CUST_03915,Andrew Williams,andrew.williams@icloud.com,+1-912-804-4176x51091,Carlsborg,WA,2024-07-10
CUST_03916,John Gray,john.gray@gmail.com,818-715-7344x535,Fortuna,CA,2024-09-30
CUST_03917,Melissa Steele,melissa.steele@gmail.com,+1-373-697-2984x3957,Fpo,AP,2025-06-16
CUST_03918,Dawn Gillespie,dawn.gillespie@yahoo.com,261.357.1435x3606,Apo,AA,2026-05-10
CUST_03919,Allen White,allen.white@yahoo.com,725-425-7778x02282,Tacoma,WA,2025-04-30
CUST_03920,Jason Oliver,jason.oliver@hotmail.com,+1-716-876-1188x060,Pierceville,IN,2025-07-26
CUST_03921,Johnny Simmons,johnny.simmons@yahoo.com,916-427-9720x276,Marine,IL,2024-07-30
CUST_03922,Brittany Cabrera,brittany.cabrera@aol.com,910.387.3166x26267,El Paso,TX,2026-06-03
CUST_03923,Hannah Suarez,hannah.suarez@outlook.com,7006324929,Wichita,KS,2024-05-26
CUST_03924,Michael Jennings,michael.jennings@gmail.com,368.224.0413,Craig,CO,2024-06-23
CUST_03925,Christine Santiago,christine.santiago@icloud.com,3247187198,El Paso,TX,2024-08-19
CUST_03926,Julie Macdonald,julie.macdonald@gmail.com,357.723.6302x2333,Loma Linda,CA,2024-02-29
CUST_03927,Justin White,justin.white@yahoo.com,(388)827-2724x7272,Melcher Dallas,IA,2024-02-29
CUST_03928,Wendy Mann,wendy.mann@yahoo.com,+1-529-477-0669x43400,Stratton,OH,2025-07-05
CUST_03929,Jessica Black,jessica.black@aol.com,001-872-515-0717,Salisbury,MD,2025-01-01
CUST_03930,Zachary Montoya,zachary.montoya@aol.com,799.699.6752,Lancaster,CA,2026-07-30
CUST_03931,David Sosa,david.sosa@hotmail.com,+1-328-885-1146x40940,Lambrook,AR,2025-05-21
CUST_03932,Ann Murphy,ann.murphy@yahoo.com,+1-812-886-2355,Stebbins,AK,2023-10-18
CUST_03933,Chad Dixon,chad.dixon@gmail.com,606-438-1942,Wagoner,OK,2025-07-28
CUST_03934,Rachel Hall,rachel.hall@outlook.com,+1-434-458-7012x8395,Madison,ME,2024-04-05
CUST_03935,Sabrina Webb,sabrina.webb@yahoo.com,703-736-7468,Fairdale,WV,2024-10-28
CUST_03936,Jenna Greene,jenna.greene@yahoo.com,9079450621,Douglass,KS,2025-06-27
CUST_03937,Michael Johnson,michael.johnson@hotmail.com,621.343.1421x592,New York,NY,2025-07-31
CUST_03938,Michael Jordan,michael.jordan@hotmail.com,(307)401-5463x052,Columbus City,IA,2025-06-18
CUST_03939,Micheal Smith,micheal.smith@aol.com,(521)251-3251x4258,Walford,IA,2024-03-10
CUST_03940,Brad Molina,brad.molina@hotmail.com,491.999.9885x3765,Marshall,IL,2025-01-02
CUST_03941,Stephanie Bradley,stephanie.bradley@yahoo.com,200-410-9346x7318,Cowarts,AL,2025-05-26
CUST_03942,Thomas Collins,thomas.collins@yahoo.com,7843885305,Otter Lake,MI,2024-10-06
CUST_03943,Jessica Gomez,jessica.gomez@yahoo.com,001-817-580-5557x1221,Huntington,OR,2025-11-12
CUST_03944,Sandra White,sandra.white@aol.com,5727063220,Oklee,MN,2026-08-08
CUST_03945,Melissa Hoffman,melissa.hoffman@hotmail.com,001-333-679-1751x72744,Larsen,WI,2025-06-10
CUST_03946,Mary Anderson,mary.anderson@gmail.com,779.739.3001,Dpo,AE,2025-12-09
CUST_03947,Donald Bond,donald.bond@yahoo.com,368.972.0691x36978,San Angelo,TX,2024-01-24
CUST_03948,Kristin Cooke,kristin.cooke@yahoo.com,5473663738,Baroda,MI,2024-10-06
CUST_03949,Monica Collins,monica.collins@aol.com,507-350-9630,Miami,FL,2024-01-01
CUST_03950,Helen Dean,helen.dean@icloud.com,001-887-467-0518x10491,San Bernardino,CA,2026-02-03
CUST_03951,Brittney Williams,brittney.williams@outlook.com,5475195577,Runnemede,NJ,2026-05-25
CUST_03952,Sara Velazquez,sara.velazquez@yahoo.com,483-602-8891,Rainbow Lake,NY,2024-02-04
CUST_03953,Lawrence Glass,lawrence.glass@yahoo.com,(946)279-2198x943,Stahlstown,PA,2024-03-30
CUST_03954,Nicole Warren,nicole.warren@yahoo.com,001-446-722-4171x1006,Atlanta,GA,2023-09-06
CUST_03955,Christopher Morris,christopher.morris@outlook.com,(640)345-4299x1796,Phenix City,AL,2026-03-24
CUST_03956,Patricia Leblanc,patricia.leblanc@aol.com,001-503-587-6184x71709,Tigrett,TN,2023-10-06
CUST_03957,Nicole Thomas,nicole.thomas@icloud.com,001-795-211-9414,Delmont,NJ,2024-08-02
CUST_03958,Mark Villanueva,mark.villanueva@hotmail.com,+1-449-318-3581x70840,Vancouver,WA,2026-03-19
CUST_03959,Melissa Huang,melissa.huang@icloud.com,(598)338-0072x474,West Des Moines,IA,2024-07-24
CUST_03960,Melissa Rogers,melissa.rogers@aol.com,9427170016,Sharon Grove,KY,2024-07-12
CUST_03961,Sarah Stewart,sarah.stewart@icloud.com,809-381-0550x2534,Morgan,MN,2026-01-31
CUST_03962,Kimberly Lee,kimberly.lee@gmail.com,907.790.4555x25416,Brownsville,IN,2024-02-21
CUST_03963,Carla Barr,carla.barr@gmail.com,205.731.0479x83640,Stanfordville,NY,2026-01-27
CUST_03964,Chad Pearson,chad.pearson@hotmail.com,001-284-418-8403x3639,Vesper,WI,2026-05-31
CUST_03965,Abigail Ross,abigail.ross@icloud.com,001-291-408-7113,San Francisco,CA,2023-09-21
CUST_03966,Cynthia Cooper,cynthia.cooper@outlook.com,(914)536-4306x66789,Wooster,AR,2024-12-02
CUST_03967,David Anderson,david.anderson@icloud.com,429.700.7175x8838,Anselmo,NE,2024-08-30
CUST_03968,Jose Lewis,jose.lewis@outlook.com,001-368-343-5212,Keytesville,MO,2026-03-06
CUST_03969,Pamela Gardner,pamela.gardner@hotmail.com,001-243-922-7284x8189,Lime Springs,IA,2026-01-31
CUST_03970,Hannah Weaver,hannah.weaver@gmail.com,312.357.2499x636,Oral,SD,2024-01-27
CUST_03971,Sandra Dean,sandra.dean@outlook.com,249-501-0667,Leopold,IN,2024-12-05
CUST_03972,Donald Krause,donald.krause@aol.com,001-600-789-1434x8040,Merrill,WI,2025-03-20
CUST_03973,Colleen Marsh,colleen.marsh@outlook.com,(869)537-7433x552,Goff,KS,2025-01-29
CUST_03974,Jamie Pope,jamie.pope@hotmail.com,7408646975,Mullen,NE,2026-04-02
CUST_03975,Sean Tran,sean.tran@yahoo.com,8148243365,Independence,IA,2026-04-01
CUST_03976,Clinton Flores,clinton.flores@gmail.com,001-886-213-6690x10238,Avon,IN,2025-03-09
CUST_03977,Emily Medina,emily.medina@yahoo.com,+1-718-829-2587,Ravena,NY,2025-11-19
CUST_03978,Nicole Bauer,nicole.bauer@yahoo.com,001-227-218-9272x228,Palmer,AK,2026-08-11
CUST_03979,Joshua Jones,joshua.jones@gmail.com,883.486.2950,Red Bud,IL,2024-12-23
CUST_03980,Larry Oneill,larry.oneill@yahoo.com,+1-885-502-9498x7548,Herington,KS,2024-04-27
CUST_03981,Lisa Miller,lisa.miller@hotmail.com,486.663.3831x52002,Greenfield,IA,2024-03-07
CUST_03982,Carlos Gibson,carlos.gibson@aol.com,(882)632-8609x60216,Ward Cove,AK,2026-03-09
CUST_03983,Cynthia Ellison,cynthia.ellison@aol.com,001-468-593-1895x308,Spicer,MN,2024-07-10
CUST_03984,Michael Green,michael.green@yahoo.com,001-865-886-5031x67099,Sublime,TX,2026-07-14
CUST_03985,Richard Martin,richard.martin@yahoo.com,+1-844-395-4163x25553,Homewood,IL,2024-04-20
CUST_03986,Kenneth Robinson,kenneth.robinson@yahoo.com,2558898241,Bartley,NE,2026-05-06
CUST_03987,Michael Gamble,michael.gamble@hotmail.com,760.579.2803,Indianapolis,IN,2025-12-05
CUST_03988,Bryan Wilson,bryan.wilson@outlook.com,445.743.8812x18384,Henrico,VA,2025-09-06
CUST_03989,Danny Johnson,danny.johnson@aol.com,2323513836,Tracy,CA,2024-01-08
CUST_03990,Ashley Fisher,ashley.fisher@icloud.com,(335)796-9771x63190,Myrtle Beach,SC,2025-09-05
CUST_03991,Catherine Richmond,catherine.richmond@hotmail.com,(367)928-4781x4568,Brooks,MN,2025-05-03
CUST_03992,Andrew White,andrew.white@gmail.com,(595)530-9777,San Perlita,TX,2025-02-18
CUST_03993,Melissa Ferguson,melissa.ferguson@gmail.com,001-539-266-0919x69399,Onyx,CA,2023-11-14
CUST_03994,Edward Dennis,edward.dennis@hotmail.com,344-688-3330x1838,Rice Lake,WI,2025-07-30
CUST_03995,Rose Foster,rose.foster@icloud.com,001-583-757-6810x1395,Brazeau,MO,2024-05-03
CUST_03996,Jeremiah Eaton,jeremiah.eaton@aol.com,922.964.1628,Penryn,PA,2024-06-20
CUST_03997,Jeremy Ball,jeremy.ball@yahoo.com,835-629-3900,Superior,IA,2025-04-23
CUST_03998,Jeffrey Hendricks,jeffrey.hendricks@icloud.com,+1-639-856-2059x447,Center,CO,2023-10-15
CUST_03999,Kelly Nguyen,kelly.nguyen@yahoo.com,001-917-867-3886x227,Amazonia,MO,2023-10-28
CUST_04000,Kelly Lopez,kelly.lopez@aol.com,001-855-986-5752x45323,Columbia,SC,2026-06-29
CUST_04001,Eric Martinez,eric.martinez@yahoo.com,936.668.8326,Aguila,AZ,2026-03-29
CUST_04002,Chad Cortez,chad.cortez@gmail.com,949.640.0721,Saint Xavier,MT,2026-06-14
CUST_04003,Jason Sanders,jason.sanders@icloud.com,001-635-277-0128x065,Mesquite,NV,2026-06-20
CUST_04004,Mary Payne,mary.payne@hotmail.com,504-816-8863x3481,Durant,OK,2026-03-17
CUST_04005,David Wright,david.wright@hotmail.com,001-545-297-5923,Colorado Springs,CO,2024-08-06
CUST_04006,Gina Green,gina.green@gmail.com,903.264.8626x6241,Plato,MN,2024-09-10
CUST_04007,Gina Garcia,gina.garcia@aol.com,599-676-7122x3056,Snydersburg,PA,2024-06-26
CUST_04008,Karen Galloway,karen.galloway@outlook.com,(291)514-5463,Coy,AR,2025-03-30
CUST_04009,Donna Paul,donna.paul@hotmail.com,703.240.7242x8888,Planada,CA,2026-06-14
CUST_04010,James Daniels,james.daniels@aol.com,315-998-1712x4095,West Stewartstown,NH,2025-03-29
CUST_04011,Jose Wallace,jose.wallace@yahoo.com,(728)684-6604x82177,Mackay,ID,2024-01-12
CUST_04012,James Burke,james.burke@hotmail.com,(294)509-2946x6014,Trujillo Alto,PR,2025-02-07
CUST_04013,Dylan Lara,dylan.lara@yahoo.com,829-496-3732x456,Faith,NC,2025-11-17
CUST_04014,Lynn Sanford,lynn.sanford@yahoo.com,001-824-964-8988x7435,San Francisco,CA,2023-12-14
CUST_04015,Jessica White,jessica.white@icloud.com,3446312143,Muncy Valley,PA,2024-04-30
CUST_04016,Tracy Wilson,tracy.wilson@hotmail.com,985.585.2709,Mount Vision,NY,2025-11-15
CUST_04017,Mary Molina,mary.molina@yahoo.com,(946)413-9362,Welda,KS,2024-06-26
CUST_04018,Andrew Wilson,andrew.wilson@outlook.com,510-777-6670,Newell,SD,2023-09-26
CUST_04019,Lauren Garcia,lauren.garcia@outlook.com,263.218.0771x477,Sun Valley,AZ,2026-07-23
CUST_04020,Joseph Walsh,joseph.walsh@icloud.com,001-208-639-6578x6183,Millrift,PA,2024-08-07
CUST_04021,Susan Oneill,susan.oneill@icloud.com,941.455.3403,Delta City,MS,2023-12-12
CUST_04022,Zachary Jones,zachary.jones@hotmail.com,+1-936-299-8593x602,Wabeno,WI,2026-01-30
CUST_04023,Yolanda Hood,yolanda.hood@outlook.com,001-857-797-0032x5327,Ontario,NY,2024-06-26
CUST_04024,Matthew Marsh,matthew.marsh@outlook.com,382-231-7145,San Francisco,CA,2025-07-13
CUST_04025,Stephanie Evans,stephanie.evans@aol.com,+1-288-677-4503x680,Star City,AR,2026-07-21
CUST_04026,Lauren Sanchez,lauren.sanchez@yahoo.com,528.638.3235x560,Mcpherson,KS,2025-07-26
CUST_04027,Marvin Dominguez,marvin.dominguez@outlook.com,(445)335-0540,Pasadena,TX,2024-08-24
CUST_04028,Jennifer Ellis,jennifer.ellis@outlook.com,376.968.4548,Orlando,FL,2024-08-29
CUST_04029,Katherine Bradley,katherine.bradley@icloud.com,251-950-4037x2543,Englewood,CO,2026-05-29
CUST_04030,John Jackson,john.jackson@icloud.com,(510)459-2683x72940,Dpo,AE,2023-11-06
CUST_04031,Julie Michael,julie.michael@aol.com,595.222.6209x87694,Hernando,FL,2024-03-09
CUST_04032,Jennifer Kelley,jennifer.kelley@outlook.com,(412)343-2238x461,Brodnax,VA,2024-01-13
CUST_04033,Karen Farmer,karen.farmer@aol.com,+1-245-519-3591x61679,Rochester,NY,2025-02-15
CUST_04034,Amy Thomas,amy.thomas@outlook.com,+1-226-687-4789x20529,Washington,DC,2023-10-31
CUST_04035,Christopher Gibson,christopher.gibson@hotmail.com,849.723.0690,Bloomingrose,WV,2025-01-30
CUST_04036,Emily Howell,emily.howell@outlook.com,+1-627-786-7071,Silver Lake,IN,2025-11-13
CUST_04037,Christopher Parker,christopher.parker@outlook.com,(638)423-3121,Erin,NY,2025-06-03
CUST_04038,Christine Ruiz,christine.ruiz@icloud.com,001-578-291-2526x619,Lakeland,FL,2025-07-07
CUST_04039,Jeffrey Snyder,jeffrey.snyder@gmail.com,001-284-845-9795x4750,Kasson,MN,2023-10-09
CUST_04040,Samantha Pacheco,samantha.pacheco@gmail.com,001-584-992-4358x23029,Conway,MO,2026-04-27
CUST_04041,Mark Wade,mark.wade@outlook.com,001-478-942-7821x60244,Bradshaw,WV,2024-03-16
CUST_04042,William Gill,william.gill@aol.com,219-872-6483x0523,Itasca,TX,2025-10-13
CUST_04043,Alex Sanchez,alex.sanchez@icloud.com,790.710.5622x31484,Myrtlewood,AL,2024-10-03
CUST_04044,William White,william.white@gmail.com,+1-853-219-3067x0963,Gatesville,TX,2024-12-15
CUST_04045,Heidi Middleton,heidi.middleton@aol.com,+1-606-515-4801x03969,Apo,AE,2026-03-08
CUST_04046,Olivia Adams,olivia.adams@hotmail.com,001-614-507-4301x779,Monticello,FL,2024-10-04
CUST_04047,Sandra James,sandra.james@outlook.com,732.462.3464x3701,Waco,GA,2026-08-12
CUST_04048,David Gonzalez,david.gonzalez@icloud.com,+1-920-364-3940x628,Stetson,ME,2025-12-29
CUST_04049,Steve House,steve.house@aol.com,910.933.2529x54363,Bapchule,AZ,2025-01-14
CUST_04050,Anita Myers,anita.myers@aol.com,(966)564-3771,Standish,ME,2025-01-25
CUST_04051,Danielle Webster,danielle.webster@icloud.com,659.786.4081x681,Kelley,IA,2025-06-13
CUST_04052,Peter Stevenson,peter.stevenson@icloud.com,739-731-8127x02595,Lake Pleasant,MA,2024-06-20
CUST_04053,Robin Jones,robin.jones@outlook.com,837.986.0112x67868,Huntsville,OH,2026-07-26
CUST_04054,Tyler Johnson,tyler.johnson@icloud.com,+1-958-229-2165x4976,Grover,CO,2026-06-08
CUST_04055,Kurt Ross,kurt.ross@hotmail.com,703.791.6440x990,Stony Brook,NY,2025-11-05
CUST_04056,Martin Thomas,martin.thomas@gmail.com,933-699-8876x59653,Glenfield,NY,2024-08-23
CUST_04057,Sheila Johnson,sheila.johnson@icloud.com,001-329-756-6582x455,Kingwood,TX,2025-12-21
CUST_04058,Veronica Daniels,veronica.daniels@yahoo.com,+1-642-469-4972,San Jose,CA,2025-05-17
CUST_04059,Nicholas Oliver,nicholas.oliver@aol.com,+1-903-334-4394,Montgomery,AL,2026-04-23
CUST_04060,Jason Rodriguez,jason.rodriguez@hotmail.com,499.566.5009x890,Roseville,IL,2025-05-25
CUST_04061,Scott Robinson,scott.robinson@aol.com,001-400-387-9997x400,Greenville,TX,2025-09-27
CUST_04062,Patrick Hubbard,patrick.hubbard@hotmail.com,(910)425-2120x9330,Alamo,CA,2024-12-27
CUST_04063,Haley Gonzales,haley.gonzales@icloud.com,(654)558-8960x8814,Bluff City,AR,2024-06-23
CUST_04064,Lori Johnson,lori.johnson@yahoo.com,762-746-2349x53418,Flourtown,PA,2025-03-12
CUST_04065,Jennifer Lewis,jennifer.lewis@icloud.com,604-723-2520x9978,Pasco,WA,2024-07-31
CUST_04066,Sarah Keller,sarah.keller@yahoo.com,917-959-1170x163,Rochester,NY,2024-11-28
CUST_04067,Yvonne Woods,yvonne.woods@gmail.com,631.387.0252x1945,Washington,DC,2023-10-26
CUST_04068,Rick Reed,rick.reed@gmail.com,001-520-695-3541x3910,Weston,MO,2024-08-06
CUST_04069,Jacob Shelton,jacob.shelton@aol.com,710.318.6546,Milwaukee,WI,2023-10-09
CUST_04070,Gabrielle Thompson,gabrielle.thompson@hotmail.com,001-855-276-0247x32466,San Diego,CA,2025-06-16
CUST_04071,Mackenzie Harvey,mackenzie.harvey@gmail.com,+1-591-286-6366x672,Severn,VA,2025-08-05
CUST_04072,Gregory Park,gregory.park@outlook.com,001-337-332-8238x42191,Apo,AE,2026-08-07
CUST_04073,Jason Thompson,jason.thompson@outlook.com,(204)500-3571x293,Russellville,AR,2026-01-07
CUST_04074,Michael Matthews,michael.matthews@hotmail.com,001-897-409-1221x856,Neeses,SC,2025-04-26
CUST_04075,Nicole Perez,nicole.perez@hotmail.com,+1-481-975-5943,Delafield,WI,2024-04-24
CUST_04076,Sarah Diaz,sarah.diaz@aol.com,659.696.2446x69532,Goose Rock,KY,2024-04-29
CUST_04077,Daniel Bernard,daniel.bernard@yahoo.com,611.951.2318x38956,Spokane,WA,2024-03-15
CUST_04078,Douglas Wheeler,douglas.wheeler@hotmail.com,(808)859-8953x060,Nashville,TN,2023-10-02
CUST_04079,Todd Garza,todd.garza@gmail.com,258.474.5015x9695,Papillion,NE,2024-05-01
CUST_04080,Brandi Blake,brandi.blake@icloud.com,9356999507,Morton Grove,IL,2025-01-20
CUST_04081,Mackenzie Hubbard,mackenzie.hubbard@yahoo.com,001-223-760-2261,North Waltham,MA,2026-08-21
CUST_04082,Michele Taylor,michele.taylor@outlook.com,552.969.5648x83014,Patricksburg,IN,2025-05-26
CUST_04083,Marie Evans,marie.evans@yahoo.com,881.319.8455,Wickes,AR,2025-12-04
CUST_04084,Eric Austin,eric.austin@yahoo.com,(896)395-5674,Prattville,AL,2025-01-01
CUST_04085,Trevor Hicks,trevor.hicks@hotmail.com,922.637.3169x1980,Washington,DC,2026-01-24
CUST_04086,Michael Moore,michael.moore@aol.com,(647)815-5432x7464,Maysville,AR,2026-02-25
CUST_04087,Andrea Levy,andrea.levy@hotmail.com,(765)657-3550x457,Nauvoo,AL,2024-02-11
CUST_04088,Matthew Phillips,matthew.phillips@gmail.com,001-477-834-6268x3736,Carsonville,MI,2024-05-12
CUST_04089,Carolyn Cook,carolyn.cook@outlook.com,358-374-0238x703,Beavertown,PA,2026-06-19
CUST_04090,Raymond Adams,raymond.adams@icloud.com,001-867-680-4883,Tampa,FL,2026-04-24
CUST_04091,Jonathan Hayes,jonathan.hayes@icloud.com,001-456-626-7685x513,Sherrill,NY,2023-10-29
CUST_04092,Adam Mcguire,adam.mcguire@outlook.com,(252)358-0250,Beverly,OH,2025-07-25
CUST_04093,Christine Newman,christine.newman@outlook.com,902.874.8941x26839,Houstonia,MO,2023-10-04
CUST_04094,Jacob Garcia,jacob.garcia@hotmail.com,001-328-826-0655,Columbia,SC,2026-08-11
CUST_04095,Juan Smith,juan.smith@yahoo.com,(510)792-1526,Miller,NE,2023-12-20
CUST_04096,Mikayla Alvarado,mikayla.alvarado@hotmail.com,001-236-469-5638x656,Haynesville,LA,2024-05-28
CUST_04097,Nicholas Roberts,nicholas.roberts@gmail.com,+1-815-863-5547x73703,Cataula,GA,2025-01-24
CUST_04098,John Woodward,john.woodward@yahoo.com,001-443-655-7507x5060,Garrard,KY,2025-05-25
CUST_04099,Todd Hall,todd.hall@outlook.com,+1-913-413-5824,Shreveport,LA,2023-10-01
CUST_04100,Ryan Valdez,ryan.valdez@aol.com,(856)988-0848,Hurricane Mills,TN,2024-02-01
CUST_04101,Jessica Black,jessica.black@icloud.com,(446)528-4736x654,Calhoun,KY,2024-09-28
CUST_04102,Angela Walton,angela.walton@aol.com,(616)894-7704,Lady Lake,FL,2025-05-08
CUST_04103,Juan Beard,juan.beard@hotmail.com,256-223-6090,Massapequa,NY,2024-05-05
CUST_04104,Richard Cohen,richard.cohen@gmail.com,202.644.3758x041,Wales,WI,2023-10-15
CUST_04105,Scott Pace,scott.pace@yahoo.com,+1-331-706-7580,Modesto,CA,2025-06-10
CUST_04106,Olivia Larson,olivia.larson@outlook.com,001-698-808-9016x43614,Glendale,AZ,2026-05-09
CUST_04107,Jason Brown,jason.brown@outlook.com,427-828-1517x9616,Hopewell,OH,2026-05-31
CUST_04108,John Ross,john.ross@outlook.com,7853962420,Tacoma,WA,2024-04-10
CUST_04109,Tanner Fletcher,tanner.fletcher@hotmail.com,001-351-692-3052x58962,Martinsburg,WV,2025-04-04
CUST_04110,Lisa Taylor,lisa.taylor@gmail.com,842.392.8270,Hartley,TX,2024-12-13
CUST_04111,Elizabeth Walsh,elizabeth.walsh@yahoo.com,437.375.5394x9475,Humboldt,IA,2023-09-12
CUST_04112,Leslie Pena,leslie.pena@gmail.com,001-962-685-3225x0103,Pell Lake,WI,2025-08-15
CUST_04113,David Harris,david.harris@hotmail.com,001-409-966-1647,Box Elder,MT,2026-01-19
CUST_04114,Paul Grant,paul.grant@outlook.com,001-352-868-2084,Castorland,NY,2025-10-06
CUST_04115,Tamara Perry,tamara.perry@gmail.com,708-903-1081x83953,Santa Fe,NM,2024-12-12
CUST_04116,Rick Macias,rick.macias@outlook.com,493-960-2725,Livingston,TX,2025-11-05
CUST_04117,Natalie Kelly,natalie.kelly@hotmail.com,7943431220,Philadelphia,NY,2026-03-27
CUST_04118,Kevin Moody,kevin.moody@gmail.com,+1-405-248-2211x668,Ferney,SD,2026-07-17
CUST_04119,Amber Marks,amber.marks@yahoo.com,772.882.9545,Tacoma,WA,2023-09-20
CUST_04120,Zachary Ponce,zachary.ponce@outlook.com,309-907-0682x260,Sharon,MA,2023-10-11
CUST_04121,James Burke,james.burke@aol.com,(810)481-6952,Placentia,CA,2026-01-31
CUST_04122,Thomas Kaufman,thomas.kaufman@yahoo.com,897-327-5809x8538,Century,FL,2024-02-10
CUST_04123,Crystal Murphy,crystal.murphy@gmail.com,001-533-593-1012x35000,Kimberling City,MO,2025-03-25
CUST_04124,Alyssa Carter,alyssa.carter@icloud.com,+1-379-422-6105x454,Baltimore,MD,2024-10-23
CUST_04125,Juan Mcknight,juan.mcknight@aol.com,(226)314-2430x5002,Farmington,CT,2025-11-07
CUST_04126,Brittney Lowe,brittney.lowe@yahoo.com,340-303-6321,Washingtonville,NY,2026-01-22
CUST_04127,Traci Anderson,traci.anderson@gmail.com,544.313.6313x6262,Novi,MI,2024-01-16
CUST_04128,Johnathan Hensley,johnathan.hensley@gmail.com,200.949.2328x322,Joseph City,AZ,2025-02-15
CUST_04129,Joseph Meyer,joseph.meyer@hotmail.com,001-370-831-3689,Kenton,TN,2026-05-11
CUST_04130,David Rodriguez,david.rodriguez@gmail.com,+1-348-416-3299x426,Toledo,OH,2026-07-19
CUST_04131,Richard Nguyen,richard.nguyen@gmail.com,(254)561-0670,Arlington,VA,2024-06-15
CUST_04132,Jessica Carter,jessica.carter@icloud.com,(776)814-2804x130,Langworthy,IA,2024-06-01
CUST_04133,Thomas Reeves,thomas.reeves@gmail.com,001-420-200-7178x93072,Tall Timbers,MD,2025-08-02
CUST_04134,John Marquez,john.marquez@hotmail.com,3393480140,Wilmore,PA,2025-02-27
CUST_04135,Shawn Hodge,shawn.hodge@aol.com,668.537.6347,Greeleyville,SC,2024-04-29
CUST_04136,James Conley,james.conley@gmail.com,001-996-583-9904x3326,Milbridge,ME,2024-11-06
CUST_04137,Nicole Campbell,nicole.campbell@yahoo.com,2393170996,Almond,NY,2024-04-01
CUST_04138,Jennifer Parker,jennifer.parker@icloud.com,538-783-3946x131,Milan,MI,2026-08-11
CUST_04139,John Gutierrez,john.gutierrez@yahoo.com,(784)909-7469,Washington,IN,2026-01-18
CUST_04140,Vincent Sullivan,vincent.sullivan@aol.com,(578)600-1030x664,Minneapolis,MN,2024-03-14
CUST_04141,Tara Gallagher,tara.gallagher@hotmail.com,001-746-423-6261x045,Pleasant Hope,MO,2025-06-05
CUST_04142,Brian Greene,brian.greene@icloud.com,(879)927-4470,Richmond,VA,2026-06-27
CUST_04143,Holly Jones,holly.jones@aol.com,5966068271,Kingston,AR,2024-12-17
CUST_04144,Jennifer Meyer,jennifer.meyer@gmail.com,911-250-2681,Cortland,IL,2025-08-08
CUST_04145,Denise Bryant,denise.bryant@gmail.com,+1-986-721-8032x3009,Dover,NC,2026-07-26
CUST_04146,Billy Garcia,billy.garcia@gmail.com,290.719.6865x8604,Leakey,TX,2024-08-02
CUST_04147,Jake James,jake.james@gmail.com,249-560-3954x7774,Hermitage,PA,2025-07-27
CUST_04148,Lauren Mills,lauren.mills@gmail.com,(449)859-4121,Grayling,MI,2025-02-08
CUST_04149,April Howard,april.howard@outlook.com,607-469-3600,Gates,NC,2024-10-17
CUST_04150,Abigail Chan,abigail.chan@icloud.com,+1-307-366-4642x196,Tillery,NC,2024-02-10
CUST_04151,Diane Chavez,diane.chavez@yahoo.com,+1-693-430-2824x051,Estes Park,CO,2024-10-20
CUST_04152,Anthony Mitchell,anthony.mitchell@aol.com,+1-532-576-2794x58513,Huntington Woods,MI,2024-07-14
CUST_04153,Timothy Collier,timothy.collier@icloud.com,(933)284-1832,Albuquerque,NM,2025-04-24
CUST_04154,Andrew Dennis,andrew.dennis@aol.com,969.923.8031,Omaha,NE,2025-03-03
CUST_04155,Megan Jones,megan.jones@hotmail.com,001-803-373-8750,Apo,AE,2023-09-22
CUST_04156,Jonathan Thompson,jonathan.thompson@outlook.com,666.256.4577x838,Colorado Springs,CO,2023-09-06
CUST_04157,Alex Thomas,alex.thomas@outlook.com,533.738.7041,Far Rockaway,NY,2024-09-30
CUST_04158,Richard Powers,richard.powers@hotmail.com,7413868526,San Antonio,TX,2025-04-22
CUST_04159,Daniel Sanchez,daniel.sanchez@outlook.com,001-600-899-0056x432,Cadiz,OH,2025-08-13
CUST_04160,Amy Snow,amy.snow@gmail.com,4928526524,Leisenring,PA,2023-10-15
CUST_04161,David Hester,david.hester@gmail.com,5882923565,Breezy Point,NY,2026-08-26
CUST_04162,Donald Turner,donald.turner@aol.com,+1-691-224-2235x5221,Lebanon,TN,2026-06-17
CUST_04163,Leslie Palmer,leslie.palmer@gmail.com,699-694-4268x5298,Bonnerdale,AR,2024-12-20
CUST_04164,Linda Dennis,linda.dennis@outlook.com,365-709-5548x4423,Dunbar,WI,2025-07-13
CUST_04165,Morgan Bates,morgan.bates@gmail.com,716.771.6468x28202,Fort Kent,ME,2026-08-03
CUST_04166,Derrick Gomez,derrick.gomez@aol.com,3273149576,Hartland,MI,2024-11-08
CUST_04167,Amber Reeves,amber.reeves@icloud.com,970-350-2103x077,Belding,MI,2024-06-27
CUST_04168,Erin Ward,erin.ward@hotmail.com,+1-674-460-8186x675,Osseo,WI,2025-04-04
CUST_04169,Charles Campbell,charles.campbell@hotmail.com,451.495.1539x4483,Desha,AR,2024-10-12
CUST_04170,Jennifer Cortez,jennifer.cortez@icloud.com,450-941-2814,Cromwell,MN,2025-08-21
CUST_04171,Kevin Fernandez,kevin.fernandez@outlook.com,507-474-5312x8035,Lehigh Valley,PA,2024-10-08
CUST_04172,Jennifer Chambers,jennifer.chambers@yahoo.com,(607)868-9790x513,Viola,WI,2024-08-18
CUST_04173,Mary Williams,mary.williams@gmail.com,(740)673-7103x05958,Fresno,CA,2026-07-01
CUST_04174,Cristian Schwartz,cristian.schwartz@icloud.com,837-409-1732x3778,Edison,GA,2025-09-26
CUST_04175,Michael Singh,michael.singh@gmail.com,+1-505-777-7250x15708,Rice,MN,2023-12-10
CUST_04176,Stephanie Schmidt,stephanie.schmidt@icloud.com,283.446.9076x861,Lincolndale,NY,2025-09-25
CUST_04177,Michael Allen,michael.allen@hotmail.com,591-911-5746x8628,Fort Washington,MD,2024-01-19
CUST_04178,Pamela Allen,pamela.allen@gmail.com,(341)588-8387x844,Alpine,CA,2023-12-03
CUST_04179,Angela Schwartz,angela.schwartz@outlook.com,001-893-405-7878x22754,East Bank,WV,2025-10-28
CUST_04180,Michelle Lawson,michelle.lawson@icloud.com,(925)989-1937x52728,Merit,TX,2026-01-04
CUST_04181,Daniel Rosales,daniel.rosales@icloud.com,(707)952-4320,Bobtown,PA,2024-05-04
CUST_04182,Cameron Walker,cameron.walker@hotmail.com,(757)706-6894x11944,Bethlehem,GA,2024-07-22
CUST_04183,Amanda Kelly,amanda.kelly@outlook.com,454.210.8877x150,Temecula,CA,2025-09-05
CUST_04184,Michelle Johnson,michelle.johnson@hotmail.com,001-488-931-3654,Lick Creek,KY,2025-01-23
CUST_04185,Yolanda Reid,yolanda.reid@hotmail.com,(340)461-9999x18139,Chalmers,IN,2026-04-26
CUST_04186,David Mccall,david.mccall@icloud.com,289.928.1831,Grant City,MO,2024-02-21
CUST_04187,David Stevens,david.stevens@gmail.com,629-237-1572,Austin,TX,2024-08-27
CUST_04188,Michelle Ellis,michelle.ellis@aol.com,001-292-914-9800x5328,Summerton,SC,2025-07-14
CUST_04189,Beth Keller,beth.keller@icloud.com,+1-950-999-4995x7301,Flensburg,MN,2024-12-02
CUST_04190,Michael Carney,michael.carney@gmail.com,001-813-928-3554x2786,Fpo,AP,2026-07-17
CUST_04191,Phillip Paul,phillip.paul@aol.com,483-375-8137x6058,Minisink Hills,PA,2024-05-06
CUST_04192,John Blake,john.blake@aol.com,692-787-2756x26575,Hilo,HI,2025-08-29
CUST_04193,Roger Gutierrez,roger.gutierrez@icloud.com,(936)266-5138,Columbus,MS,2024-01-24
CUST_04194,Donna Bryan,donna.bryan@hotmail.com,4154229400,La Luz,NM,2025-05-03
CUST_04195,Jeremy Walter,jeremy.walter@hotmail.com,(706)743-4863,New Deal,TX,2025-06-16
CUST_04196,Larry Valdez,larry.valdez@gmail.com,(780)248-0222x4629,Arlee,MT,2024-04-16
CUST_04197,Veronica Waller,veronica.waller@aol.com,277-475-3735,Duluth,GA,2024-06-09
CUST_04198,Gerald Carson,gerald.carson@outlook.com,(222)995-4195x022,Ulen,MN,2024-12-19
CUST_04199,Kelly Reed,kelly.reed@outlook.com,+1-755-261-8045,Christoval,TX,2026-07-15
CUST_04200,Brenda Cruz,brenda.cruz@aol.com,001-618-587-1576,Argonia,KS,2023-10-24
CUST_04201,Amber Hammond,amber.hammond@hotmail.com,001-620-808-1432x751,Manassa,CO,2026-04-06
CUST_04202,Darlene Conner,darlene.conner@gmail.com,6369289516,Fremont,CA,2025-08-14
CUST_04203,Ellen Klein,ellen.klein@gmail.com,6136750620,Richland,NY,2026-07-15
CUST_04204,Krystal Drake,krystal.drake@outlook.com,939.693.9176x796,Tuckerman,AR,2024-01-10
CUST_04205,Morgan Garcia,morgan.garcia@gmail.com,(433)447-9716x3160,Manchester,TN,2024-09-22
CUST_04206,Jeffrey Potter,jeffrey.potter@icloud.com,301-248-2656x9767,Harcourt,IA,2025-03-26
CUST_04207,Rachel Harris,rachel.harris@gmail.com,(765)563-3787x5277,South Plymouth,NY,2026-06-10
CUST_04208,Kim Miller,kim.miller@icloud.com,(394)712-1168x3469,Murdock,IL,2025-01-07
CUST_04209,Alexander Parker,alexander.parker@icloud.com,865.244.4072,Clayton,AL,2024-07-21
CUST_04210,Diana Daniels,diana.daniels@aol.com,001-323-356-1446x9382,Matthews,IN,2023-10-23
CUST_04211,David Beck,david.beck@aol.com,351.294.4789x99868,Twin Falls,ID,2023-11-21
CUST_04212,Kathleen Hernandez,kathleen.hernandez@hotmail.com,(806)372-1499,Leroy,AL,2025-01-04
CUST_04213,Raven Meyer,raven.meyer@hotmail.com,+1-688-414-5162x79196,Indian Rocks Beach,FL,2026-08-22
CUST_04214,Tom Patton,tom.patton@outlook.com,+1-440-857-4995x640,Dayton,OH,2026-05-31
CUST_04215,Becky Obrien,becky.obrien@yahoo.com,723.788.7860,Marshalls Creek,PA,2023-09-11
CUST_04216,Laura Phillips,laura.phillips@hotmail.com,465.204.7318x53615,Hopkins,MN,2025-04-05
CUST_04217,Richard Moran,richard.moran@hotmail.com,9012651433,Orchard,IA,2025-03-31
CUST_04218,Wanda Warren,wanda.warren@icloud.com,001-797-241-8387x7238,Phoenix,AZ,2026-05-07
CUST_04219,Kelly Ramirez,kelly.ramirez@aol.com,(266)644-6309,Baldwin,GA,2024-09-10
CUST_04220,Angelica Carson,angelica.carson@yahoo.com,(433)497-4847x7196,Ferris,IL,2025-12-24
CUST_04221,Dwayne Bullock,dwayne.bullock@outlook.com,616-568-3838x732,New Preston Marble Dale,CT,2024-05-25
CUST_04222,Sara Davis,sara.davis@outlook.com,001-280-741-6257x245,Ponce,PR,2023-12-21
CUST_04223,Colleen West,colleen.west@gmail.com,001-471-497-2066x7895,Pierpont,SD,2024-11-09
CUST_04224,Tiffany Austin,tiffany.austin@gmail.com,001-269-477-1862,Albright,WV,2024-01-11
CUST_04225,David Newton,david.newton@icloud.com,(337)656-5238x557,Sumter,SC,2024-12-27
CUST_04226,Joshua Watson,joshua.watson@yahoo.com,+1-597-779-1389x9917,Clarksville,TN,2025-01-23
CUST_04227,Jose Ellis,jose.ellis@hotmail.com,214.821.3382,Sevier,UT,2024-07-03
CUST_04228,Michael Flores,michael.flores@gmail.com,2808587479,Pontiac,MO,2026-05-15
CUST_04229,Amy Howard,amy.howard@aol.com,4007095002,Riverside,PA,2026-04-04
CUST_04230,Margaret Webster,margaret.webster@hotmail.com,458.434.0986x45091,Chiloquin,OR,2024-05-10
CUST_04231,Janice Ortega,janice.ortega@yahoo.com,001-892-625-0404x210,Edgar,NE,2023-10-09
CUST_04232,Shannon Jones,shannon.jones@hotmail.com,+1-569-231-2650,Granville,ND,2025-10-12
CUST_04233,Michael Valentine,michael.valentine@outlook.com,347-847-0034,Pittsburgh,PA,2024-02-13
CUST_04234,Patricia Chung,patricia.chung@icloud.com,+1-951-258-9349x179,Pineola,NC,2025-12-02
CUST_04235,Emily Rodriguez,emily.rodriguez@outlook.com,001-807-227-1730x9237,Groves,TX,2026-08-06
CUST_04236,Andrea Baker,andrea.baker@aol.com,590.594.5796x998,Spur,TX,2026-07-01
CUST_04237,Krista Nguyen,krista.nguyen@outlook.com,+1-430-699-7264x894,Sebec,ME,2025-06-14
CUST_04238,Pamela Lee,pamela.lee@hotmail.com,(764)738-8241,Thornton,KY,2024-10-18
CUST_04239,Crystal Barrera,crystal.barrera@outlook.com,896-221-0519,Evansville,IN,2026-03-04
CUST_04240,Pamela Norris,pamela.norris@gmail.com,392-385-6821x606,Shirley Mills,ME,2025-06-22
CUST_04241,Vanessa Smith,vanessa.smith@hotmail.com,982-710-4956x7912,San Antonio,TX,2023-10-07
CUST_04242,Jared Howard,jared.howard@yahoo.com,+1-730-998-2954x839,Jerome,MO,2026-01-25
CUST_04243,Travis Riley,travis.riley@icloud.com,570.765.9719x945,El Monte,CA,2025-07-21
CUST_04244,Miranda Thomas,miranda.thomas@aol.com,259.691.9558x1298,Bourneville,OH,2023-12-26
CUST_04245,Dustin Durham,dustin.durham@hotmail.com,001-273-342-1448x3882,East Hartford,CT,2026-03-25
CUST_04246,David Williamson,david.williamson@yahoo.com,988-405-5017,Saint Henry,OH,2024-01-09
CUST_04247,Carol Contreras,carol.contreras@gmail.com,+1-971-480-1326,Erie,PA,2024-07-26
CUST_04248,Jennifer Elliott,jennifer.elliott@icloud.com,459.688.2152,Catawissa,MO,2026-05-15
CUST_04249,Taylor Hurst,taylor.hurst@aol.com,873-840-9179x4048,West Salisbury,PA,2024-06-01
CUST_04250,Tasha Petty,tasha.petty@gmail.com,6272886899,Mckinleyville,CA,2025-01-11
CUST_04251,Jennifer Tapia,jennifer.tapia@aol.com,471-881-9221,Antioch,CA,2024-05-06
CUST_04252,Adam Khan,adam.khan@gmail.com,001-910-956-4036x2562,Melrose,FL,2025-12-30
CUST_04253,Rebecca Peck,rebecca.peck@gmail.com,497.213.8965x3000,Birmingham,AL,2026-08-17
CUST_04254,Olivia Hall,olivia.hall@icloud.com,829.581.2461,Long Prairie,MN,2025-06-12
CUST_04255,Erica Clark,erica.clark@gmail.com,233.270.3387,Clint,TX,2026-01-05
CUST_04256,Joseph Garcia,joseph.garcia@aol.com,439.872.1554x9174,Temple Hills,MD,2026-02-07
CUST_04257,Jennifer Bates,jennifer.bates@hotmail.com,+1-936-460-1572x67477,Bustins Island,ME,2025-02-05
CUST_04258,Joseph Robles,joseph.robles@yahoo.com,(443)374-2817x72877,Harriet,AR,2025-03-17
CUST_04259,Joseph Gordon,joseph.gordon@yahoo.com,001-214-403-2073x3261,Anderson,IN,2025-06-30
CUST_04260,Kimberly Mckee,kimberly.mckee@outlook.com,7155841227,Sunnyside,UT,2026-05-02
CUST_04261,Penny Powell,penny.powell@hotmail.com,(888)540-9328,Burket,IN,2025-02-06
CUST_04262,Stephanie Cherry,stephanie.cherry@aol.com,+1-753-949-8960x566,Kingston,TN,2024-07-26
CUST_04263,James Cummings,james.cummings@hotmail.com,001-581-670-7031x572,Kremmling,CO,2025-10-22
CUST_04264,Ricky Robinson,ricky.robinson@icloud.com,(970)593-0388x0715,Colbert,WA,2025-06-18
CUST_04265,Mary George,mary.george@icloud.com,988-273-2044x83109,Littleton,IL,2024-08-25
CUST_04266,Charles Malone,charles.malone@aol.com,001-759-908-1157x52095,Princeton,NC,2024-09-10
CUST_04267,Timothy Wong,timothy.wong@hotmail.com,232.657.9807x4312,New Llano,LA,2025-03-09
CUST_04268,Amanda Jackson,amanda.jackson@aol.com,+1-906-781-5221,Lattimer Mines,PA,2025-08-14
CUST_04269,Tracy Phillips,tracy.phillips@hotmail.com,264-836-2660x9099,Denver,CO,2024-02-07
CUST_04270,Terri Reynolds,terri.reynolds@hotmail.com,(326)964-3004,Indianapolis,IN,2023-09-02
CUST_04271,Jason Long,jason.long@icloud.com,361.782.8602x39246,Imperial,NE,2025-03-28
CUST_04272,Anthony Williams,anthony.williams@outlook.com,332-777-2047x5472,Altamonte Springs,FL,2025-02-24
CUST_04273,Christian Shaw,christian.shaw@gmail.com,+1-925-524-2823x4181,Delmar,AL,2026-06-27
CUST_04274,Amy Duran,amy.duran@outlook.com,(625)507-6560x1527,Touchet,WA,2025-05-07
CUST_04275,Christopher Phillips,christopher.phillips@outlook.com,287-298-0335,New York,NY,2026-02-25
CUST_04276,Karen Martin,karen.martin@hotmail.com,+1-730-391-6734,Coupland,TX,2025-08-07
CUST_04277,Aaron Matthews,aaron.matthews@icloud.com,8455364615,Ivy,VA,2026-02-19
CUST_04278,Travis Robertson,travis.robertson@hotmail.com,+1-425-424-4666x88924,Equality,AL,2026-02-04
CUST_04279,Stephanie Nguyen,stephanie.nguyen@outlook.com,+1-620-964-7465,Clark Fork,ID,2026-08-20
CUST_04280,Cameron Hernandez,cameron.hernandez@hotmail.com,001-420-910-6875,Standish,MI,2025-05-07
CUST_04281,Kelly Parker,kelly.parker@aol.com,(879)552-9008x026,Summerfield,TX,2025-01-09
CUST_04282,Zachary Rollins,zachary.rollins@yahoo.com,+1-218-422-1553x6897,Davis,CA,2024-02-15
CUST_04283,Margaret Torres,margaret.torres@yahoo.com,001-673-302-5393x8680,Moreno Valley,CA,2026-03-29
CUST_04284,Jason Howard,jason.howard@hotmail.com,5705144560,Montezuma,NM,2024-01-04
CUST_04285,Megan Marshall,megan.marshall@icloud.com,001-230-528-0681x9307,Westport,SD,2023-10-21
CUST_04286,Michael White,michael.white@hotmail.com,(253)380-3788x2428,Whiting,IN,2024-03-22
CUST_04287,Timothy Lee,timothy.lee@gmail.com,3888769004,Sterling Forest,NY,2025-02-11
CUST_04288,Christopher Lee,christopher.lee@aol.com,280.445.4280x102,Lawai,HI,2026-01-20
CUST_04289,Tracy Gardner,tracy.gardner@gmail.com,001-641-871-8134x9609,Dequincy,LA,2024-05-28
CUST_04290,John Price,john.price@hotmail.com,793-314-2853,Alto,NM,2026-06-25
CUST_04291,Melissa Steele,melissa.steele@yahoo.com,(769)727-5882x07044,Pleasant Plain,OH,2025-10-13
CUST_04292,Nicole Smith,nicole.smith@outlook.com,4592020066,Mount Holly,NJ,2023-12-25
CUST_04293,Elizabeth Smith,elizabeth.smith@gmail.com,649.417.8373x5240,Snellville,GA,2024-09-09
CUST_04294,Gary Eaton,gary.eaton@gmail.com,459-964-2951,Boise,ID,2024-04-12
CUST_04295,Caitlin Williams,caitlin.williams@icloud.com,001-458-760-2450x742,Miami,FL,2025-03-23
CUST_04296,Rachel Wood,rachel.wood@yahoo.com,001-751-465-9755x0364,Poston,AZ,2025-07-06
CUST_04297,Shannon Davila,shannon.davila@yahoo.com,464-221-7365x013,Ada,MI,2024-08-04
CUST_04298,Philip French,philip.french@yahoo.com,(708)437-1416,Crossroads,NM,2025-10-18
CUST_04299,Michelle Rich,michelle.rich@hotmail.com,+1-430-803-9626x622,Climax,NY,2024-12-21
CUST_04300,Kendra Perry,kendra.perry@hotmail.com,648-460-3957x899,San Francisco,CA,2025-11-10
CUST_04301,Betty Washington,betty.washington@outlook.com,+1-774-765-0866x388,Marion,MT,2025-12-26
CUST_04302,Amanda Snyder,amanda.snyder@icloud.com,+1-720-722-9831,Harrison,AR,2025-04-02
CUST_04303,Matthew Wilson,matthew.wilson@hotmail.com,+1-560-938-6417,Orlando,FL,2026-01-06
CUST_04304,Carl Goodman,carl.goodman@hotmail.com,390.809.8015x8397,Waterford,MS,2025-08-09
CUST_04305,Joshua Wells,joshua.wells@aol.com,001-843-633-0283x06743,Easton,TX,2024-11-17
CUST_04306,Susan Harding,susan.harding@hotmail.com,+1-315-948-8920,Washington,DC,2025-04-16
CUST_04307,Jeffery Wilson,jeffery.wilson@aol.com,+1-263-408-0773x87454,El Paso,TX,2023-10-25
CUST_04308,Patrick Miller,patrick.miller@yahoo.com,678.599.5027x5596,Flat Rock,MI,2026-05-09
CUST_04309,Rachel Fry,rachel.fry@aol.com,554-715-9693,San Juan,PR,2023-10-15
CUST_04310,Michelle Knight,michelle.knight@outlook.com,991.861.7916x16657,Sarver,PA,2023-09-12
CUST_04311,Stacey Johnson,stacey.johnson@outlook.com,618-831-6297,Huntington Beach,CA,2026-04-21
CUST_04312,Danielle Fischer,danielle.fischer@icloud.com,+1-687-408-1414,Boston,MA,2024-05-24
CUST_04313,Abigail Ramos,abigail.ramos@yahoo.com,8967662969,Madison,IL,2024-11-11
CUST_04314,Diana Walls,diana.walls@gmail.com,915-603-9093,Dillard,GA,2026-02-26
CUST_04315,Tina Campbell,tina.campbell@outlook.com,5137886399,Alton,NH,2025-09-09
CUST_04316,Angela Garcia,angela.garcia@hotmail.com,+1-970-937-1763x2439,Hermitage,AR,2025-06-28
CUST_04317,Anthony Patel,anthony.patel@icloud.com,987-333-9802,Paris,VA,2023-10-03
CUST_04318,Richard Garcia,richard.garcia@outlook.com,7684101371,Addison,PA,2025-03-02
CUST_04319,Paul Smith,paul.smith@outlook.com,(566)673-8047x632,Lorton,VA,2025-12-28
CUST_04320,Suzanne Rubio,suzanne.rubio@icloud.com,(398)643-2197,Zanesville,IN,2025-07-23
CUST_04321,Christine Mcdonald,christine.mcdonald@hotmail.com,+1-230-221-4252,Madison,WI,2023-12-10
CUST_04322,Sandra Scott,sandra.scott@yahoo.com,827-371-8080,Biggsville,IL,2023-10-08
CUST_04323,Tammie Nguyen,tammie.nguyen@hotmail.com,961-897-5243x553,Jackson,MS,2026-05-11
CUST_04324,David Choi,david.choi@hotmail.com,001-963-355-3818x820,Port Arthur,TX,2026-05-08
CUST_04325,Ryan Galvan,ryan.galvan@icloud.com,(394)814-5090x00539,O Brien,OR,2025-08-17
CUST_04326,Katherine Cameron,katherine.cameron@outlook.com,(435)971-3372x8851,Lanoka Harbor,NJ,2025-07-26
CUST_04327,Catherine Gallagher,catherine.gallagher@yahoo.com,987-208-8531,Cincinnati,OH,2026-01-06
CUST_04328,Gary Smith,gary.smith@gmail.com,001-549-525-9856,Pittsburgh,PA,2025-01-19
CUST_04329,Isabella Knight,isabella.knight@outlook.com,392-781-2972x02079,Pulaski,NY,2025-02-26
CUST_04330,Brianna Williams,brianna.williams@gmail.com,001-976-614-6946x219,Monroe,WI,2026-01-25
CUST_04331,Holly Tate,holly.tate@outlook.com,001-507-227-3313x42950,Midland,MI,2025-11-04
CUST_04332,Stacey Myers,stacey.myers@outlook.com,353-603-9894x564,Ellsworth,PA,2025-08-26
CUST_04333,Aaron Dean,aaron.dean@icloud.com,803-671-8212x96859,Middletown,PA,2025-07-09
CUST_04334,Jeffrey Adams,jeffrey.adams@hotmail.com,001-321-458-8331x994,Bartelso,IL,2025-06-16
CUST_04335,Janet Brewer,janet.brewer@icloud.com,267-314-1155x9711,District Heights,MD,2026-08-12
CUST_04336,Roberto Ryan,roberto.ryan@yahoo.com,+1-439-847-5751x270,Park Ridge,IL,2025-02-19
CUST_04337,Abigail Aguilar,abigail.aguilar@aol.com,306-741-4011x6049,Crosbyton,TX,2024-05-22
CUST_04338,Andrea Reeves,andrea.reeves@yahoo.com,683.305.2499x3394,West Liberty,IL,2024-11-12
CUST_04339,Meredith Jones,meredith.jones@gmail.com,+1-444-577-6499,Riverview,FL,2024-11-28
CUST_04340,Richard King,richard.king@hotmail.com,001-429-533-6699x80807,Newbury,VT,2026-05-08
CUST_04341,Mary Mays,mary.mays@hotmail.com,+1-273-834-8123x4518,Dpo,AE,2025-06-05
CUST_04342,Sarah Gilmore,sarah.gilmore@hotmail.com,2776514029,Tecumseh,OK,2025-07-27
CUST_04343,Timothy Mcdonald,timothy.mcdonald@aol.com,747-443-4968x14959,Elwood,KS,2026-07-30
CUST_04344,Matthew Webster,matthew.webster@aol.com,001-881-715-4618x449,Bishop,VA,2025-06-27
CUST_04345,Jessica Wagner,jessica.wagner@yahoo.com,526.335.6452x39664,Trinidad,CO,2023-09-04
CUST_04346,Sarah Gates,sarah.gates@hotmail.com,7659066494,Capulin,NM,2026-05-23
CUST_04347,Abigail Harris,abigail.harris@hotmail.com,001-615-346-7969,Crystal River,FL,2025-05-06
CUST_04348,Jay Brown,jay.brown@aol.com,285-875-7761x921,Slade,KY,2024-09-18
CUST_04349,Seth Thomas,seth.thomas@gmail.com,+1-987-375-4480,Brownstown,PA,2025-05-14
CUST_04350,Elizabeth Tran,elizabeth.tran@outlook.com,320.650.3103x41707,Seligman,MO,2026-04-26
CUST_04351,Tiffany Hamilton,tiffany.hamilton@gmail.com,907-265-7384,Mizpah,MN,2026-06-07
CUST_04352,Jeffrey Kerr,jeffrey.kerr@yahoo.com,476-772-4874,Whittier,CA,2024-07-25
CUST_04353,Elizabeth Peterson,elizabeth.peterson@gmail.com,001-510-426-3869x69727,Willis,TX,2024-09-23
CUST_04354,Emily Wallace,emily.wallace@hotmail.com,291.699.3705,Apache,OK,2025-10-26
CUST_04355,Tara Moreno,tara.moreno@icloud.com,+1-492-894-5207,Carson City,NV,2026-02-17
CUST_04356,Justin Norman,justin.norman@aol.com,+1-481-647-9447x66523,Funk,NE,2024-09-18
CUST_04357,Collin Kennedy,collin.kennedy@hotmail.com,(775)306-3328,Williamson,IA,2026-08-19
CUST_04358,Brittney Edwards,brittney.edwards@hotmail.com,001-602-621-1406,Hico,WV,2025-10-20
CUST_04359,Joseph Marquez,joseph.marquez@gmail.com,996.375.4201x3316,Santa Clara,CA,2024-11-08
CUST_04360,David Nelson,david.nelson@icloud.com,(632)366-6043,Burbank,CA,2024-10-28
CUST_04361,Whitney Quinn,whitney.quinn@gmail.com,(652)974-2554x0937,Colbert,WA,2026-07-08
CUST_04362,Stephanie Charles,stephanie.charles@outlook.com,001-999-381-9095,Apo,AE,2025-08-02
CUST_04363,William Terrell,william.terrell@outlook.com,+1-751-990-2187x088,Truesdale,MO,2026-03-19
CUST_04364,Marcus Kelly,marcus.kelly@gmail.com,(533)829-0585x913,Hortense,GA,2024-10-18
CUST_04365,Ashley Allen,ashley.allen@outlook.com,637.547.0181x73270,Exeter,NE,2026-02-18
CUST_04366,Heather Lucas,heather.lucas@outlook.com,686-235-8111,Andover,VA,2025-07-17
CUST_04367,Keith Nicholson,keith.nicholson@aol.com,+1-247-366-6232,San Juan,PR,2024-05-03
CUST_04368,Johnny Giles,johnny.giles@gmail.com,838.253.0895x730,Cleveland,OH,2025-01-13
CUST_04369,Matthew Berry,matthew.berry@icloud.com,4507292649,Houston,TX,2024-06-02
CUST_04370,Joanna Gallagher,joanna.gallagher@aol.com,001-365-446-5255x555,Salvisa,KY,2024-06-21
CUST_04371,Andrew Mcdonald,andrew.mcdonald@gmail.com,+1-908-346-9528x673,Frenchburg,KY,2024-03-02
CUST_04372,Russell Smith,russell.smith@hotmail.com,693.361.6824x6806,Walnut Hill,IL,2026-05-05
CUST_04373,Debbie Craig,debbie.craig@icloud.com,001-491-529-6481x4333,Santa Clarita,CA,2024-02-04
CUST_04374,Daniel Cruz,daniel.cruz@aol.com,6369060592,Oxnard,CA,2025-02-03
CUST_04375,Elizabeth Rodgers,elizabeth.rodgers@outlook.com,+1-820-593-8145x620,Amarillo,TX,2026-05-04
CUST_04376,Jesse Tyler,jesse.tyler@aol.com,371-489-1216x4809,Smicksburg,PA,2024-03-22
CUST_04377,Michael Davis,michael.davis@icloud.com,348-800-7085x761,Portsmouth,OH,2024-06-07
CUST_04378,Jenna Castro,jenna.castro@icloud.com,+1-861-816-5704x651,Port Washington,NY,2023-10-12
CUST_04379,Anthony Singleton,anthony.singleton@hotmail.com,8475644241,Waukena,CA,2024-01-29
CUST_04380,Tracy Rodriguez,tracy.rodriguez@hotmail.com,388-680-3621,Hudson,NY,2024-02-20
CUST_04381,Darin Grant,darin.grant@outlook.com,939.772.1570,Oakland,FL,2025-03-20
CUST_04382,Rachel Hansen,rachel.hansen@outlook.com,727.703.0851,Thiells,NY,2023-12-29
CUST_04383,Lynn Wang,lynn.wang@aol.com,789-455-4285x72066,Twin Falls,ID,2025-06-18
CUST_04384,Jacob Smith,jacob.smith@icloud.com,001-438-927-5617x7874,Harbert,MI,2026-01-15
CUST_04385,Ronald Fuller,ronald.fuller@gmail.com,+1-270-613-0602x44107,Springfield Gardens,NY,2026-07-15
CUST_04386,Ana Weiss,ana.weiss@yahoo.com,(633)747-3208x93287,Wallowa,OR,2024-06-06
CUST_04387,Michael Taylor,michael.taylor@yahoo.com,356.571.5715x4179,Berlin Center,OH,2025-10-12
CUST_04388,Matthew Wright,matthew.wright@yahoo.com,4909301430,Plainfield,IA,2024-01-27
CUST_04389,Kenneth Parsons,kenneth.parsons@hotmail.com,(487)782-5406x9367,Magee,MS,2026-07-12
CUST_04390,Jennifer Johnson,jennifer.johnson@outlook.com,(626)779-5383x49317,New Orleans,LA,2025-09-17
CUST_04391,Cody Yu,cody.yu@gmail.com,500.253.5074x876,Irvine,CA,2024-06-24
CUST_04392,Terry Stevenson,terry.stevenson@outlook.com,(486)386-3848,Calumet,IA,2026-06-25
CUST_04393,Phyllis Smith,phyllis.smith@yahoo.com,001-880-367-7735x8494,Belleville,NY,2025-11-03
CUST_04394,Alicia Williamson,alicia.williamson@hotmail.com,220-918-7014,Caballo,NM,2023-09-20
CUST_04395,Christopher Cross,christopher.cross@aol.com,499-299-1655x508,New Meadows,ID,2023-10-30
CUST_04396,Carmen Bridges,carmen.bridges@icloud.com,(729)772-2053x448,Manitowish Waters,WI,2023-09-11
CUST_04397,Jeffrey Mayo,jeffrey.mayo@gmail.com,+1-833-241-1897x501,Demopolis,AL,2024-06-11
CUST_04398,Todd Krueger,todd.krueger@gmail.com,(786)928-2695x348,Olanta,PA,2024-08-23
CUST_04399,Mike Benson,mike.benson@gmail.com,+1-570-297-0102x31678,Valley Center,CA,2025-04-05
CUST_04400,Jared Barron,jared.barron@hotmail.com,925-242-7570x89025,West Minot,ME,2025-08-08
CUST_04401,Laurie Barajas,laurie.barajas@yahoo.com,+1-800-589-6842x4312,Hallam,NE,2025-04-04
CUST_04402,Donna Barnes,donna.barnes@gmail.com,848.639.2530,Irvine,KY,2025-05-13
CUST_04403,Christopher Perez,christopher.perez@icloud.com,+1-351-892-8448,Los Angeles,CA,2024-02-05
CUST_04404,Courtney Todd,courtney.todd@hotmail.com,230-646-0070x087,Mantachie,MS,2024-12-16
CUST_04405,Brian Price,brian.price@icloud.com,(962)986-5202,Brinkley,AR,2024-07-18
CUST_04406,Melanie Campbell,melanie.campbell@aol.com,325.931.0695,Plainview,NY,2024-07-14
CUST_04407,Christina Miller,christina.miller@hotmail.com,250.627.8870,Rockmart,GA,2024-12-19
CUST_04408,Mathew Blake,mathew.blake@gmail.com,395-838-0201,White Hall,MD,2024-11-05
CUST_04409,Marie Shepherd,marie.shepherd@hotmail.com,4727536469,Topsfield,ME,2023-12-06
CUST_04410,Matthew Jordan,matthew.jordan@aol.com,406-460-0616,Big Island,VA,2025-01-27
CUST_04411,Heather Boone,heather.boone@outlook.com,001-891-656-2035x5988,Carlyle,IL,2023-10-29
CUST_04412,Alan James,alan.james@yahoo.com,362.847.9420x1356,Albany,OR,2024-02-23
CUST_04413,Jay Ray,jay.ray@outlook.com,+1-247-884-9312,Lanse,MI,2025-08-30
CUST_04414,Daniel Watkins,daniel.watkins@aol.com,+1-603-643-2977x847,Elton,PA,2025-04-08
CUST_04415,Amber Fields,amber.fields@gmail.com,001-657-979-3181,Sacramento,CA,2026-05-02
CUST_04416,Jeanne Walker,jeanne.walker@yahoo.com,654.585.1615x1748,Charleston,WV,2024-04-28
CUST_04417,Brooke Leon,brooke.leon@outlook.com,+1-566-878-8087x9358,Fenton,IA,2025-04-20
CUST_04418,Christine Landry,christine.landry@hotmail.com,+1-922-469-3385x29904,Jewell,IA,2024-05-09
CUST_04419,Sara Contreras,sara.contreras@aol.com,803.580.5581x818,Dayton,OH,2024-05-16
CUST_04420,John Cox,john.cox@aol.com,+1-682-496-8031x870,Eastport,NY,2025-09-08
CUST_04421,Andrea Jimenez,andrea.jimenez@icloud.com,001-918-744-0619,Cohoctah,MI,2024-09-08
CUST_04422,Rachel Stokes,rachel.stokes@aol.com,001-712-514-6199x1585,Radnor,OH,2024-08-28
CUST_04423,Joseph Tran,joseph.tran@outlook.com,+1-696-275-0324x24092,Hollis Center,ME,2025-02-04
CUST_04424,Brian Gray,brian.gray@hotmail.com,5177601191,Bidwell,OH,2025-02-26
CUST_04425,Todd Eaton,todd.eaton@icloud.com,919-786-3565x634,Seattle,WA,2026-05-25
CUST_04426,Tracey Rose,tracey.rose@aol.com,+1-208-312-4482x4173,Santa Fe,NM,2024-12-03
CUST_04427,David Hardy,david.hardy@icloud.com,(321)474-9893,Kinston,NC,2024-08-21
CUST_04428,Stephanie Day,stephanie.day@icloud.com,(845)674-8916x01329,Thousand Oaks,CA,2026-01-12
CUST_04429,Teresa Meyers,teresa.meyers@aol.com,594.999.9680,Milford,NE,2024-10-11
CUST_04430,Steven Martinez,steven.martinez@icloud.com,001-592-544-1064x15331,Bradford,RI,2024-05-09
CUST_04431,Lisa Perez,lisa.perez@aol.com,001-644-363-1054x07810,Virgie,KY,2024-07-06
CUST_04432,Laura Duke,laura.duke@yahoo.com,847-679-1635x8526,Fresno,CA,2024-01-30
CUST_04433,Christopher Shaw,christopher.shaw@icloud.com,2236267876,Falmouth,ME,2025-07-26
CUST_04434,Karen Sanders,karen.sanders@hotmail.com,(388)922-6360,Hadlyme,CT,2025-02-24
CUST_04435,Jesse Ballard,jesse.ballard@outlook.com,+1-330-293-1716x52812,Caldwell,OH,2025-07-08
CUST_04436,Randy Paul,randy.paul@gmail.com,001-428-483-8963,Mobile,AL,2023-10-07
CUST_04437,Mark Hardin,mark.hardin@yahoo.com,001-272-774-9470x32729,New Salisbury,IN,2024-02-02
CUST_04438,David Odonnell,david.odonnell@icloud.com,683-321-5410x966,Braddock,PA,2025-01-12
CUST_04439,Danielle Browning,danielle.browning@icloud.com,(548)609-9499,Concord,CA,2023-11-03
CUST_04440,Hector Keller,hector.keller@yahoo.com,(486)649-5272,Mechanicsville,VA,2025-07-22
CUST_04441,Kathleen Brown,kathleen.brown@yahoo.com,(844)222-5434x103,Salt Lake City,UT,2024-11-03
CUST_04442,Kathryn Leblanc,kathryn.leblanc@hotmail.com,(367)763-8655,Broaddus,TX,2024-11-21
CUST_04443,Adam Tucker,adam.tucker@outlook.com,001-840-414-1254x1733,Olema,CA,2025-05-03
CUST_04444,Kenneth Wood,kenneth.wood@aol.com,950-764-2131,Pittsburgh,PA,2024-09-24
CUST_04445,Haley Oliver,haley.oliver@gmail.com,664.841.2025,Stockett,MT,2023-11-21
CUST_04446,Debra Sullivan,debra.sullivan@aol.com,530-872-1490x502,Geneva,IL,2024-10-03
CUST_04447,Scott Chavez,scott.chavez@aol.com,2619108900,Johnstown,PA,2025-11-11
CUST_04448,Victoria Meyer,victoria.meyer@aol.com,3936091837,Trenton,NJ,2024-02-28
CUST_04449,Gina Moore,gina.moore@gmail.com,850-927-5866x11447,Seattle,WA,2026-08-06
CUST_04450,Edward Edwards,edward.edwards@icloud.com,001-402-278-1081,Brush Prairie,WA,2024-11-15
CUST_04451,Samantha Garcia,samantha.garcia@outlook.com,783-994-9324x0003,Warwick,NY,2026-06-03
CUST_04452,James Gordon,james.gordon@yahoo.com,694.456.2740,Afton,WY,2024-12-24
CUST_04453,Jack Todd,jack.todd@hotmail.com,(581)279-5128,Westminster,CA,2025-08-03
CUST_04454,Carrie Riley,carrie.riley@hotmail.com,904-552-7002x36228,North Pownal,VT,2026-02-06
CUST_04455,David Powell,david.powell@hotmail.com,+1-413-320-0177x402,North San Juan,CA,2025-08-15
CUST_04456,Kevin Dunn,kevin.dunn@outlook.com,869.732.2490x8023,Hewitt,TX,2024-12-19
CUST_04457,Richard Phelps,richard.phelps@yahoo.com,7639898432,Denver,CO,2024-07-03
CUST_04458,Tina Murray,tina.murray@gmail.com,408-595-2780,Poughkeepsie,AR,2025-05-29
CUST_04459,Whitney Price,whitney.price@gmail.com,637-570-2063x35979,Oconto,NE,2024-09-01
CUST_04460,Kimberly Clark,kimberly.clark@outlook.com,(564)479-9216x22006,Cresbard,SD,2025-06-04
CUST_04461,Samuel Watson,samuel.watson@outlook.com,(795)520-5721x6713,Malmo,NE,2025-02-16
CUST_04462,Michelle Morales,michelle.morales@yahoo.com,(915)953-1012x204,Sacramento,CA,2024-06-16
CUST_04463,Francisco Diaz,francisco.diaz@aol.com,(774)959-5537x811,Columbia,TN,2023-11-10
CUST_04464,Daniel Williams,daniel.williams@gmail.com,(261)413-5530,Worthville,KY,2024-05-22
CUST_04465,Jessica Martinez,jessica.martinez@aol.com,(753)707-1759,Versailles,NY,2024-11-03
CUST_04466,Beverly Salazar,beverly.salazar@yahoo.com,(577)994-3738x595,Knoxville,TN,2026-06-30
CUST_04467,Kaitlyn Klein,kaitlyn.klein@yahoo.com,001-590-814-5483,Oklahoma City,OK,2024-09-14
CUST_04468,Steven Santos,steven.santos@outlook.com,498-982-1932,Tonopah,NV,2026-05-12
CUST_04469,Nicole Garcia,nicole.garcia@aol.com,001-737-660-7473x6189,Valley Center,CA,2026-05-10
CUST_04470,Christopher Smith,christopher.smith@outlook.com,234-640-4058x777,Clarkrange,TN,2024-07-04
CUST_04471,Christopher Marquez,christopher.marquez@hotmail.com,(893)687-3996x213,Coeymans,NY,2024-03-03
CUST_04472,Amanda Cantrell,amanda.cantrell@outlook.com,447-403-1509,Bear Creek,AL,2025-08-14
CUST_04473,Joseph Beard,joseph.beard@yahoo.com,001-246-894-5345x52515,Kalamazoo,MI,2024-06-09
CUST_04474,Bradley Edwards,bradley.edwards@yahoo.com,001-311-318-2483x9912,Flint,MI,2024-10-28
CUST_04475,Felicia Simpson,felicia.simpson@yahoo.com,2847248886,Des Moines,IA,2025-12-19
CUST_04476,Matthew Elliott,matthew.elliott@gmail.com,3609507464,Downsville,NY,2026-06-21
CUST_04477,Claudia Cannon,claudia.cannon@gmail.com,+1-878-682-4028,Pendleton,IN,2023-10-28
CUST_04478,Noah Holloway,noah.holloway@yahoo.com,001-454-966-6962,Hills,IA,2023-12-10
CUST_04479,Kenneth Peterson,kenneth.peterson@gmail.com,2313993241,Charleston,WV,2024-01-20
CUST_04480,Shelby Clayton,shelby.clayton@outlook.com,(264)322-9173,White City,OR,2024-09-14
CUST_04481,Steven Sanders,steven.sanders@hotmail.com,+1-966-963-8460,Newport News,VA,2024-03-08
CUST_04482,Diana Gonzalez,diana.gonzalez@aol.com,761.526.1535x63748,Avondale,CO,2025-08-08
CUST_04483,Alexis Johnson,alexis.johnson@outlook.com,4398891550,Buckskin,IN,2025-08-09
CUST_04484,Stephanie Gonzalez,stephanie.gonzalez@hotmail.com,+1-676-931-8980,Big Sky,MT,2025-07-02
CUST_04485,Matthew Thomas,matthew.thomas@outlook.com,(734)890-2930x869,Rock Creek,WV,2026-05-29
CUST_04486,Michael Simpson,michael.simpson@icloud.com,593.513.0618x772,Balta,ND,2025-12-01
CUST_04487,Barbara Weaver,barbara.weaver@icloud.com,6067485971,Denver,PA,2026-01-14
CUST_04488,Cynthia Torres,cynthia.torres@yahoo.com,+1-443-686-3545x713,Richards,MO,2023-11-11
CUST_04489,Darlene Gutierrez,darlene.gutierrez@yahoo.com,672.402.9200x999,Houston,TX,2025-01-22
CUST_04490,Peggy Robles,peggy.robles@yahoo.com,385.657.2971,Jackson,MS,2025-12-28
CUST_04491,Alex Gray,alex.gray@yahoo.com,861.634.6299x9493,Mill Spring,MO,2024-06-11
CUST_04492,Joanne Cardenas,joanne.cardenas@icloud.com,814.577.4033x42590,Woodhaven,NY,2025-04-19
CUST_04493,Anthony Williams,anthony.williams@aol.com,+1-434-822-7821x85383,Beaver,UT,2025-04-22
CUST_04494,Renee Ball,renee.ball@outlook.com,579-765-9391x9410,Mission,TX,2024-10-18
CUST_04495,Vanessa Martinez,vanessa.martinez@outlook.com,001-650-588-3642x43549,Cunningham,TN,2026-05-01
CUST_04496,Linda Anderson,linda.anderson@yahoo.com,970-502-8372x588,Monarch,MT,2025-09-26
CUST_04497,Daniel Miller,daniel.miller@yahoo.com,957.224.1654,Elgin,TN,2024-08-01
CUST_04498,Brittany Snyder,brittany.snyder@aol.com,(776)643-9451x29719,Rockford,IL,2025-12-26
CUST_04499,James Sims,james.sims@gmail.com,997.490.6014x903,La Crosse,VA,2025-09-15
CUST_04500,Steven Key,steven.key@hotmail.com,788-860-9445,Princeton,IA,2026-05-27
CUST_04501,Angel Curtis,angel.curtis@icloud.com,+1-297-992-3205x579,Sidney,MI,2026-01-20
CUST_04502,Charles Wilson,charles.wilson@aol.com,+1-414-921-1425x5036,Lynch,KY,2024-02-26
CUST_04503,Alyssa Nolan,alyssa.nolan@yahoo.com,001-276-411-8975x022,Mullen,NE,2026-02-20
CUST_04504,Jonathan Fletcher,jonathan.fletcher@gmail.com,+1-324-750-8591x9692,Essex,MD,2023-12-30
CUST_04505,Gregory Morris,gregory.morris@yahoo.com,211-518-5442,Baton Rouge,LA,2024-02-13
CUST_04506,Taylor Richardson,taylor.richardson@aol.com,304.799.3310x2055,Red Oak,OK,2025-06-15
CUST_04507,Adam Vazquez,adam.vazquez@aol.com,(334)272-2746x09476,White Sulphur Springs,NY,2025-02-04
CUST_04508,George Turner,george.turner@icloud.com,(308)645-0621x89175,Easton,MD,2024-02-18
CUST_04509,Martha Lopez,martha.lopez@aol.com,973-269-1994x10786,Endicott,NY,2024-06-19
CUST_04510,Marissa Peters,marissa.peters@gmail.com,525.926.1770,Arkport,NY,2025-01-07
CUST_04511,Margaret Smith,margaret.smith@gmail.com,+1-259-480-2642x56533,Browntown,WI,2025-05-27
CUST_04512,Melissa Howe,melissa.howe@outlook.com,(822)555-9749x8823,Dryden,MI,2023-10-11
CUST_04513,Joshua Harmon,joshua.harmon@aol.com,+1-265-944-2874x33219,Ina,IL,2025-04-12
CUST_04514,Johnathan Roman,johnathan.roman@hotmail.com,001-840-767-9525,Peoria,IL,2026-02-24
CUST_04515,Nicholas Walker,nicholas.walker@aol.com,(974)236-2972,Cedar Grove,WI,2024-07-30
CUST_04516,Joshua Montgomery,joshua.montgomery@aol.com,001-304-380-8330x4547,Burkes Garden,VA,2025-12-05
CUST_04517,Jacob Patterson,jacob.patterson@gmail.com,5712945642,Kingsport,TN,2025-07-16
CUST_04518,Samantha Carter,samantha.carter@aol.com,695.962.4884,Fredericksburg,VA,2025-06-01
CUST_04519,Roger Bennett,roger.bennett@hotmail.com,414-922-5937x709,Van Meter,IA,2025-04-21
CUST_04520,Desiree Monroe,desiree.monroe@icloud.com,681.942.7334x77941,Philadelphia,PA,2026-01-29
CUST_04521,Sherry Flynn,sherry.flynn@yahoo.com,976-511-9179x75456,High Bridge,WI,2025-03-04
CUST_04522,Kathy Foley,kathy.foley@yahoo.com,(284)703-0425,Lynchburg,VA,2025-09-03
CUST_04523,Eric Steele,eric.steele@aol.com,+1-806-981-5242x6349,Edwardsport,IN,2026-08-20
CUST_04524,Brandon Morgan,brandon.morgan@icloud.com,(754)708-5307,Kelso,WA,2023-10-28
CUST_04525,Curtis Larson,curtis.larson@hotmail.com,+1-689-489-8936x447,Traverse City,MI,2025-11-01
CUST_04526,Charles Webb,charles.webb@outlook.com,4169942746,Bryan,TX,2025-02-01
CUST_04527,Leah Simpson,leah.simpson@outlook.com,001-300-910-7910x68738,Orange,TX,2025-11-19
CUST_04528,Nancy Coleman,nancy.coleman@icloud.com,417.851.5796,Wyckoff,NJ,2026-03-06
CUST_04529,Linda Buckley,linda.buckley@aol.com,+1-506-215-9899,Rockledge,GA,2025-11-23
CUST_04530,Xavier Davis,xavier.davis@icloud.com,751-591-0591,La Crosse,VA,2025-04-03
CUST_04531,Brittany Golden,brittany.golden@aol.com,001-853-287-1421,Rock City,IL,2025-01-11
CUST_04532,Allison Gonzalez,allison.gonzalez@gmail.com,001-660-871-8377,Weatherly,PA,2025-05-04
CUST_04533,James Stone,james.stone@icloud.com,6782945129,Livonia,LA,2024-03-25
CUST_04534,Jeffrey Gray,jeffrey.gray@hotmail.com,(368)817-5718,Beeville,TX,2025-04-21
CUST_04535,Jasmine Morales,jasmine.morales@gmail.com,+1-441-360-4170x4520,Victoria,KS,2024-02-01
CUST_04536,Nicolas Hill,nicolas.hill@icloud.com,734-511-2645x3916,Mounds,OK,2025-12-22
CUST_04537,Raven Conley,raven.conley@gmail.com,001-288-734-8497x723,Farmville,NC,2026-04-12
CUST_04538,Patricia Yoder,patricia.yoder@hotmail.com,736-324-0830x6836,Kerrick,MN,2025-01-23
CUST_04539,Zoe Brown,zoe.brown@yahoo.com,001-960-978-3128x048,Wilmot,AR,2025-10-11
CUST_04540,Samantha Braun,samantha.braun@icloud.com,4692218820,Albany,NY,2026-02-14
CUST_04541,Michael Hahn,michael.hahn@hotmail.com,480-561-8205x855,Elburn,IL,2026-07-27
CUST_04542,Andrew Owen,andrew.owen@outlook.com,603.958.4899x91030,Chilo,OH,2025-02-01
CUST_04543,Allison Chase,allison.chase@aol.com,(470)469-3552x3826,Washington,DC,2026-08-27
CUST_04544,Shane Jones,shane.jones@hotmail.com,(868)502-7950x4341,Katonah,NY,2026-01-11
CUST_04545,Jennifer Austin,jennifer.austin@hotmail.com,458-630-8386x59505,Apo,AE,2025-05-02
CUST_04546,Andrew Smith,andrew.smith@aol.com,4445377470,Junction City,KY,2024-10-28
CUST_04547,Tyler Black,tyler.black@icloud.com,684.757.1268x640,Coosada,AL,2025-03-18
CUST_04548,Diane Williams,diane.williams@hotmail.com,6907906626,Almond,NC,2024-01-24
CUST_04549,Jade Jones,jade.jones@aol.com,001-274-898-3071,San Diego,CA,2026-02-28
CUST_04550,Michelle Garcia,michelle.garcia@hotmail.com,+1-964-415-5021x433,Marshfield,WI,2026-06-29
CUST_04551,Stacy Wade,stacy.wade@outlook.com,556.771.4417x8347,Chilo,OH,2026-04-04
CUST_04552,Sarah Steele,sarah.steele@gmail.com,+1-689-732-6299,Frametown,WV,2024-04-01
CUST_04553,Christopher Neal,christopher.neal@aol.com,(324)831-5295x68888,Las Vegas,NV,2025-12-05
CUST_04554,Brandon Rivas,brandon.rivas@aol.com,+1-859-745-3012x536,Capon Bridge,WV,2025-01-18
CUST_04555,Rachel Pierce,rachel.pierce@aol.com,589-582-5644x02252,Kasbeer,IL,2024-01-11
CUST_04556,Stephanie Garrison,stephanie.garrison@hotmail.com,+1-598-451-3861x6719,Flushing,NY,2024-10-09
CUST_04557,Theresa Thomas,theresa.thomas@yahoo.com,001-977-627-8557x09720,Richview,IL,2026-03-25
CUST_04558,Daniel Williams,daniel.williams@outlook.com,(692)983-2202x37757,Lake Panasoffkee,FL,2024-06-27
CUST_04559,Charles Jenkins,charles.jenkins@hotmail.com,450-971-9203x026,Marlboro,VT,2024-01-03
CUST_04560,Todd Carter,todd.carter@outlook.com,(540)958-8934x84275,Mark Center,OH,2024-05-14
CUST_04561,Joshua Martinez,joshua.martinez@outlook.com,(262)959-7325,Montgomery,IL,2026-07-18
CUST_04562,Claire Simmons,claire.simmons@hotmail.com,001-557-546-0019x5369,Geneva,IN,2024-09-13
CUST_04563,Gary Pena,gary.pena@yahoo.com,001-392-340-0344,New Windsor,IL,2024-05-22
CUST_04564,Brenda King,brenda.king@icloud.com,+1-875-716-3904x1867,Underwood,ND,2026-05-10
CUST_04565,Paul Barnes,paul.barnes@outlook.com,909-550-7230x82033,Curllsville,PA,2026-03-12
CUST_04566,Amanda Garcia,amanda.garcia@hotmail.com,001-928-529-8729x7092,Silverdale,WA,2024-06-15
CUST_04567,Scott Pacheco,scott.pacheco@hotmail.com,372-445-8824x94502,Cincinnati,OH,2024-08-31
CUST_04568,Alexis Gibbs,alexis.gibbs@yahoo.com,(494)600-1259x1840,Whitingham,VT,2024-05-11
CUST_04569,Timothy Gray,timothy.gray@gmail.com,886.241.1925,Rising City,NE,2023-11-17
CUST_04570,Tammy Gonzalez,tammy.gonzalez@aol.com,+1-522-758-8755,Coolspring,PA,2026-01-18
CUST_04571,Stacey Snyder,stacey.snyder@icloud.com,+1-378-669-1826x14950,Woodward,IA,2024-03-30
CUST_04572,Kimberly Flores,kimberly.flores@aol.com,+1-904-360-1607x1382,Warren,RI,2025-04-10
CUST_04573,Justin Hughes,justin.hughes@outlook.com,4632909344,Minneapolis,MN,2025-10-17
CUST_04574,Melissa Hood,melissa.hood@outlook.com,001-392-397-1697,Knox City,TX,2025-07-20
CUST_04575,Carla Ho,carla.ho@icloud.com,369.329.5683,Alamo,NV,2025-04-03
CUST_04576,Wendy Daniel,wendy.daniel@outlook.com,+1-977-355-8601x286,Bridgewater,SD,2024-02-24
CUST_04577,Angela Stone,angela.stone@yahoo.com,9302863368,Modesto,CA,2025-05-18
CUST_04578,Mary Robertson,mary.robertson@yahoo.com,001-585-848-9666,Duluth,GA,2023-10-02
CUST_04579,Rebecca Nguyen,rebecca.nguyen@aol.com,459-900-2625x25065,Orange,CA,2026-04-22
CUST_04580,Carlos Kline,carlos.kline@icloud.com,+1-939-365-4993x0972,Olcott,NY,2026-06-28
CUST_04581,Donald Harper,donald.harper@yahoo.com,380.303.8891x7279,Somerset,PA,2026-08-21
CUST_04582,Michelle Kane,michelle.kane@aol.com,697.524.0460x953,Covington,KY,2024-01-13
CUST_04583,David Hendrix,david.hendrix@outlook.com,334-787-4097,Mooresville,AL,2025-08-31
CUST_04584,Todd Daniels,todd.daniels@gmail.com,001-641-238-7182,Sheffield,PA,2024-10-15
CUST_04585,Anthony Mitchell,anthony.mitchell@aol.com,001-423-915-9118x4565,Bloomington,IN,2023-10-11
CUST_04586,Erica Brooks,erica.brooks@gmail.com,001-803-410-6934x3545,Barnet,VT,2024-04-01
CUST_04587,Sarah Blair,sarah.blair@gmail.com,270.952.2567x5462,Milwaukee,WI,2026-05-12
CUST_04588,Brittany Gray,brittany.gray@aol.com,829-415-7501x09725,Albany,IN,2024-04-05
CUST_04589,Danielle Smith,danielle.smith@icloud.com,(596)396-8686,Gilmer,TX,2026-03-30
CUST_04590,David Benitez,david.benitez@outlook.com,001-349-618-4652x389,Noonan,ND,2024-09-06
CUST_04591,Rickey Armstrong,rickey.armstrong@icloud.com,881.897.1065x8386,Forestville,NY,2026-01-22
CUST_04592,Carl Clark,carl.clark@icloud.com,001-752-883-4205x677,Bainbridge,OH,2026-04-21
CUST_04593,Isaac Young,isaac.young@yahoo.com,(807)292-3376,Stacyville,IA,2025-08-25
CUST_04594,Joshua Wells,joshua.wells@yahoo.com,(999)350-5544x3274,Riverside,CA,2024-12-01
CUST_04595,Allen Anderson,allen.anderson@hotmail.com,+1-426-648-7315x6823,Dpo,AP,2025-11-03
CUST_04596,Randall Gonzalez,randall.gonzalez@icloud.com,+1-867-937-8871x85374,Procious,WV,2026-02-02
CUST_04597,Yvette Vaughn,yvette.vaughn@gmail.com,+1-916-226-3843x723,Casa Blanca,NM,2026-02-06
CUST_04598,Kenneth Flores,kenneth.flores@gmail.com,497-743-6186x1112,Brownsville,OH,2025-07-04
CUST_04599,Diana Reid,diana.reid@yahoo.com,(982)304-6003x93089,Barney,ND,2025-10-03
CUST_04600,Krista Cook,krista.cook@hotmail.com,3079892681,Apo,NJ,2024-11-27
CUST_04601,Megan Sims,megan.sims@icloud.com,990.976.7865x169,Port Washington,NY,2023-09-24
CUST_04602,Donald Long,donald.long@gmail.com,4746294459,Overland Park,KS,2025-07-11
CUST_04603,Cassandra Mahoney,cassandra.mahoney@yahoo.com,9797689361,Brightwaters,NY,2023-11-10
CUST_04604,Dwayne Taylor,dwayne.taylor@icloud.com,+1-325-867-4982x306,Ringold,OK,2026-05-03
CUST_04605,James Salazar,james.salazar@yahoo.com,001-513-953-9038x8282,Story,AR,2026-03-28
CUST_04606,Tina Boyd,tina.boyd@hotmail.com,6156791432,Cornelia,GA,2024-11-20
CUST_04607,Matthew Castro,matthew.castro@yahoo.com,(925)955-3193,Edgar,WI,2025-02-01
CUST_04608,Alyssa Davis,alyssa.davis@outlook.com,5353068425,Longmeadow,MA,2025-03-20
CUST_04609,Kelsey Wilcox,kelsey.wilcox@aol.com,001-226-666-5383x575,Arlington,VA,2025-08-28
CUST_04610,Jessica Moore,jessica.moore@outlook.com,252-840-3218x831,Kansas City,KS,2024-04-07
CUST_04611,Chad Ramirez,chad.ramirez@aol.com,749-769-7949x6950,Talmoon,MN,2025-04-08
CUST_04612,Patrick Ward,patrick.ward@yahoo.com,001-517-639-1844x12847,Saint Paul,MN,2025-02-14
CUST_04613,Joseph Woodard,joseph.woodard@hotmail.com,001-465-335-4751x6013,Las Vegas,NV,2025-02-05
CUST_04614,James Collins,james.collins@gmail.com,200-909-9588,Thermopolis,WY,2023-11-28
CUST_04615,Lori Moore,lori.moore@icloud.com,243.864.4587x55012,Newark,IL,2024-04-21
CUST_04616,Tiffany Evans,tiffany.evans@icloud.com,460.585.2645x7314,Garden City,LA,2026-04-11
CUST_04617,Alex Williamson,alex.williamson@icloud.com,693.788.7515x13836,Black Oak,AR,2025-02-11
CUST_04618,Jennifer Gross,jennifer.gross@yahoo.com,426-507-8458x16866,Junction City,GA,2025-05-12
CUST_04619,Justin Fletcher,justin.fletcher@hotmail.com,+1-424-555-7056,Quakertown,NJ,2025-09-03
CUST_04620,Susan Lambert,susan.lambert@gmail.com,+1-477-809-1792x8591,Charlotte,NC,2024-07-25
CUST_04621,Sharon Norris,sharon.norris@icloud.com,447-329-7873x83249,Mercury,NV,2026-03-25
CUST_04622,Jodi Washington,jodi.washington@outlook.com,4959268582,Saint Clair,PA,2024-06-08
CUST_04623,Jeffrey Wilson,jeffrey.wilson@hotmail.com,(326)562-6008,Charlotte,NC,2026-01-22
CUST_04624,Melanie Yoder,melanie.yoder@hotmail.com,459-463-4222,Binghamton,NY,2024-03-13
CUST_04625,Daniel Turner,daniel.turner@aol.com,(443)767-0510x0454,Harwood Heights,IL,2024-03-13
CUST_04626,Ronald Wright,ronald.wright@hotmail.com,8234828122,Great Falls,SC,2024-01-20
CUST_04627,Gregory Cox,gregory.cox@icloud.com,886.260.5016,Hillsborough,NJ,2025-07-28
CUST_04628,Michael Giles,michael.giles@hotmail.com,001-971-654-9293,Bluff City,AR,2024-11-10
CUST_04629,Jeremy Reynolds,jeremy.reynolds@gmail.com,921-424-5620,New Port Richey,FL,2023-10-30
CUST_04630,Jasmine Graham,jasmine.graham@outlook.com,001-659-249-3877x65977,Leona,TX,2026-03-10
CUST_04631,Robert Garcia,robert.garcia@outlook.com,742.791.5416,Weogufka,AL,2025-11-03
CUST_04632,David Dillon,david.dillon@gmail.com,800.435.7243,Maysville,OK,2025-09-23
CUST_04633,Janet Morrow,janet.morrow@gmail.com,(849)264-4727,West Olive,MI,2026-03-28
CUST_04634,Denise Gonzalez,denise.gonzalez@yahoo.com,001-210-883-2785x192,Hodges,SC,2025-03-16
CUST_04635,Monique Williams,monique.williams@gmail.com,376-503-8322,Burbank,IL,2024-01-31
CUST_04636,Vanessa Weaver,vanessa.weaver@gmail.com,+1-428-698-3715x86486,San Antonio,TX,2025-10-07
CUST_04637,Beth Martinez,beth.martinez@outlook.com,585.970.3789x215,Woodville,AL,2023-12-22
CUST_04638,Ryan Brooks,ryan.brooks@aol.com,001-389-265-3923,Muncie,IN,2025-10-31
CUST_04639,Shannon Smith,shannon.smith@aol.com,211-521-9310x12486,Houston,TX,2026-03-31
CUST_04640,Lance Lewis,lance.lewis@gmail.com,001-543-318-3870x02633,West Elkton,OH,2026-08-30
CUST_04641,Victor Harvey,victor.harvey@icloud.com,(688)906-6292,Cavendish,VT,2024-10-13
CUST_04642,Carla Williams,carla.williams@icloud.com,748.238.5301x3173,Falmouth,MA,2025-12-18
CUST_04643,Robin Hernandez,robin.hernandez@gmail.com,9257966387,Russell,PA,2024-02-14
CUST_04644,James Brown,james.brown@outlook.com,4266222407,Groton,CT,2026-02-04
CUST_04645,Jerry Jones,jerry.jones@yahoo.com,864-261-6033x254,Dpo,AE,2023-11-30
CUST_04646,Donald Schmidt,donald.schmidt@icloud.com,677.357.9914x0737,New Albany,PA,2024-09-30
CUST_04647,Willie Fischer,willie.fischer@icloud.com,520-736-0420x878,Schererville,IN,2025-12-23
CUST_04648,Daniel Santiago,daniel.santiago@aol.com,(460)352-5761x662,Geigertown,PA,2026-05-27
CUST_04649,Jack Reese,jack.reese@aol.com,756-383-1378,Peoria,IL,2025-02-06
CUST_04650,Misty Lopez,misty.lopez@gmail.com,001-813-465-7492x0460,Lester Prairie,MN,2025-08-05
CUST_04651,Paul Duarte,paul.duarte@hotmail.com,001-239-708-3950,Zuni,VA,2026-07-27
CUST_04652,Maria Rodriguez,maria.rodriguez@yahoo.com,477.674.1415x16704,Durand,MI,2026-04-24
CUST_04653,Roger Luna,roger.luna@hotmail.com,311.769.7470x94847,Garden Grove,CA,2026-03-24
CUST_04654,Jennifer Hansen,jennifer.hansen@aol.com,(743)633-1123x537,Monessen,PA,2026-05-26
CUST_04655,Mary Martin,mary.martin@gmail.com,910.279.7336x7271,Greeley,CO,2023-09-21
CUST_04656,Natalie Durham,natalie.durham@aol.com,840-535-7063x778,Erie,PA,2025-11-02
CUST_04657,John Russo,john.russo@aol.com,399.594.1398x854,Hungerford,TX,2023-12-04
CUST_04658,Brittany Vincent,brittany.vincent@aol.com,7407628767,Elkton,MI,2025-02-22
CUST_04659,Ebony Mcmillan,ebony.mcmillan@hotmail.com,811-715-6303x762,Duffield,VA,2026-02-20
CUST_04660,Cynthia Moore,cynthia.moore@gmail.com,2558559034,Gibbsboro,NJ,2026-04-23
CUST_04661,Kevin White,kevin.white@hotmail.com,(484)722-0891,Spring,TX,2025-09-03
CUST_04662,Tamara Adkins,tamara.adkins@outlook.com,994-585-9283,Salina,PA,2024-04-26
CUST_04663,Linda Miller,linda.miller@gmail.com,712-488-8845,Rubicon,WI,2025-02-21
CUST_04664,Elizabeth Thompson,elizabeth.thompson@hotmail.com,+1-444-690-0484x058,Schenectady,NY,2025-10-14
CUST_04665,Lauren Wilson,lauren.wilson@outlook.com,(877)321-8942x6089,Glenwood,NM,2026-03-30
CUST_04666,Heather Ortiz,heather.ortiz@aol.com,8857977424,Hamburg,LA,2025-10-10
CUST_04667,Anthony Berry,anthony.berry@aol.com,467.861.1514,San Diego,CA,2024-08-08
CUST_04668,Mark Cortez,mark.cortez@gmail.com,276-516-3038x23875,Leola,SD,2023-12-27
CUST_04669,Laura Kelly,laura.kelly@outlook.com,001-787-261-0395x502,Imnaha,OR,2025-07-17
CUST_04670,Kimberly Brown,kimberly.brown@yahoo.com,(951)259-1042,Butler,OH,2023-09-26
CUST_04671,Scott Bruce,scott.bruce@icloud.com,(989)376-1384,Little Falls,NY,2024-01-07
CUST_04672,Aaron Gallegos,aaron.gallegos@gmail.com,(957)701-9561x92357,West Falls,NY,2025-07-17
CUST_04673,Laurie Hodge,laurie.hodge@outlook.com,200-327-9308x95482,Harmony,NC,2023-10-20
CUST_04674,Brandi Cunningham,brandi.cunningham@gmail.com,(805)499-4149x706,Tacoma,WA,2025-03-18
CUST_04675,Kathy Williams,kathy.williams@yahoo.com,001-643-456-3912x76937,Fort Lauderdale,FL,2026-07-21
CUST_04676,Andrew Berger,andrew.berger@aol.com,(871)701-4878,Trinity,TX,2026-05-18
CUST_04677,Maria Jordan,maria.jordan@yahoo.com,(450)564-7367x31578,Blue Earth,MN,2025-06-11
CUST_04678,Stephanie Payne,stephanie.payne@gmail.com,001-773-583-0139x35981,Richmond,CA,2025-05-06
CUST_04679,Jason Crawford,jason.crawford@icloud.com,(481)363-8379x365,Hunter,KS,2026-04-14
CUST_04680,Joshua Wood,joshua.wood@outlook.com,+1-724-335-0623x15511,Gorham,NH,2025-07-06
CUST_04681,Kimberly Miller,kimberly.miller@aol.com,481.499.9356x264,Bakersfield,CA,2024-03-29
CUST_04682,Steven West,steven.west@hotmail.com,(423)831-8697x99175,Hendricks,WV,2025-03-31
CUST_04683,Kristin Mccarthy,kristin.mccarthy@hotmail.com,620-927-5485x558,Solano,NM,2023-09-06
CUST_04684,Daniel Jones,daniel.jones@hotmail.com,9548903256,Renton,WA,2024-11-14
CUST_04685,Caroline Maldonado,caroline.maldonado@gmail.com,649-794-7201,Midland,GA,2024-02-19
CUST_04686,Alyssa Clark,alyssa.clark@outlook.com,001-439-348-1878,Florence,SC,2024-04-10
CUST_04687,Russell White,russell.white@icloud.com,(316)810-0089,Lansing,IL,2024-08-09
CUST_04688,Erin Johnson,erin.johnson@gmail.com,(438)516-7031x359,Temecula,CA,2026-06-24
CUST_04689,Amber Valentine,amber.valentine@hotmail.com,+1-395-707-5648x98332,Acme,PA,2025-10-05
CUST_04690,Joseph Harvey,joseph.harvey@outlook.com,653-942-3817,Canby,CA,2026-06-10
CUST_04691,Sharon Carter,sharon.carter@outlook.com,317.664.2373,Rochester,NY,2024-11-01
CUST_04692,Kenneth Nelson,kenneth.nelson@aol.com,211-343-4298x725,Elk Grove,CA,2025-09-01
CUST_04693,Chad Hardy,chad.hardy@aol.com,+1-750-751-0670x287,Rochester,NY,2024-01-22
CUST_04694,Jacqueline Gregory,jacqueline.gregory@gmail.com,001-915-691-2101,Cuba,NM,2026-03-20
CUST_04695,Daniel Camacho,daniel.camacho@hotmail.com,+1-644-674-2991x2040,Lowville,NY,2025-09-06
CUST_04696,David Hutchinson,david.hutchinson@yahoo.com,+1-711-493-7433x128,Huntington,WV,2025-11-27
CUST_04697,Bryan Clark,bryan.clark@outlook.com,939.818.2703x48509,Apo,AE,2025-04-04
CUST_04698,Randy Giles,randy.giles@aol.com,493-540-1966x8996,Campbellton,TX,2025-04-08
CUST_04699,William Porter,william.porter@gmail.com,001-301-871-6700x4391,Quasqueton,IA,2023-11-02
CUST_04700,Alexander Klein,alexander.klein@yahoo.com,620.206.2804,Keller,WA,2024-05-26
CUST_04701,Tracey Harris,tracey.harris@hotmail.com,7008854987,Bonaire,GA,2026-03-14
CUST_04702,Jeffrey Watts,jeffrey.watts@hotmail.com,(919)551-2630x3736,Blanchard,LA,2025-09-16
CUST_04703,Rickey Weaver,rickey.weaver@icloud.com,001-677-459-3071x238,Hattiesburg,MS,2026-08-30
CUST_04704,Thomas Le,thomas.le@hotmail.com,001-950-376-0536x74673,Venetia,PA,2024-02-20
CUST_04705,Antonio Neal,antonio.neal@yahoo.com,309-590-9620,El Paso,TX,2024-12-31
CUST_04706,Katie Mcpherson,katie.mcpherson@outlook.com,593.435.9535,Niagara Falls,NY,2026-06-24
CUST_04707,William Newton,william.newton@yahoo.com,+1-641-528-6322x8081,Bradley,OK,2026-06-26
CUST_04708,Nicole Glenn,nicole.glenn@gmail.com,846.212.0050,Fountain Valley,CA,2023-11-04
CUST_04709,Jessica Graham,jessica.graham@aol.com,+1-695-650-5548,Clarksburg,TN,2023-09-06
CUST_04710,Lindsey Castillo,lindsey.castillo@gmail.com,(565)746-2846x36906,Lexington,KY,2024-06-06
CUST_04711,Kevin Hill,kevin.hill@outlook.com,368.463.2008x63040,West Branch,IA,2026-03-24
CUST_04712,Cory Ayala,cory.ayala@icloud.com,647-392-2788,Nunda,SD,2024-02-19
CUST_04713,Jennifer Miller,jennifer.miller@outlook.com,001-997-770-3957x243,Beaumont,TX,2024-02-18
CUST_04714,Casey Love,casey.love@hotmail.com,(390)755-5662,North Smithfield,RI,2026-03-09
CUST_04715,Todd Stephens,todd.stephens@aol.com,001-427-583-4920x03886,Talent,OR,2024-04-20
CUST_04716,Erica Stokes,erica.stokes@gmail.com,564-716-2980x179,Hart,TX,2025-03-26
CUST_04717,Lance Waters,lance.waters@gmail.com,001-275-815-3919x137,Conroy,IA,2025-10-08
CUST_04718,Lisa Thomas,lisa.thomas@icloud.com,001-273-941-3685x184,Loco,OK,2024-12-30
CUST_04719,Elizabeth Harper,elizabeth.harper@hotmail.com,(646)590-7437,Ravia,OK,2025-03-03
CUST_04720,Sean Lee,sean.lee@aol.com,4559347241,Koror,PW,2025-11-19
CUST_04721,David Edwards,david.edwards@outlook.com,540.785.3645x828,Rombauer,MO,2024-09-15
CUST_04722,David Rodriguez,david.rodriguez@hotmail.com,6665991919,Oak Vale,MS,2025-09-08
CUST_04723,Jeffrey Allen,jeffrey.allen@icloud.com,6515789002,Makaweli,HI,2024-10-03
CUST_04724,Sylvia Brown,sylvia.brown@hotmail.com,962.243.2752x5032,Roanoke,VA,2024-05-02
CUST_04725,Jennifer Cherry,jennifer.cherry@aol.com,(965)499-6779,Douglas,GA,2024-04-01
CUST_04726,Heather Price,heather.price@hotmail.com,414-266-9661,Addis,LA,2024-10-17
CUST_04727,Alex Richardson,alex.richardson@aol.com,377-736-6275x634,Glenville,WV,2023-11-14
CUST_04728,Charles Ellis,charles.ellis@hotmail.com,001-259-965-8612x4222,Fort Lauderdale,FL,2024-09-13
CUST_04729,Bryan Young,bryan.young@hotmail.com,233.873.4654,Sinsinawa,WI,2023-12-08
CUST_04730,Lauren Soto,lauren.soto@gmail.com,+1-506-752-8851x390,Washington Court House,OH,2025-06-20
CUST_04731,Richard Garcia,richard.garcia@yahoo.com,(223)511-9886x6727,Rural Retreat,VA,2025-06-18
CUST_04732,Yolanda Garcia,yolanda.garcia@icloud.com,+1-547-914-2153x280,Atglen,PA,2023-12-07
CUST_04733,Charles Rice,charles.rice@aol.com,816-930-3445x559,Avoca,IA,2024-09-12
CUST_04734,Nicholas Murphy,nicholas.murphy@icloud.com,(981)301-7559,Amagansett,NY,2025-09-19
CUST_04735,Tanya Brooks,tanya.brooks@gmail.com,(589)816-0717x17279,Atlanta,GA,2023-09-27
CUST_04736,Michael Carter,michael.carter@hotmail.com,(983)738-7803,Yorba Linda,CA,2024-06-14
CUST_04737,Jose Davis,jose.davis@icloud.com,(719)896-4389x56489,Yadkinville,NC,2024-07-27
CUST_04738,Melissa Black,melissa.black@gmail.com,745.863.1119,Wana,WV,2026-03-09
CUST_04739,Denise Ramirez,denise.ramirez@hotmail.com,734-224-1575x8558,Maple,NC,2026-06-27
CUST_04740,Danielle Brooks,danielle.brooks@aol.com,240.610.4295x8877,Littleton,CO,2024-03-21
CUST_04741,Robert Fleming,robert.fleming@outlook.com,001-717-285-9524x3235,Courtland,VA,2024-10-07
CUST_04742,Mary Hooper,mary.hooper@aol.com,582.895.3538x186,Sarasota,FL,2025-07-12
CUST_04743,Nathan Jimenez,nathan.jimenez@outlook.com,6139698047,Delaware,OH,2025-08-24
CUST_04744,Beth Stanley,beth.stanley@aol.com,001-894-951-9883x34258,Fort Ashby,WV,2024-12-01
CUST_04745,Eric Cruz,eric.cruz@hotmail.com,(689)962-4526x389,Cedarbluff,MS,2024-08-03
CUST_04746,Barbara Coleman,barbara.coleman@aol.com,001-597-796-2330,Purcellville,VA,2025-04-25
CUST_04747,John Conley,john.conley@yahoo.com,428-986-9437x47826,Silver City,IA,2023-09-02
CUST_04748,Crystal Thomas,crystal.thomas@aol.com,845-835-6386x501,Plum,TX,2025-05-08
CUST_04749,Ryan Williams,ryan.williams@hotmail.com,595-598-4666,Modoc,IN,2026-06-01
CUST_04750,Joshua Greene,joshua.greene@hotmail.com,+1-709-689-5507x27481,Katonah,NY,2026-06-02
CUST_04751,Joseph Horton,joseph.horton@aol.com,870.314.3306,Tucson,AZ,2023-12-27
CUST_04752,Michael Melton,michael.melton@yahoo.com,001-531-784-6521x6230,North Bangor,NY,2025-12-13
CUST_04753,Ashley Becker,ashley.becker@outlook.com,+1-485-265-2397x377,Harwood,ND,2025-07-27
CUST_04754,Nicholas Allison,nicholas.allison@gmail.com,+1-551-378-0195,Dallas,TX,2025-08-08
CUST_04755,Matthew Waters,matthew.waters@aol.com,(528)623-0436x27287,Alexandria,PA,2025-12-10
CUST_04756,Christopher Johnson,christopher.johnson@icloud.com,001-702-592-7707x619,Angier,NC,2023-09-30
CUST_04757,Mark Mcclain,mark.mcclain@aol.com,(384)990-6724,Friendsville,PA,2025-04-24
CUST_04758,Riley Green,riley.green@yahoo.com,001-957-768-2218x0582,Saint Michael,AK,2023-11-13
CUST_04759,Lauren Hill,lauren.hill@outlook.com,(787)481-8574,Sumpter,OR,2026-03-11
CUST_04760,Jenny Moore,jenny.moore@aol.com,946-395-4244x037,Elburn,IL,2025-01-07
CUST_04761,Maria Sanchez,maria.sanchez@outlook.com,+1-324-901-4042,Bolivar,MO,2023-09-11
CUST_04762,Kayla Gardner,kayla.gardner@outlook.com,+1-946-716-6792,Austin,TX,2024-06-13
CUST_04763,Melissa Jones,melissa.jones@aol.com,(891)858-9117x3673,Rescue,VA,2025-07-07
CUST_04764,Christopher Ibarra,christopher.ibarra@hotmail.com,650.445.4221,Waukegan,IL,2024-04-12
CUST_04765,Jasmine Schwartz,jasmine.schwartz@outlook.com,+1-339-224-2308x2764,Geneva,NE,2024-10-18
CUST_04766,Andrew Garcia,andrew.garcia@outlook.com,+1-736-950-2358x3177,Chapel Hill,NC,2024-09-11
CUST_04767,James Cantu,james.cantu@outlook.com,9736163344,Brooklyn,MI,2023-11-17
CUST_04768,Kimberly Nunez,kimberly.nunez@gmail.com,(898)794-4932x1806,Big Sandy,TX,2024-07-15
CUST_04769,Rachel Bell,rachel.bell@outlook.com,8578417282,Tamassee,SC,2026-07-06
CUST_04770,Joshua Cain,joshua.cain@aol.com,001-390-311-4132,Dallas,TX,2026-07-14
CUST_04771,Aaron Lopez,aaron.lopez@icloud.com,001-574-759-8598x8174,Spivey,KS,2025-03-16
CUST_04772,Ryan James,ryan.james@gmail.com,(959)682-3457,New York,NY,2025-03-18
CUST_04773,Timothy Vazquez,timothy.vazquez@yahoo.com,001-221-930-3766x5433,Stevenson,CT,2025-01-17
CUST_04774,Jason Morris,jason.morris@icloud.com,(710)664-9333,Dillsboro,IN,2024-05-14
CUST_04775,Jenny Fletcher,jenny.fletcher@aol.com,544-746-0532x7842,Escondido,CA,2025-05-29
CUST_04776,Jennifer Reid,jennifer.reid@outlook.com,001-778-467-8492x25948,Birmingham,AL,2026-03-28
CUST_04777,Amy Hancock,amy.hancock@gmail.com,496.302.4175x45413,Commerce,OK,2025-12-28
CUST_04778,David Wallace,david.wallace@aol.com,(351)531-6394,San Jose,CA,2024-03-04
CUST_04779,William Flowers,william.flowers@aol.com,+1-627-873-3540x1566,Newark,NJ,2025-09-23
CUST_04780,Emily Hughes,emily.hughes@hotmail.com,(650)214-8620,Cope,SC,2024-04-09
CUST_04781,Erin Ford,erin.ford@outlook.com,558-993-4033x938,Mashpee,MA,2025-12-11
CUST_04782,Daniel Bell,daniel.bell@yahoo.com,(999)319-1361x4872,New York,NY,2025-02-07
CUST_04783,Mary Rodriguez,mary.rodriguez@gmail.com,414.285.5029,Plato,MN,2023-10-06
CUST_04784,Laura Lee,laura.lee@hotmail.com,(475)769-4466,Pie Town,NM,2023-09-19
CUST_04785,Danielle Nunez,danielle.nunez@yahoo.com,001-568-582-6693x959,Chana,IL,2024-05-03
CUST_04786,Wendy Martinez,wendy.martinez@outlook.com,+1-299-787-9239x8861,Phoenix,AZ,2025-05-24
CUST_04787,Edward Conley,edward.conley@outlook.com,482-581-8585x076,Pittsburgh,PA,2024-03-20
CUST_04788,Samuel Blevins,samuel.blevins@yahoo.com,714-507-5072x9008,Valdez,NM,2026-07-30
CUST_04789,Victoria Edwards,victoria.edwards@yahoo.com,001-826-658-8680x486,Goodrich,MI,2024-01-17
CUST_04790,William Keith,william.keith@outlook.com,+1-453-368-1295x196,Jonesboro,AR,2024-08-18
CUST_04791,Vicki Holloway,vicki.holloway@gmail.com,781.503.0288x9167,Belews Creek,NC,2024-01-15
CUST_04792,Kyle Brown,kyle.brown@aol.com,260.514.6787,Leonard,ND,2024-02-12
CUST_04793,Lisa Fletcher,lisa.fletcher@outlook.com,(519)596-3553x22328,Ogden,UT,2025-12-27
CUST_04794,Jacob Cruz,jacob.cruz@outlook.com,973-390-2223x23356,George,IA,2026-05-21
CUST_04795,Thomas Simmons,thomas.simmons@hotmail.com,683-413-5900,Maple View,NY,2025-09-03
CUST_04796,Jack Martin,jack.martin@gmail.com,728-523-3947x50834,Sutersville,PA,2024-07-01
CUST_04797,Christina Wolfe,christina.wolfe@gmail.com,001-571-527-0383,Lanesborough,MA,2025-03-09
CUST_04798,Laura Evans,laura.evans@yahoo.com,001-781-868-0253x37863,Lublin,WI,2025-12-31
CUST_04799,Michael Mcpherson,michael.mcpherson@gmail.com,816.520.3293,Johnsonville,IL,2025-07-09
CUST_04800,Kristi Torres,kristi.torres@outlook.com,(629)325-7878x271,Gatesville,TX,2024-06-16
CUST_04801,Tyrone King,tyrone.king@yahoo.com,001-843-219-9400x7501,West Lafayette,OH,2025-11-16
CUST_04802,Christopher Smith,christopher.smith@hotmail.com,(414)518-7228,Monrovia,CA,2023-12-01
CUST_04803,Juan Sanders,juan.sanders@gmail.com,+1-777-386-4551x13145,Springfield,MO,2025-01-09
CUST_04804,Steven Harrison,steven.harrison@yahoo.com,+1-814-867-4721,Ocean Park,WA,2026-04-20
CUST_04805,William Taylor,william.taylor@gmail.com,(248)935-4678,Flomaton,AL,2024-08-10
CUST_04806,Blake Mccoy,blake.mccoy@gmail.com,765.257.3683x964,Corte Madera,CA,2025-04-07
CUST_04807,Jeremiah Hoffman,jeremiah.hoffman@yahoo.com,(204)908-8275x2868,Eastman,WI,2026-07-28
CUST_04808,Gregory Nelson,gregory.nelson@hotmail.com,(836)846-4811,Apo,AP,2026-08-21
CUST_04809,Andrew Waters,andrew.waters@yahoo.com,599.860.3471,Honolulu,HI,2024-08-01
CUST_04810,Julie Boyer,julie.boyer@gmail.com,919.295.8600x8222,Sacramento,CA,2026-07-11
CUST_04811,Stephanie Dominguez,stephanie.dominguez@icloud.com,001-735-544-3371x79592,Wadsworth,NV,2026-05-13
CUST_04812,Helen Williams,helen.williams@gmail.com,9247791197,Reisterstown,MD,2024-04-03
CUST_04813,Joy Smith,joy.smith@gmail.com,(449)586-5407x9259,Force,PA,2024-01-07
CUST_04814,Stephen Knight,stephen.knight@outlook.com,6536663134,Prichard,WV,2024-03-03
CUST_04815,Bailey Beck,bailey.beck@hotmail.com,895.309.0218x3904,Lynd,MN,2024-01-26
CUST_04816,Michaela Jackson,michaela.jackson@outlook.com,001-532-929-0255x0797,Miami,WV,2024-02-15
CUST_04817,Joseph Mays,joseph.mays@yahoo.com,544.720.2359,Woodberry Forest,VA,2025-02-10
CUST_04818,Elizabeth Pollard,elizabeth.pollard@hotmail.com,+1-929-629-8029x41867,Cayuga,TX,2026-03-20
CUST_04819,Kristen Richardson,kristen.richardson@hotmail.com,001-954-448-6723x723,Rhine,GA,2024-10-01
CUST_04820,Rachel Barry,rachel.barry@hotmail.com,775.262.1820,Victorville,CA,2024-08-05
CUST_04821,Michael Peters,michael.peters@gmail.com,291.854.1129x7586,Dimock,SD,2026-06-02
CUST_04822,Kenneth Nguyen,kenneth.nguyen@gmail.com,520.514.2977x2177,Point Harbor,NC,2025-01-04
CUST_04823,Lisa Harris,lisa.harris@outlook.com,001-727-625-3699,Dodge City,KS,2026-03-17
CUST_04824,Sheila Reese,sheila.reese@hotmail.com,+1-568-462-1215,Greenwood,NE,2024-11-28
CUST_04825,Robert Carlson,robert.carlson@aol.com,001-503-366-2893x3064,Campbell Hill,IL,2025-05-27
CUST_04826,Samuel Watson,samuel.watson@aol.com,205-942-4999x5481,Wakefield,RI,2026-05-21
CUST_04827,Nicholas Foster,nicholas.foster@yahoo.com,(277)738-0182x2780,Henderson,TN,2024-10-31
CUST_04828,Jason Jackson,jason.jackson@icloud.com,329-396-9962,Atlanta,GA,2025-03-09
CUST_04829,Katherine Burnett,katherine.burnett@aol.com,001-843-990-0001x28043,Mexico,IN,2025-07-18
CUST_04830,Lauren Jackson,lauren.jackson@aol.com,817-844-8979,Paulsboro,NJ,2025-12-30
CUST_04831,Jodi Jackson,jodi.jackson@hotmail.com,487.296.8726,Lantry,SD,2024-06-16
CUST_04832,Rebecca Munoz,rebecca.munoz@gmail.com,5075393627,Texico,IL,2025-08-21
CUST_04833,Jorge Patel,jorge.patel@hotmail.com,559.682.0218,Sacramento,CA,2025-07-03
CUST_04834,Denise Martinez,denise.martinez@outlook.com,(576)257-7220,Upper Black Eddy,PA,2026-02-01
CUST_04835,Christopher English,christopher.english@outlook.com,(206)229-6652x5788,Steens,MS,2025-10-04
CUST_04836,Christina Hays,christina.hays@icloud.com,+1-356-286-3463x71553,San Mateo,CA,2025-07-09
CUST_04837,Sarah Carter,sarah.carter@outlook.com,332-698-9669x62920,Kansas City,MO,2024-06-22
CUST_04838,Ana Garcia,ana.garcia@gmail.com,+1-657-805-5325,Fenton,LA,2025-08-09
CUST_04839,Tanya Sanders,tanya.sanders@hotmail.com,001-342-897-1195x44400,Toppenish,WA,2025-02-06
CUST_04840,Steve Rodriguez,steve.rodriguez@outlook.com,356-839-6306x6421,Sacramento,CA,2024-09-16
CUST_04841,Larry Williamson,larry.williamson@icloud.com,(925)377-4714x763,Friedensburg,PA,2023-12-30
CUST_04842,Molly Schmitt,molly.schmitt@outlook.com,8748785286,Washington,DC,2025-12-23
CUST_04843,John Castillo,john.castillo@yahoo.com,001-506-696-1963x9009,Hewitt,TX,2024-03-30
CUST_04844,Daniel Schmidt,daniel.schmidt@hotmail.com,001-879-873-4905,Orlando,FL,2026-07-04
CUST_04845,Amber Garner,amber.garner@outlook.com,001-298-994-9286x8212,Joliet,IL,2024-04-25
CUST_04846,Claire Chang,claire.chang@icloud.com,(212)615-2306,Hosston,LA,2024-04-26
CUST_04847,Ashley Baker,ashley.baker@aol.com,468.430.6210x8064,Reading,PA,2023-10-09
CUST_04848,Bill Hunt,bill.hunt@outlook.com,(789)865-3135,Gainesville,FL,2024-08-29
CUST_04849,Abigail Chapman,abigail.chapman@aol.com,+1-760-609-5889x9892,Purlear,NC,2026-06-18
CUST_04850,Mary Anderson,mary.anderson@aol.com,4416113472,Midway,KY,2024-04-14
CUST_04851,Beverly Peters,beverly.peters@icloud.com,567-949-5070,Granada Hills,CA,2026-04-16
CUST_04852,Cassandra Snyder,cassandra.snyder@icloud.com,+1-475-302-3867x4496,Cuba City,WI,2024-10-09
CUST_04853,Michael Williams,michael.williams@gmail.com,001-566-468-1200x48068,Shelby,MS,2024-08-30
CUST_04854,Donna Mcdonald,donna.mcdonald@gmail.com,553-270-2630x7875,Camden,NJ,2025-09-11
CUST_04855,Kimberly Combs,kimberly.combs@aol.com,552-602-6596,Raleigh,ND,2026-07-22
CUST_04856,Jamie Beasley,jamie.beasley@yahoo.com,8003824662,Jarratt,VA,2024-03-22
CUST_04857,Susan Williams,susan.williams@gmail.com,(785)972-5236x80633,Athens,GA,2026-02-28
CUST_04858,Holly Patterson,holly.patterson@yahoo.com,+1-341-286-6479x646,Elmer,LA,2026-03-04
CUST_04859,Anthony Moran,anthony.moran@outlook.com,5122975829,Troy Grove,IL,2026-08-22
CUST_04860,Bethany Scott,bethany.scott@outlook.com,+1-389-335-9468x95949,Ponchatoula,LA,2024-07-24
CUST_04861,Alexander Wells,alexander.wells@yahoo.com,(969)518-3293,Port Arthur,TX,2024-10-18
CUST_04862,Alexandra Smith,alexandra.smith@hotmail.com,933-711-0300x3950,West Nottingham,NH,2025-09-08
CUST_04863,Brian Munoz,brian.munoz@gmail.com,798-409-0699,Palm Bay,FL,2026-01-21
CUST_04864,Eric Barnes,eric.barnes@yahoo.com,610.316.5822,Pyatt,AR,2024-08-31
CUST_04865,Lorraine Jones,lorraine.jones@hotmail.com,(863)482-0337x76898,Marathon,NY,2025-01-06
CUST_04866,Laura Russo,laura.russo@outlook.com,001-870-826-9315x0859,Marshall,VA,2025-09-18
CUST_04867,James Acevedo,james.acevedo@icloud.com,3945876384,South Rockwood,MI,2025-01-18
CUST_04868,Sean Caldwell,sean.caldwell@yahoo.com,4327421491,Hogansville,GA,2024-07-14
CUST_04869,Eugene Hahn,eugene.hahn@aol.com,001-907-655-2687x11258,Kellyton,AL,2025-02-26
CUST_04870,Leslie Walker,leslie.walker@yahoo.com,(661)460-1657,Big Bar,CA,2024-03-04
CUST_04871,Jeffrey Rowe,jeffrey.rowe@yahoo.com,352-234-2187x583,Camp Hill,PA,2026-08-12
CUST_04872,Jasmine Kline,jasmine.kline@icloud.com,001-287-731-9771x210,Benton,KY,2025-04-20
CUST_04873,Courtney Fields,courtney.fields@aol.com,425.364.3171x063,Awendaw,SC,2026-02-28
CUST_04874,David Howard,david.howard@outlook.com,200-888-4030,Mc Donough,NY,2023-12-07
CUST_04875,Lisa Esparza,lisa.esparza@gmail.com,980.444.9753x86742,Clifton,TX,2026-04-17
CUST_04876,Paul Brady,paul.brady@icloud.com,565-541-7807x42425,Swengel,PA,2026-03-20
CUST_04877,Juan Maddox,juan.maddox@icloud.com,922-634-0109,Newark,MD,2024-08-20
CUST_04878,Monica Brady,monica.brady@gmail.com,+1-799-795-3933x40555,Boon,MI,2023-10-18
CUST_04879,Desiree Taylor,desiree.taylor@yahoo.com,001-779-754-6158x30597,Essex Fells,NJ,2024-12-17
CUST_04880,Carol Flores,carol.flores@hotmail.com,8112488970,Williston,FL,2026-03-22
CUST_04881,Linda Moore,linda.moore@outlook.com,+1-712-707-5815x80195,Reidsville,GA,2026-08-10
CUST_04882,Adam Ingram,adam.ingram@yahoo.com,672.561.4045x9094,Maryland,NY,2023-10-08
CUST_04883,Tina Perry,tina.perry@aol.com,001-392-781-6964x5721,Ollie,IA,2025-01-19
CUST_04884,Haley Jones,haley.jones@gmail.com,+1-576-500-9198,Sod,WV,2025-01-21
CUST_04885,Cynthia Compton,cynthia.compton@outlook.com,356.655.3935x1669,Murfreesboro,TN,2023-12-01
CUST_04886,Claudia Morgan,claudia.morgan@aol.com,(866)387-2200,Sunland,CA,2024-06-16
CUST_04887,Jennifer Barnes,jennifer.barnes@aol.com,001-256-781-2523x1932,Las Vegas,NV,2026-08-21
CUST_04888,Lawrence Craig,lawrence.craig@outlook.com,687-472-5473x34732,Petaluma,CA,2024-08-01
CUST_04889,Briana Garza,briana.garza@aol.com,+1-480-689-2585,Venus,PA,2026-08-29
CUST_04890,Cassidy Russell,cassidy.russell@aol.com,+1-361-602-9546x064,Allentown,NY,2025-03-08
CUST_04891,Leah Vasquez,leah.vasquez@yahoo.com,475-819-6650x0706,Talco,TX,2026-04-28
CUST_04892,Stephanie Garcia,stephanie.garcia@icloud.com,001-896-308-7432,Greenview,CA,2025-07-16
CUST_04893,Mark Chavez,mark.chavez@outlook.com,960.574.2780x7815,West Elizabeth,PA,2025-06-08
CUST_04894,Michael Ellis,michael.ellis@gmail.com,384-688-3225x638,Fults,IL,2025-09-12
CUST_04895,Keith Griffin,keith.griffin@hotmail.com,941-588-8412,Coralville,IA,2024-03-04
CUST_04896,Hannah Hamilton,hannah.hamilton@yahoo.com,3932178331,Booth,AL,2025-08-13
CUST_04897,Lawrence Jordan,lawrence.jordan@aol.com,(372)223-8300,Little Rock,AR,2025-05-20
CUST_04898,Dana Martin,dana.martin@hotmail.com,+1-350-652-8017x999,Woodinville,WA,2024-02-18
CUST_04899,Bethany Melton,bethany.melton@icloud.com,001-382-517-4855x978,Fort Pierce,FL,2026-05-03
CUST_04900,Evan Barry,evan.barry@outlook.com,830-937-1200x39687,Marshfield,WI,2024-06-06
CUST_04901,Lindsay Wright,lindsay.wright@yahoo.com,(456)592-4600x79717,Scio,OH,2025-02-25
CUST_04902,Christopher Goodman,christopher.goodman@gmail.com,943.416.4471x553,Green Valley,AZ,2025-05-23
CUST_04903,Jay Martinez,jay.martinez@hotmail.com,+1-326-352-1462x5529,Locust Gap,PA,2024-04-08
CUST_04904,Barbara Russo,barbara.russo@yahoo.com,6877735613,Shickshinny,PA,2024-05-06
CUST_04905,Rebecca Franco,rebecca.franco@icloud.com,(923)224-1830x347,Franklintown,PA,2024-04-16
CUST_04906,Scott Fischer,scott.fischer@hotmail.com,724.790.7598x801,New Braintree,MA,2026-07-06
CUST_04907,Sarah Scott,sarah.scott@aol.com,+1-224-566-5104x893,Montclair,NJ,2023-08-31
CUST_04908,Jesse Williams,jesse.williams@aol.com,5074086702,New York,NY,2025-02-10
CUST_04909,Oscar Montes,oscar.montes@hotmail.com,+1-422-423-7126x8348,Jerome,MI,2026-01-11
CUST_04910,Adam Dorsey,adam.dorsey@aol.com,(644)266-6709x9895,Daly City,CA,2025-05-03
CUST_04911,James Johnson,james.johnson@outlook.com,752-831-3712x3312,River Rouge,MI,2024-01-13
CUST_04912,Daniel Brown,daniel.brown@hotmail.com,255.903.4861,Washington,GA,2024-08-25
CUST_04913,Nicholas Butler,nicholas.butler@outlook.com,(512)924-1461x1296,San Mateo,CA,2025-05-19
CUST_04914,Jennifer Wright,jennifer.wright@hotmail.com,(720)762-8351x95985,Grafton,VT,2026-05-08
CUST_04915,Toni Pollard,toni.pollard@outlook.com,731-546-8355x01081,Upton,WY,2026-01-06
CUST_04916,Lindsey York,lindsey.york@aol.com,953.416.0664,St Columbans,NE,2026-05-19
CUST_04917,Brittney Brown,brittney.brown@aol.com,361-862-4324x5791,Melcher Dallas,IA,2025-07-07
CUST_04918,Tyler Lee,tyler.lee@gmail.com,522-619-0883x06998,Republic,MO,2025-01-21
CUST_04919,Ross Gibson,ross.gibson@hotmail.com,001-802-937-6626x560,Evans,CO,2025-12-15
CUST_04920,Michael Roberts,michael.roberts@hotmail.com,329-748-8232,El Paso,TX,2025-02-15
CUST_04921,John White,john.white@gmail.com,001-487-550-1452x911,Sebring,OH,2024-11-25
CUST_04922,Patricia Hernandez,patricia.hernandez@aol.com,001-471-542-9247x711,Dpo,NJ,2026-07-17
CUST_04923,Dillon Hall,dillon.hall@icloud.com,680.347.0579,Senoia,GA,2024-01-11
CUST_04924,Kimberly Moore,kimberly.moore@aol.com,001-971-488-1375,Fort Stockton,TX,2024-02-05
CUST_04925,Julie Foster,julie.foster@gmail.com,(927)363-9169x660,San Diego,CA,2023-09-29
CUST_04926,Felicia Sims,felicia.sims@hotmail.com,(972)341-5384,Shelby,IN,2024-03-08
CUST_04927,Blake Campbell,blake.campbell@gmail.com,001-677-423-3909x37587,Black River,NY,2026-07-30
CUST_04928,Lisa Garcia,lisa.garcia@gmail.com,(327)389-6357x2004,Purling,NY,2026-08-08
CUST_04929,Hayley Dalton,hayley.dalton@aol.com,991-796-2227x2221,Randolph,MN,2025-08-02
CUST_04930,Christian Hensley,christian.hensley@yahoo.com,(720)654-9991,Middletown Springs,VT,2025-04-20
CUST_04931,Allen Welch,allen.welch@gmail.com,(360)416-6103x13362,Mowrystown,OH,2025-03-25
CUST_04932,John Matthews,john.matthews@outlook.com,(710)255-4422x71136,Hardwick,MN,2024-07-25
CUST_04933,Hannah Brady,hannah.brady@gmail.com,001-370-984-6766x179,West Hartford,VT,2025-02-25
CUST_04934,Nancy Parker,nancy.parker@outlook.com,8213780558,Shade,OH,2026-07-02
CUST_04935,Christopher Padilla,christopher.padilla@icloud.com,3603839574,Boston,MA,2026-01-15
CUST_04936,Peter Roberts,peter.roberts@hotmail.com,(316)611-1955x051,Sherburne,NY,2025-02-23
CUST_04937,Antonio Andrews,antonio.andrews@outlook.com,001-472-712-0591x30785,Litchfield,NH,2025-03-31
CUST_04938,Kevin Watts,kevin.watts@outlook.com,757.820.2542x217,Missouri City,MO,2023-11-18
CUST_04939,James Martin,james.martin@aol.com,001-889-448-7077x788,Victorville,CA,2026-08-12
CUST_04940,Rachel Baxter,rachel.baxter@icloud.com,399.517.9569x126,Slatyfork,WV,2026-03-27
CUST_04941,Erin Pratt,erin.pratt@yahoo.com,420.291.9961,Hebron,CT,2024-08-10
CUST_04942,Anita Bennett,anita.bennett@hotmail.com,+1-909-999-9950x502,Chesaning,MI,2025-12-04
CUST_04943,Luke Sullivan,luke.sullivan@icloud.com,(299)477-9388,Blossom,TX,2026-02-11
CUST_04944,Christopher Carter,christopher.carter@outlook.com,001-315-583-0613x85771,Tonganoxie,KS,2024-09-27
CUST_04945,William Moore,william.moore@hotmail.com,+1-325-611-4965,Steinauer,NE,2023-11-14
CUST_04946,James Smith,james.smith@yahoo.com,+1-660-479-8842x7094,Bracey,VA,2026-03-19
CUST_04947,Randy Wang,randy.wang@hotmail.com,001-877-841-4398x6375,Torrance,CA,2024-04-17
CUST_04948,Laura Rodriguez,laura.rodriguez@gmail.com,420-548-3698x03884,Molalla,OR,2024-02-25
CUST_04949,Teresa Larson,teresa.larson@yahoo.com,001-971-562-3675x203,Miami,TX,2026-02-22
CUST_04950,Alexis Thompson,alexis.thompson@hotmail.com,001-744-262-2234x0304,Aurora,IL,2024-11-17
CUST_04951,Bryan Ashley,bryan.ashley@yahoo.com,(570)846-9205,Deshler,NE,2025-02-15
CUST_04952,Diana Hines,diana.hines@outlook.com,544-630-0903,Winfield,KS,2024-01-14
CUST_04953,Andrea Anderson,andrea.anderson@hotmail.com,473.932.3341x4326,Bivins,TX,2026-08-15
CUST_04954,Ashley Mcdonald,ashley.mcdonald@hotmail.com,(493)701-7478x4866,Tuscola,IL,2024-11-23
CUST_04955,Daniel Boyd,daniel.boyd@gmail.com,001-813-217-1210x503,Boise,ID,2024-07-02
CUST_04956,David George,david.george@yahoo.com,377.486.7310,Armagh,PA,2026-07-18
CUST_04957,Stephanie Jimenez,stephanie.jimenez@aol.com,(299)225-8227,Warrensburg,NY,2023-12-30
CUST_04958,Keith Murphy,keith.murphy@aol.com,+1-640-839-4934x96938,Garden Grove,CA,2025-11-23
CUST_04959,Todd Jackson,todd.jackson@outlook.com,585-471-6073x882,Sanford,NC,2024-04-24
CUST_04960,Laura Young,laura.young@aol.com,9684782759,Wisdom,MT,2024-06-08
CUST_04961,Kristin Armstrong,kristin.armstrong@aol.com,456.776.9040x1301,San Francisco,CA,2024-05-11
CUST_04962,Cynthia Kent,cynthia.kent@hotmail.com,613-915-5070,Fort Smith,AR,2023-10-05
CUST_04963,John Gray,john.gray@outlook.com,001-742-709-5159x181,Culver,OR,2024-06-22
CUST_04964,James Gibson,james.gibson@yahoo.com,(844)630-9090,Hopkinsville,KY,2026-03-07
CUST_04965,Kevin Davenport,kevin.davenport@outlook.com,380.520.8272,Hydes,MD,2024-04-08
CUST_04966,Garrett Gamble,garrett.gamble@aol.com,(946)714-6057,Toutle,WA,2025-03-13
CUST_04967,Sharon Thomas,sharon.thomas@aol.com,001-888-612-5895x2875,Toccoa,GA,2026-06-06
CUST_04968,Laura Pitts,laura.pitts@icloud.com,5886211203,Graff,MO,2025-01-13
CUST_04969,Brittany Stevenson,brittany.stevenson@hotmail.com,001-835-724-8665x12529,Germanton,NC,2024-07-23
CUST_04970,William Warner,william.warner@gmail.com,001-292-271-3189,Beaver Dam,KY,2026-03-18
CUST_04971,Aaron Sanchez,aaron.sanchez@yahoo.com,719.219.7344x99475,San Diego,CA,2024-02-07
CUST_04972,Lisa Fuentes,lisa.fuentes@icloud.com,797-327-7455x6422,Ivesdale,IL,2026-08-30
CUST_04973,Thomas Hayden,thomas.hayden@aol.com,309.634.6152,Colcord,WV,2026-03-03
CUST_04974,Roberta Thomas,roberta.thomas@outlook.com,856-208-4169x34021,Tuskegee Institute,AL,2025-12-31
CUST_04975,Ashley Burnett,ashley.burnett@aol.com,(256)710-9290,Opa Locka,FL,2026-03-01
CUST_04976,Angela Sparks,angela.sparks@outlook.com,(296)850-6837,Morgan Hill,CA,2025-08-29
CUST_04977,Jeffrey Garcia,jeffrey.garcia@aol.com,9856623371,Jackson,MS,2024-07-21
CUST_04978,Brandy Floyd,brandy.floyd@yahoo.com,(389)421-7098x90914,Honolulu,HI,2026-05-26
CUST_04979,Heidi Newman,heidi.newman@icloud.com,624.990.9433x32299,Hamilton,GA,2024-01-17
CUST_04980,Rhonda Schultz,rhonda.schultz@gmail.com,001-894-851-5892,Port Sulphur,LA,2024-03-04
CUST_04981,Joshua Gonzalez,joshua.gonzalez@hotmail.com,360-459-4520x5898,Wilkes Barre,PA,2025-10-25
CUST_04982,Martin Garcia,martin.garcia@hotmail.com,612.474.2898,Ashland City,TN,2025-06-08
CUST_04983,Claudia Wagner,claudia.wagner@outlook.com,777.674.4395,Bolton,NC,2026-02-02
CUST_04984,Catherine Moore,catherine.moore@outlook.com,8144057654,Berlin,NH,2024-07-29
CUST_04985,Heather Franco,heather.franco@yahoo.com,001-953-861-2152,Milton,FL,2024-07-29
CUST_04986,Teresa Jones,teresa.jones@outlook.com,+1-680-971-0121x4238,Canal Point,FL,2026-03-01
CUST_04987,Darrell David,darrell.david@icloud.com,+1-427-917-8123,Hoolehua,HI,2026-02-07
CUST_04988,Michael Lee,michael.lee@hotmail.com,+1-578-201-2537,West Palm Beach,FL,2024-12-27
CUST_04989,Travis Sutton,travis.sutton@gmail.com,563.805.1786x2158,Ola,AR,2024-08-07
CUST_04990,Tamara Howard,tamara.howard@outlook.com,(826)330-5048x17504,Birmingham,AL,2024-04-13
CUST_04991,Kim Li,kim.li@yahoo.com,391.674.9982x274,Minneapolis,MN,2023-11-14
CUST_04992,Juan Moon,juan.moon@aol.com,740.328.0915x5165,Birmingham,IA,2024-10-26
CUST_04993,Brandon Gilmore,brandon.gilmore@hotmail.com,602-505-6878,Fulshear,TX,2023-12-22
CUST_04994,Sandra Ramirez,sandra.ramirez@yahoo.com,8177903925,Kent City,MI,2024-07-05
CUST_04995,Andrew Moyer,andrew.moyer@outlook.com,+1-449-887-8495,Birmingham,AL,2026-01-04
CUST_04996,Leslie Daniels,leslie.daniels@hotmail.com,2768464314,Rock Glen,PA,2023-11-11
CUST_04997,Shelby Solis,shelby.solis@hotmail.com,001-593-325-2033,Princeton,LA,2024-06-10
CUST_04998,Raven Olson,raven.olson@yahoo.com,452.403.7451,Schenectady,NY,2024-12-19
CUST_04999,James Russell,james.russell@gmail.com,+1-437-252-6675x22207,Williamson,WV,2024-08-31
CUST_05000,Sandra Romero,sandra.romero@gmail.com,524-222-1306,Le Grand,CA,2026-07-24
CUST_05001,Charles Ortiz,charles.ortiz@hotmail.com,7206086151,El Paso,TX,2024-07-21
CUST_05002,Julie Blackburn,julie.blackburn@hotmail.com,418-368-9302,Tarpley,TX,2026-01-23
CUST_05003,Douglas Allen,douglas.allen@gmail.com,+1-508-392-5992x421,Wilmington,NC,2025-11-08
CUST_05004,Kristen Myers,kristen.myers@aol.com,4175937654,Aurora,IL,2026-04-09
CUST_05005,Courtney Hammond,courtney.hammond@aol.com,575.388.6556x89581,Askov,MN,2025-07-01
CUST_05006,Jennifer Fernandez,jennifer.fernandez@gmail.com,(573)312-4118,Lake Bronson,MN,2025-12-02
CUST_05007,Andrew Harding,andrew.harding@icloud.com,366.402.1694,Merritt Island,FL,2025-03-11
CUST_05008,Vanessa Shaw,vanessa.shaw@aol.com,001-458-897-7813x061,Scottsdale,AZ,2024-06-03
CUST_05009,John Shaw,john.shaw@outlook.com,470-796-6395,Hecla,SD,2025-11-16
CUST_05010,Lisa Wong,lisa.wong@icloud.com,366-902-3492x7531,Bandana,KY,2024-08-28
CUST_05011,Michael Decker,michael.decker@gmail.com,970-263-2377x79187,Lanesboro,PA,2024-02-25
CUST_05012,Jillian Clayton,jillian.clayton@aol.com,001-828-275-4907x91294,Star,MS,2025-08-03
CUST_05013,Sara Rowe,sara.rowe@yahoo.com,(452)349-4020x94790,Afton,OK,2026-04-27
CUST_05014,Joshua Curtis,joshua.curtis@outlook.com,283.733.4468,Kincheloe,MI,2026-07-09
CUST_05015,Lucas Davis,lucas.davis@hotmail.com,613.945.6038x04734,Bowersville,GA,2025-06-30
CUST_05016,Jocelyn Clayton,jocelyn.clayton@hotmail.com,5495055636,Newark,NJ,2026-04-19
CUST_05017,David Harrison,david.harrison@outlook.com,(478)702-6759x758,Mccleary,WA,2024-12-04
CUST_05018,Christopher Munoz,christopher.munoz@gmail.com,323.245.7872x1434,Sardinia,SC,2023-12-23
CUST_05019,Vincent Greene,vincent.greene@hotmail.com,609-592-7775,Glastonbury,CT,2025-09-17
CUST_05020,Anthony Novak,anthony.novak@aol.com,+1-933-820-8208x638,Fairfield,VT,2024-09-16
CUST_05021,Jessica Barr,jessica.barr@gmail.com,001-233-378-5096x2694,Fallbrook,CA,2024-07-04
CUST_05022,Andrea Wright,andrea.wright@yahoo.com,(658)531-4447x28939,Sublime,TX,2025-08-28
CUST_05023,Timothy Robinson,timothy.robinson@aol.com,(306)901-0801,Fairfield,OH,2025-01-18
CUST_05024,Anthony Anderson,anthony.anderson@hotmail.com,3737071026,Smithfield,ME,2024-03-27
CUST_05025,Amanda Bowman,amanda.bowman@gmail.com,433.409.0741x538,Sycamore,AL,2025-02-16
CUST_05026,Tina Campbell,tina.campbell@yahoo.com,231.460.3180,Merigold,MS,2025-05-28
CUST_05027,Wendy Washington,wendy.washington@aol.com,911-425-2630x56211,Rumely,MI,2023-12-30
CUST_05028,Elijah Smith,elijah.smith@gmail.com,2093543521,Maud,OK,2025-05-04
CUST_05029,Alexis Fisher,alexis.fisher@gmail.com,306-701-5627x139,Warren,PA,2023-12-31
CUST_05030,Adam Floyd,adam.floyd@yahoo.com,4615963292,Valencia,CA,2024-07-13
CUST_05031,Kenneth Hampton,kenneth.hampton@icloud.com,652-419-3475,Shipshewana,IN,2023-12-18
CUST_05032,Kevin Riggs,kevin.riggs@yahoo.com,(924)942-7684x7756,Oklaunion,TX,2026-03-05
CUST_05033,Aaron Diaz,aaron.diaz@aol.com,(874)837-3239x9533,Hobgood,NC,2024-03-19
CUST_05034,James Gay,james.gay@yahoo.com,001-218-927-4616,Moshannon,PA,2025-01-07
CUST_05035,Brian Brown,brian.brown@outlook.com,2794165402,West Union,IA,2023-10-21
CUST_05036,Christina White,christina.white@outlook.com,917.501.0322,San Antonio,TX,2026-06-21
CUST_05037,Lauren Morgan,lauren.morgan@yahoo.com,424.884.6233x66410,Ukiah,CA,2024-04-20
CUST_05038,Steven Weaver,steven.weaver@gmail.com,001-672-324-7054x323,Fort Collins,CO,2024-02-07
CUST_05039,Jorge Hawkins,jorge.hawkins@yahoo.com,923-715-4213,Dundee,MI,2024-06-24
CUST_05040,Thomas Clark,thomas.clark@icloud.com,979-863-8251x01519,Norfolk,VA,2026-08-01
CUST_05041,Misty Zamora,misty.zamora@hotmail.com,(591)409-2856,Council,NC,2025-03-01
CUST_05042,Matthew Austin,matthew.austin@hotmail.com,+1-524-703-8904x44641,Brownwood,TX,2024-04-22
CUST_05043,Jennifer Sherman,jennifer.sherman@yahoo.com,+1-383-787-9570,Cheboygan,MI,2024-08-20
CUST_05044,Tracey Schmidt,tracey.schmidt@aol.com,001-687-850-1442x95544,Normal,AL,2023-09-16
CUST_05045,Maria Kaufman,maria.kaufman@hotmail.com,001-227-428-7696,Rowe,NM,2026-08-25
CUST_05046,David Gonzales,david.gonzales@aol.com,+1-725-864-1412x09154,Saint Regis,MT,2025-05-22
CUST_05047,Meghan Kline,meghan.kline@outlook.com,(620)969-3673x967,Pleasantville,OH,2024-01-13
CUST_05048,James Myers,james.myers@yahoo.com,608.711.2577,Mora,LA,2026-06-01
CUST_05049,John Patterson,john.patterson@icloud.com,2313164065,Berkeley,CA,2026-08-05
CUST_05050,Christopher Flowers,christopher.flowers@icloud.com,396.829.3248x5414,Catharine,KS,2025-04-03
CUST_05051,Wanda Kramer,wanda.kramer@outlook.com,657.916.7295,Medimont,ID,2025-03-15
CUST_05052,Kathy Hamilton,kathy.hamilton@yahoo.com,+1-654-925-4376,Brigantine,NJ,2024-01-04
CUST_05053,Kimberly Ayala,kimberly.ayala@gmail.com,374-814-0904x618,Newtonville,NY,2026-03-24
CUST_05054,Jasmine Walker,jasmine.walker@icloud.com,+1-526-657-8185x9322,Crossville,TN,2024-07-03
CUST_05055,Elizabeth Burgess,elizabeth.burgess@aol.com,(867)766-3357,New Hudson,MI,2025-01-11
CUST_05056,Samuel Weber,samuel.weber@yahoo.com,001-351-424-3347x4118,Bonita,LA,2024-01-18
CUST_05057,John Burke,john.burke@outlook.com,253.999.5638x34368,Waterville,ME,2026-01-27
CUST_05058,Kristina Barker,kristina.barker@icloud.com,4863887197,Calhoun City,MS,2025-10-03
CUST_05059,Billy James,billy.james@gmail.com,+1-324-318-8403,Jamestown,VA,2025-06-13
CUST_05060,Christopher Hobbs,christopher.hobbs@aol.com,(226)786-4141x252,Hempstead,NY,2024-09-04
CUST_05061,Alex Davis,alex.davis@icloud.com,854.478.3475x614,Anita,PA,2024-11-12
CUST_05062,Stephen Cameron,stephen.cameron@hotmail.com,001-842-534-7484x2979,Hartford,CT,2025-03-04
CUST_05063,Andrew Ramos,andrew.ramos@yahoo.com,(359)468-2212x0797,Panacea,FL,2024-07-16
CUST_05064,Brandy Walls,brandy.walls@icloud.com,982.399.0530x1867,Fresno,CA,2026-04-12
CUST_05065,Derrick Duncan,derrick.duncan@aol.com,+1-701-993-4325x30758,Metter,GA,2024-12-25
CUST_05066,Austin Young,austin.young@gmail.com,9873781581,Bally,PA,2026-01-08
CUST_05067,Christopher Harris,christopher.harris@outlook.com,685-953-9565x364,Plains,GA,2024-02-14
CUST_05068,Caleb Collins,caleb.collins@gmail.com,685-219-9756,Lucas,OH,2025-05-14
CUST_05069,Gary White,gary.white@gmail.com,549-232-3671x1755,Houston,TX,2023-11-01
CUST_05070,Patrick Michael,patrick.michael@icloud.com,(849)556-5214x378,North Thetford,VT,2025-01-30
CUST_05071,Madison Knight,madison.knight@aol.com,(387)633-5801x273,Lawrence,KS,2024-12-24
CUST_05072,Steven Williams,steven.williams@hotmail.com,349.919.7658x57680,Jackson,MS,2024-08-18
CUST_05073,Daniel Turner,daniel.turner@aol.com,001-425-575-4537,Dpo,AE,2025-01-18
CUST_05074,Andrew Morris,andrew.morris@aol.com,001-379-987-8766x2161,Shirley,NY,2026-03-19
CUST_05075,Colleen Rogers,colleen.rogers@icloud.com,250-337-3540x2731,Grantsboro,NC,2025-03-11
CUST_05076,Ashley Butler,ashley.butler@icloud.com,+1-681-849-6377x91821,Brule,WI,2024-10-23
CUST_05077,Rachel Fitzgerald,rachel.fitzgerald@aol.com,368.307.1705,Ahoskie,NC,2024-02-28
CUST_05078,Patricia Gordon,patricia.gordon@icloud.com,001-311-333-3600x58896,Cleveland,OH,2025-03-20
CUST_05079,Jeremy Berry,jeremy.berry@gmail.com,931-798-0891,Aguila,AZ,2026-02-18
CUST_05080,Stacy Taylor,stacy.taylor@gmail.com,(751)402-0761,Allerton,IA,2024-12-08
CUST_05081,Denise Rogers,denise.rogers@aol.com,9664482919,Gulf Shores,AL,2026-02-27
CUST_05082,Jeffrey Herrera,jeffrey.herrera@yahoo.com,+1-689-363-9668x1588,Fairbanks,AK,2024-06-25
CUST_05083,Kimberly Park,kimberly.park@gmail.com,+1-863-669-9697x9681,Garrison,TX,2025-05-16
CUST_05084,Kevin Martinez,kevin.martinez@hotmail.com,929.487.4098x022,Rose,NY,2024-11-27
CUST_05085,Chelsea Davis,chelsea.davis@outlook.com,(426)225-6082x057,Coolidge,KS,2024-12-29
CUST_05086,Brian Robertson,brian.robertson@yahoo.com,001-950-606-3102x57421,Los Osos,CA,2025-11-10
CUST_05087,Greg Miller,greg.miller@yahoo.com,+1-456-950-9261x7318,Lindside,WV,2023-12-10
CUST_05088,Stephen Dean,stephen.dean@aol.com,001-248-754-2659,Jacksonville,FL,2024-07-10
CUST_05089,Alexander Saunders,alexander.saunders@icloud.com,(437)929-6411,Inglewood,CA,2026-02-17
CUST_05090,Tyrone Flowers,tyrone.flowers@yahoo.com,(782)526-4271x6373,Sartell,MN,2026-01-19
CUST_05091,Katherine Castillo,katherine.castillo@gmail.com,582-618-0686x08169,Lockhart,SC,2026-05-27
CUST_05092,Daniel Parker,daniel.parker@yahoo.com,218-720-5274,Brandywine,WV,2026-05-29
CUST_05093,Tracy English,tracy.english@hotmail.com,(322)960-4502x76646,Hewett,WV,2024-01-20
CUST_05094,Scott Stone,scott.stone@aol.com,001-506-287-8243x7276,Brenham,TX,2025-04-20
CUST_05095,Crystal Gutierrez,crystal.gutierrez@outlook.com,365.477.6584,El Paso,TX,2023-11-13
CUST_05096,Sheri Ortiz,sheri.ortiz@icloud.com,(372)785-5246,Shreveport,LA,2023-12-01
CUST_05097,Lisa Ryan,lisa.ryan@gmail.com,609.470.0919x074,Haddam,CT,2025-05-15
CUST_05098,Spencer Murray,spencer.murray@hotmail.com,808-542-8050x7561,Wagoner,OK,2025-04-03
CUST_05099,Lori Murray,lori.murray@aol.com,001-924-369-9359x168,Cottondale,AL,2026-06-07
CUST_05100,Victoria Young,victoria.young@yahoo.com,9355462764,Negley,OH,2025-05-29
CUST_05101,Danielle Tran,danielle.tran@aol.com,(998)635-8101,Woodward,OK,2026-08-08
CUST_05102,Larry Thomas,larry.thomas@yahoo.com,730-941-6429,Washington,DC,2023-10-13
CUST_05103,Mark Hernandez,mark.hernandez@aol.com,218.521.0654,Detroit,TX,2024-04-26
CUST_05104,Tracy Villanueva,tracy.villanueva@aol.com,622-570-4265x188,Woodstock,OH,2024-02-29
CUST_05105,David Dyer,david.dyer@hotmail.com,001-979-335-9937,Tucson,AZ,2024-03-15
CUST_05106,Mark Frederick,mark.frederick@icloud.com,456.480.2533x62532,Frazer,MT,2024-09-22
CUST_05107,Larry Kelley,larry.kelley@gmail.com,001-332-595-1183x3276,Springfield,MO,2026-05-08
CUST_05108,Brandy Gibson,brandy.gibson@outlook.com,001-739-825-4831x822,Arlington,MA,2024-04-03
CUST_05109,James Foster,james.foster@outlook.com,929.781.6143,Roanoke,VA,2023-12-18
CUST_05110,Nancy Woodard,nancy.woodard@hotmail.com,+1-566-889-5225x915,Delta,OH,2025-10-17
CUST_05111,Kevin Phillips,kevin.phillips@yahoo.com,001-594-219-7271,Harwich Port,MA,2024-05-29
CUST_05112,Edward Campbell,edward.campbell@outlook.com,335-945-0300,Sedgwick,AR,2023-11-25
CUST_05113,Jacqueline Dennis,jacqueline.dennis@outlook.com,469.200.9910x937,Iuka,IL,2025-08-05
CUST_05114,Reginald Wise,reginald.wise@outlook.com,802-580-3527,Hayward,CA,2025-12-03
CUST_05115,Adam Edwards,adam.edwards@gmail.com,378-644-8804,Floral,AR,2024-07-31
CUST_05116,Danielle Brown,danielle.brown@icloud.com,713.201.7021x63068,Imbler,OR,2023-09-22
CUST_05117,Alexandra Klein,alexandra.klein@yahoo.com,3488750873,Morristown,NJ,2025-04-07
CUST_05118,Allen Klein,allen.klein@gmail.com,339-563-0169x50471,Rockford,AL,2024-06-27
CUST_05119,William Silva,william.silva@icloud.com,466-357-4145x05316,Chloride,AZ,2026-07-13
CUST_05120,Todd Robinson,todd.robinson@aol.com,(822)759-3824,Livingston,WI,2025-09-24
CUST_05121,Jessica Hunter,jessica.hunter@yahoo.com,913-358-8581,Urbana,IN,2026-04-22
CUST_05122,April Campbell,april.campbell@hotmail.com,(641)602-2795x9993,Union City,IN,2024-01-01
CUST_05123,Jessica Pham,jessica.pham@hotmail.com,504-556-9046,Goff,KS,2024-12-30
CUST_05124,Susan Flowers,susan.flowers@icloud.com,807.727.3922x303,Elfin Cove,AK,2023-11-28
CUST_05125,Thomas Johnston,thomas.johnston@icloud.com,898.919.4267x30543,Udell,IA,2023-11-15
CUST_05126,Frank Smith,frank.smith@hotmail.com,+1-655-764-6345,Peoria,IL,2024-01-08
CUST_05127,Hector Perkins,hector.perkins@yahoo.com,001-714-408-8065x860,Greenport,NY,2023-09-19
CUST_05128,Ashley Stanley,ashley.stanley@outlook.com,797.683.3500x806,Erwin,SD,2025-09-04
CUST_05129,Jessica Hughes,jessica.hughes@aol.com,001-984-762-9838x1920,Fox River Grove,IL,2023-10-20
CUST_05130,Cheryl Jones,cheryl.jones@outlook.com,(987)840-8453x24120,Fremont,MI,2024-12-02
CUST_05131,David Schmidt,david.schmidt@gmail.com,3394938825,Fort Lupton,CO,2026-06-25
CUST_05132,Tara Sullivan,tara.sullivan@gmail.com,001-955-702-1670x56486,Mount Hermon,LA,2025-04-03
CUST_05133,Emily Norton,emily.norton@gmail.com,3313052256,Dallas,TX,2025-07-13
CUST_05134,Heather Brown,heather.brown@icloud.com,442.568.4406x31773,Birmingham,AL,2025-04-10
CUST_05135,Barbara Taylor,barbara.taylor@aol.com,+1-203-678-0975,Mentone,AL,2024-09-12
CUST_05136,Teresa Pena,teresa.pena@yahoo.com,+1-402-386-5993x10791,Staples,TX,2025-07-29
CUST_05137,David Diaz,david.diaz@yahoo.com,(699)524-0535x0708,Tampa,FL,2024-09-21
CUST_05138,Samantha Edwards,samantha.edwards@aol.com,001-441-343-2748x1402,Intervale,NH,2025-10-28
CUST_05139,Christopher Armstrong,christopher.armstrong@yahoo.com,+1-738-676-4279x507,Jackson,MS,2025-08-14
CUST_05140,Christopher Brown,christopher.brown@gmail.com,520-685-7800x7747,Fort Lauderdale,FL,2025-06-16
CUST_05141,Richard White,richard.white@aol.com,619.304.6500x180,White Marsh,VA,2025-05-29
CUST_05142,Cynthia Wilson,cynthia.wilson@hotmail.com,513-554-0855x98956,Pascagoula,MS,2026-03-05
CUST_05143,Theresa Adams,theresa.adams@yahoo.com,(834)544-0474,Unadilla,NE,2026-05-26
CUST_05144,Jay Branch,jay.branch@icloud.com,3368824950,Kincheloe,MI,2026-06-30
CUST_05145,Laurie Williams,laurie.williams@icloud.com,233.966.4700,Keystone Heights,FL,2023-09-15
CUST_05146,Lauren Arellano,lauren.arellano@icloud.com,6348652563,Aurora,IL,2025-05-04
CUST_05147,Taylor Mitchell,taylor.mitchell@gmail.com,001-958-915-2850x579,Rohnert Park,CA,2024-01-07
CUST_05148,Megan Foster,megan.foster@yahoo.com,001-278-604-8440,Newnan,GA,2024-06-15
CUST_05149,Briana Brooks,briana.brooks@icloud.com,001-658-930-4031x8411,Colorado Springs,CO,2026-04-28
CUST_05150,Stephanie Wiley,stephanie.wiley@yahoo.com,569-491-2303x1751,Apo,AE,2023-10-14
CUST_05151,Shannon Harris,shannon.harris@aol.com,001-990-427-8223x672,West Yellowstone,MT,2025-12-20
CUST_05152,Stacey Harris,stacey.harris@aol.com,926.695.9039,Sledge,MS,2023-10-22
CUST_05153,Laura Levy,laura.levy@icloud.com,376.312.9695,Metaline,WA,2024-10-28
CUST_05154,Derek Mueller,derek.mueller@hotmail.com,001-573-328-8724x18983,Willisville,IL,2024-04-08
CUST_05155,Kristen Powers,kristen.powers@outlook.com,498-270-1113x747,Florence,VT,2025-07-28
CUST_05156,Deborah Valdez,deborah.valdez@gmail.com,001-405-594-4596,Traer,IA,2024-05-05
CUST_05157,Yolanda Mccarty,yolanda.mccarty@icloud.com,(373)504-8846x594,Valley Grove,WV,2026-01-17
CUST_05158,Kevin Hall,kevin.hall@yahoo.com,777.503.2423,Laurel,IA,2025-08-08
CUST_05159,Douglas Eaton,douglas.eaton@outlook.com,001-382-396-0084,Winterport,ME,2025-03-05
CUST_05160,Louis Payne,louis.payne@gmail.com,(746)584-4064,Beaumont,TX,2026-07-04
CUST_05161,Stephanie Tate,stephanie.tate@gmail.com,001-758-791-6145x516,Wilmington,NC,2025-08-21
CUST_05162,Jacqueline Pittman,jacqueline.pittman@icloud.com,766-484-6052,Earlton,NY,2025-05-28
CUST_05163,Rebecca Acevedo,rebecca.acevedo@yahoo.com,213-529-4093,Muskego,WI,2025-05-01
CUST_05164,Elizabeth Hansen,elizabeth.hansen@icloud.com,661-436-6804x1745,Shawnee,KS,2024-11-12
CUST_05165,Charlene Perry,charlene.perry@outlook.com,+1-393-492-4095x474,Powers Lake,WI,2023-11-04
CUST_05166,James Smith,james.smith@gmail.com,929-402-4184x99756,Wheaton,MO,2026-01-11
CUST_05167,Alison Stone,alison.stone@hotmail.com,001-534-225-3749,Coden,AL,2026-05-01
CUST_05168,Robyn Parker,robyn.parker@gmail.com,+1-630-447-1027,Rock Hill,NY,2024-03-16
CUST_05169,Alexander Beck,alexander.beck@icloud.com,+1-475-505-7495,Durham,NC,2026-02-26
CUST_05170,Matthew Austin,matthew.austin@icloud.com,486-664-7076x330,Miami,FL,2026-06-09
CUST_05171,Jonathan Reilly,jonathan.reilly@outlook.com,242.316.8181x2939,Waldo,WI,2024-06-30
CUST_05172,Jonathan Garcia,jonathan.garcia@outlook.com,657.462.7986x381,Georgetown,TX,2026-02-17
CUST_05173,Hannah Jones,hannah.jones@hotmail.com,+1-706-806-4875x1658,Coolidge,TX,2023-09-06
CUST_05174,Jennifer Smith,jennifer.smith@outlook.com,(259)606-5446,Clarkton,MO,2025-08-27
CUST_05175,Randall Rodriguez,randall.rodriguez@outlook.com,(624)314-0442x337,Laporte,MN,2024-04-15
CUST_05176,Gary Schwartz,gary.schwartz@yahoo.com,642.877.2238,Jacksonville,FL,2024-06-10
CUST_05177,Bruce Anderson,bruce.anderson@icloud.com,889.870.7236x14056,Albany,NY,2024-10-04
CUST_05178,Robert Parsons,robert.parsons@outlook.com,001-249-594-0855,Dawn,TX,2026-03-19
CUST_05179,Michael Wade,michael.wade@gmail.com,966-386-9808x096,Saint Clairsville,OH,2023-11-09
CUST_05180,Jordan Powell,jordan.powell@gmail.com,(508)611-8669x2567,Fort Worth,TX,2025-04-28
CUST_05181,Thomas Frazier,thomas.frazier@hotmail.com,(867)653-4344x8157,Pedricktown,NJ,2026-08-06
CUST_05182,Jason Hart,jason.hart@aol.com,273-970-2612x7444,Mooresville,MO,2026-05-02
CUST_05183,Amy Kent,amy.kent@gmail.com,+1-861-453-0077x5205,River Grove,IL,2025-01-30
CUST_05184,Michael Powell,michael.powell@icloud.com,(241)617-0900x313,Brightwood,OR,2023-10-26
CUST_05185,Edward Wright,edward.wright@icloud.com,247.557.1196x637,Royse City,TX,2024-11-06
CUST_05186,Justin Barnes,justin.barnes@outlook.com,668.962.0794,Elm Grove,LA,2024-02-16
CUST_05187,Justin Payne,justin.payne@gmail.com,(498)922-0593x9439,Saint Louis,MO,2024-12-17
CUST_05188,Laurie Ortiz,laurie.ortiz@gmail.com,001-358-688-9718,Waverly,TN,2025-12-27
CUST_05189,Susan Riley,susan.riley@hotmail.com,293-424-8909x9223,North Charleston,SC,2024-10-08
CUST_05190,Nicholas Williams,nicholas.williams@hotmail.com,001-819-494-8991,Bremen,KY,2025-05-16
CUST_05191,Timothy Mitchell,timothy.mitchell@outlook.com,310.459.5847x69335,Peru,NY,2023-11-24
CUST_05192,Tammy Petersen,tammy.petersen@aol.com,+1-227-883-0148x31446,Gordonville,PA,2025-04-18
CUST_05193,Jessica Bailey,jessica.bailey@outlook.com,(434)570-2366x6065,The Lakes,NV,2026-07-04
CUST_05194,Cody Black,cody.black@gmail.com,320.822.9562x99484,Decatur,MI,2023-09-05
CUST_05195,Rebecca Ramos,rebecca.ramos@aol.com,6586432206,Catron,MO,2024-01-20
CUST_05196,Andre Nguyen,andre.nguyen@outlook.com,907-621-4157x034,Butler,OK,2025-01-21
CUST_05197,Jason Ashley,jason.ashley@icloud.com,5118477840,Rockford,OH,2025-03-12
CUST_05198,Mark Cooper,mark.cooper@gmail.com,(940)926-3727x2553,Leeds Point,NJ,2024-09-23
CUST_05199,Nicholas Harmon,nicholas.harmon@icloud.com,586.391.6441,Port Richey,FL,2024-08-18
CUST_05200,John Anderson,john.anderson@aol.com,319-246-6206x74589,Latexo,TX,2024-10-31
CUST_05201,Jennifer French,jennifer.french@gmail.com,316-759-2957,Parcel Return Service,DC,2023-12-14
CUST_05202,Ian Keller,ian.keller@yahoo.com,+1-750-817-2435,El Paso,IL,2026-06-22
CUST_05203,Ruth Johnson,ruth.johnson@hotmail.com,998.678.9407,Burket,IN,2026-05-20
CUST_05204,Christopher Booth,christopher.booth@icloud.com,6376101483,Cleveland,OH,2024-09-30
CUST_05205,Beth Mcmahon,beth.mcmahon@gmail.com,776-292-7317x3636,Mc Sherrystown,PA,2026-07-29
CUST_05206,Lucas Mann,lucas.mann@hotmail.com,833-866-8268x28461,Warsaw,NC,2024-12-04
CUST_05207,Sarah Miller,sarah.miller@icloud.com,+1-441-626-8285x06508,Bedrock,CO,2023-12-11
CUST_05208,Timothy Williams,timothy.williams@gmail.com,844-787-5568x861,Fredericktown,MO,2025-03-25
CUST_05209,David Ruiz,david.ruiz@hotmail.com,9955647094,Fort Pierce,FL,2026-06-26
CUST_05210,Julie Sullivan,julie.sullivan@icloud.com,393.308.2562x538,Milwaukee,WI,2024-06-06
CUST_05211,Stephanie Lawson,stephanie.lawson@outlook.com,001-513-817-2227,Magdalena,NM,2024-08-25
CUST_05212,Stanley Johnston,stanley.johnston@hotmail.com,398.291.4199x273,Dubach,LA,2024-03-30
CUST_05213,Harry Hill,harry.hill@yahoo.com,(866)626-7431x7580,Georgetown,MN,2024-07-31
CUST_05214,Lisa Cohen,lisa.cohen@icloud.com,321.990.1415,Amado,AZ,2026-03-28
CUST_05215,Robert Mayer,robert.mayer@icloud.com,(610)599-4252x922,Broadway,NJ,2025-02-04
CUST_05216,Kevin Black,kevin.black@aol.com,385.368.8551,Tacoma,WA,2025-05-08
CUST_05217,Charles Lamb,charles.lamb@icloud.com,001-812-808-8167x587,Homosassa,FL,2024-08-17
CUST_05218,Christopher Henderson,christopher.henderson@hotmail.com,+1-209-811-4396x37985,Dowling,MI,2026-08-20
CUST_05219,Carol Wood,carol.wood@icloud.com,3366527462,Sidney Center,NY,2026-05-20
CUST_05220,Mark Fields,mark.fields@yahoo.com,(936)445-3864x754,Nicholson,MS,2024-03-28
CUST_05221,Heather Baker,heather.baker@outlook.com,(915)460-1178,Princeton,NJ,2023-11-08
CUST_05222,Kayla Mclaughlin,kayla.mclaughlin@aol.com,769-781-5903x968,Raquette Lake,NY,2025-12-02
CUST_05223,Christina Franco,christina.franco@yahoo.com,001-348-420-9654x7508,Hopland,CA,2024-10-26
CUST_05224,Wanda Harding,wanda.harding@hotmail.com,(325)873-7789,Oak Park,IL,2025-05-31
CUST_05225,Mark Larson,mark.larson@yahoo.com,(834)374-9073x453,South Jordan,UT,2024-10-27
CUST_05226,Heather Castro,heather.castro@outlook.com,967-613-1937x841,Gipsy,PA,2026-02-14
CUST_05227,Robert Forbes,robert.forbes@aol.com,428-513-5322x7030,Calvin,KY,2026-07-25
CUST_05228,Catherine Hill,catherine.hill@aol.com,767-910-4115x31786,Nashville,TN,2024-05-07
CUST_05229,Cody Payne,cody.payne@hotmail.com,001-358-958-9639x0063,Saint Johns,FL,2026-08-26
CUST_05230,Gail Thomas,gail.thomas@icloud.com,(427)676-3669,Barium Springs,NC,2024-06-15
CUST_05231,Brooke Johnson,brooke.johnson@aol.com,001-318-989-6795,Delray Beach,FL,2024-10-17
CUST_05232,Jennifer Ferguson,jennifer.ferguson@yahoo.com,+1-826-985-9590x66629,New York,NY,2024-09-07
CUST_05233,Michael Gonzalez,michael.gonzalez@aol.com,001-637-241-1755,Philadelphia,PA,2024-08-11
CUST_05234,Patrick Rogers,patrick.rogers@yahoo.com,607-699-9561x398,Stanton,MI,2024-12-08
CUST_05235,Kathleen Moon,kathleen.moon@aol.com,+1-999-283-0570,Kemah,TX,2026-05-15
CUST_05236,Kevin Burns,kevin.burns@yahoo.com,+1-822-239-2229x95847,Grant,AL,2026-07-03
CUST_05237,Becky Villa,becky.villa@outlook.com,+1-974-961-6844x176,Lincoln,NE,2026-06-04
CUST_05238,Michelle Black,michelle.black@yahoo.com,647.612.6564x49347,Richmond,VA,2024-10-18
CUST_05239,Anthony Graves,anthony.graves@icloud.com,(931)929-1494,Treichlers,PA,2023-09-29
CUST_05240,Alexander Levine,alexander.levine@outlook.com,001-276-792-2179x6266,Hayfield,MN,2025-09-22
CUST_05241,Rachel Rivera,rachel.rivera@aol.com,001-381-640-3538x4130,Great Falls,MT,2024-10-05
CUST_05242,Melanie Silva,melanie.silva@yahoo.com,001-435-434-3578,Beloit,WI,2026-07-06
CUST_05243,Carol Giles,carol.giles@hotmail.com,+1-764-283-2835x708,Waldron,WA,2024-09-17
CUST_05244,Emily Mcdaniel,emily.mcdaniel@icloud.com,528.541.4254x58163,Manassas,VA,2023-09-22
CUST_05245,Lorraine Kelly,lorraine.kelly@gmail.com,327.605.6203x480,Rushville,OH,2024-10-02
CUST_05246,Joshua Reyes,joshua.reyes@aol.com,205-312-0408,Chalfont,PA,2025-06-14
CUST_05247,Erin Chen,erin.chen@icloud.com,001-713-265-6615,Johnstown,PA,2025-02-02
CUST_05248,Adriana Beasley,adriana.beasley@outlook.com,239.692.4248,Trementina,NM,2026-01-01
CUST_05249,Jason Wright,jason.wright@icloud.com,6355822334,Viola,WI,2025-06-24
CUST_05250,Erica Miller,erica.miller@hotmail.com,(901)256-1956,Amherst,MA,2026-03-01
CUST_05251,Martin Dominguez,martin.dominguez@outlook.com,001-993-612-6954x547,Tamassee,SC,2026-02-08
CUST_05252,Amy Nelson,amy.nelson@icloud.com,945.805.0727,Great Barrington,MA,2026-03-07
CUST_05253,Ryan Kelly,ryan.kelly@yahoo.com,541.213.1259x6124,Mc Afee,NJ,2025-12-26
CUST_05254,Ashley Hamilton,ashley.hamilton@gmail.com,561.475.2232,Milwaukee,WI,2026-03-13
CUST_05255,Brittney Jackson,brittney.jackson@hotmail.com,(593)734-4219,Harrisburg,PA,2024-01-01
CUST_05256,William Alexander,william.alexander@yahoo.com,(232)785-6138,Thayer,IN,2023-11-01
CUST_05257,Matthew Holland,matthew.holland@outlook.com,(732)366-5832x6520,Fairfax,SD,2023-12-25
CUST_05258,Todd Howell,todd.howell@outlook.com,940-383-8581x398,Jerseyville,IL,2026-01-27
CUST_05259,Edward James,edward.james@icloud.com,+1-777-520-3989,Wellsville,KS,2023-10-18
CUST_05260,Robert Reed,robert.reed@hotmail.com,001-840-948-9602x9855,Chicago,IL,2024-08-12
CUST_05261,Shelley Sanders,shelley.sanders@gmail.com,455-375-4477x34939,Epping,ND,2025-03-25
CUST_05262,Joseph Guerra,joseph.guerra@gmail.com,+1-776-262-4306x1527,Broadway,NJ,2023-12-28
CUST_05263,Allison Booth,allison.booth@hotmail.com,689-467-3774,Covington,GA,2024-03-05
CUST_05264,Thomas Chambers,thomas.chambers@icloud.com,735.760.6185x8902,Brookville,IN,2025-08-05
CUST_05265,Jared Montoya,jared.montoya@gmail.com,001-499-307-1097x56660,Temple,TX,2025-07-23
CUST_05266,Peter Lawrence,peter.lawrence@outlook.com,516-958-3156x5934,Moorefield,KY,2024-11-04
CUST_05267,Nancy Mann,nancy.mann@icloud.com,611-495-4035x5227,Fillmore,NY,2025-03-13
CUST_05268,Michelle Lutz,michelle.lutz@outlook.com,317.827.3278,Mc Graws,WV,2026-04-03
CUST_05269,Pamela Sanders,pamela.sanders@hotmail.com,833-593-8314,Arkadelphia,AR,2024-01-01
CUST_05270,Christopher Ortiz,christopher.ortiz@outlook.com,(933)212-0273,Mercer,PA,2023-09-28
CUST_05271,Lori Ramos,lori.ramos@aol.com,001-497-290-8597x9187,Essex,MO,2023-11-01
CUST_05272,Destiny Green,destiny.green@aol.com,3105005642,Larkspur,CA,2024-03-20
CUST_05273,Patrick Graham,patrick.graham@hotmail.com,3618633517,Hinckley,OH,2025-09-01
CUST_05274,Samantha Thompson,samantha.thompson@aol.com,961.549.4044x44748,Dike,TX,2026-04-17
CUST_05275,Brandon Newman,brandon.newman@icloud.com,624-791-4153,Vicco,KY,2025-02-02
CUST_05276,Troy Shelton,troy.shelton@hotmail.com,001-509-359-3029x1465,Due West,SC,2024-06-14
CUST_05277,Kimberly Gomez,kimberly.gomez@hotmail.com,(413)719-8721x26625,Ephrata,WA,2025-12-07
CUST_05278,Dean Dunn,dean.dunn@yahoo.com,656-534-8609x95518,Naoma,WV,2024-03-05
CUST_05279,Carlos Howe,carlos.howe@icloud.com,673.681.9666x6944,Dorothy,WV,2024-11-07
CUST_05280,Eugene Cervantes,eugene.cervantes@gmail.com,(465)593-7974x582,Tuscaloosa,AL,2023-10-06
CUST_05281,Tammy Walsh,tammy.walsh@yahoo.com,448-710-8409x2896,Plainview,NY,2026-07-23
CUST_05282,Joshua Maddox,joshua.maddox@aol.com,6732210677,Washington,DC,2025-10-30
CUST_05283,Hailey Johnson,hailey.johnson@hotmail.com,556-765-4062,Miami,FL,2025-10-20
CUST_05284,Patricia Davis,patricia.davis@aol.com,572-654-0746x14889,Fort Smith,AR,2026-05-14
CUST_05285,Matthew Ramirez,matthew.ramirez@outlook.com,(858)670-4934x0694,Lexington,KY,2025-06-09
CUST_05286,James Leonard,james.leonard@gmail.com,001-987-533-1677x8697,Fpo,AE,2024-05-25
CUST_05287,Erik Smith,erik.smith@hotmail.com,2612340850,Jonestown,MS,2025-08-11
CUST_05288,Derek Smith,derek.smith@icloud.com,(699)797-6448,Toa Alta,PR,2026-02-26
CUST_05289,Mark White,mark.white@yahoo.com,5056340334,Wesley,IA,2025-11-21
CUST_05290,Martin Hernandez,martin.hernandez@gmail.com,001-350-229-7750,Conde,SD,2025-09-09
CUST_05291,Alex Wilson,alex.wilson@outlook.com,(561)874-9791,Paradox,CO,2025-04-15
CUST_05292,Michelle Phillips,michelle.phillips@yahoo.com,+1-764-940-4755x38038,Saint Louis,MO,2026-07-16
CUST_05293,Caroline Chavez,caroline.chavez@icloud.com,6638108886,Fresno,CA,2025-10-02
CUST_05294,Kelly Cooper,kelly.cooper@icloud.com,+1-735-550-7401x954,Cedar Rapids,IA,2024-07-31
CUST_05295,Rebecca Lamb,rebecca.lamb@aol.com,3126011764,Fort Montgomery,NY,2024-06-17
CUST_05296,Robin Moore,robin.moore@hotmail.com,767-537-1534,Puyallup,WA,2025-03-14
CUST_05297,Douglas Lee,douglas.lee@aol.com,997.971.6452x564,Cordova,SC,2024-06-19
CUST_05298,Robert Knox,robert.knox@hotmail.com,+1-904-996-3398x508,Goodlettsville,TN,2025-11-25
CUST_05299,Benjamin Robinson,benjamin.robinson@yahoo.com,001-415-905-7399x8514,Albany,GA,2025-09-03
CUST_05300,Christina Brown,christina.brown@aol.com,(792)656-9595x37477,Berkeley,CA,2024-04-17
CUST_05301,Dawn Cook,dawn.cook@hotmail.com,435-746-8062x83238,Gibson,LA,2026-02-09
CUST_05302,Jacqueline Smith,jacqueline.smith@aol.com,510.439.9548x854,Merom,IN,2024-07-22
CUST_05303,William Good,william.good@hotmail.com,001-578-521-6163,Cocoa,FL,2025-03-13
CUST_05304,Mitchell Hayes,mitchell.hayes@icloud.com,+1-302-761-4257x9650,Aurora,MN,2025-04-09
CUST_05305,Lauren Dixon,lauren.dixon@gmail.com,398-608-6664x567,Freedom,OK,2024-10-10
CUST_05306,Angela Mullen,angela.mullen@icloud.com,001-978-814-7106x1445,Placida,FL,2025-05-13
CUST_05307,Joseph Shaw,joseph.shaw@icloud.com,+1-304-999-6362x1751,Manchester,TN,2023-12-12
CUST_05308,Karen Lloyd,karen.lloyd@hotmail.com,7646565851,El Paso,TX,2024-09-06
CUST_05309,Emily Warren,emily.warren@outlook.com,5272510132,Clendenin,WV,2026-02-10
CUST_05310,Kevin King,kevin.king@hotmail.com,604.235.2564x0972,Saginaw,MI,2024-04-12
CUST_05311,Bethany Martin,bethany.martin@hotmail.com,(682)266-9144,Presho,SD,2024-03-24
CUST_05312,Jonathan Murray,jonathan.murray@outlook.com,001-539-212-0350x31528,Chugwater,WY,2024-05-25
CUST_05313,Melissa Dennis,melissa.dennis@aol.com,891.479.0392x0253,Humphreys,MO,2025-06-11
CUST_05314,Gary Hicks,gary.hicks@icloud.com,(264)644-2254x9668,Buckatunna,MS,2026-06-22
CUST_05315,Christopher Larsen,christopher.larsen@outlook.com,529.642.6460,Martinton,IL,2025-09-18
CUST_05316,Thomas Knight,thomas.knight@gmail.com,882.800.3508x13187,Hamden,NY,2025-07-09
CUST_05317,Steven Rosario,steven.rosario@aol.com,355-573-7775,Lacombe,LA,2025-12-31
CUST_05318,Eric Saunders,eric.saunders@hotmail.com,+1-668-867-3274x2987,Fish Haven,ID,2026-03-13
CUST_05319,Richard Stevens,richard.stevens@yahoo.com,664.778.4709,Alpena,SD,2025-09-23
CUST_05320,Kevin Swanson,kevin.swanson@outlook.com,839.780.6075x4639,Louisville,KY,2023-10-18
CUST_05321,Roberto Palmer,roberto.palmer@icloud.com,(774)537-2826x4484,South Willington,CT,2026-05-17
CUST_05322,Rebecca Hubbard,rebecca.hubbard@aol.com,9479421814,Onida,SD,2024-03-20
CUST_05323,Maria Davis,maria.davis@icloud.com,7575103583,New Orleans,LA,2024-06-21
CUST_05324,Tyler Lee,tyler.lee@yahoo.com,713.620.9726x669,Essex,MA,2025-02-26
CUST_05325,Danny White,danny.white@gmail.com,5309945396,Saltillo,MS,2025-11-22
CUST_05326,Jennifer Hudson,jennifer.hudson@yahoo.com,+1-796-791-1784x302,Minot,ND,2024-02-01
CUST_05327,Sean Smith,sean.smith@outlook.com,766.494.5910x4955,Lafayette Hill,PA,2024-10-17
CUST_05328,Benjamin Dean,benjamin.dean@aol.com,+1-699-772-1638x6017,Wichita,KS,2026-07-29
CUST_05329,Mark Burton,mark.burton@yahoo.com,462-489-0430,Kenner,LA,2025-02-02
CUST_05330,Rebecca Watson,rebecca.watson@icloud.com,+1-891-808-3993x66606,Kings Bay,GA,2024-10-28
CUST_05331,Michael Thomas,michael.thomas@icloud.com,646.464.4081x71685,Mountainair,NM,2024-06-08
CUST_05332,Alexander Davis,alexander.davis@aol.com,325-700-0256,Blevins,AR,2025-04-24
CUST_05333,Courtney Miller,courtney.miller@aol.com,686.780.3400,Madison,WI,2023-12-28
CUST_05334,Richard Robinson,richard.robinson@gmail.com,(911)369-5796,San Jose,CA,2024-09-10
CUST_05335,Nichole Lewis,nichole.lewis@yahoo.com,8573100228,Pinto,MD,2025-08-14
CUST_05336,Adrian Gray,adrian.gray@hotmail.com,765-406-7879,New Orleans,LA,2024-09-16
CUST_05337,Mario Roman,mario.roman@icloud.com,(240)494-8220,Snelling,CA,2024-11-29
CUST_05338,Lauren Wells,lauren.wells@gmail.com,799.590.8124x3229,Gateway,CO,2025-03-19
CUST_05339,Donna Martin,donna.martin@aol.com,9067776441,Aline,OK,2026-01-04
CUST_05340,Anthony Stewart,anthony.stewart@icloud.com,2447291141,Troutman,NC,2023-10-13
CUST_05341,Cynthia Spencer,cynthia.spencer@gmail.com,7458500009,Clio,IA,2024-04-23
CUST_05342,Melissa Harris,melissa.harris@yahoo.com,775.297.0049x52864,Pikeville,NC,2024-01-15
CUST_05343,Jessica Booth,jessica.booth@yahoo.com,516.931.8177x76636,San Miguel,CA,2024-02-21
CUST_05344,Rachel Edwards,rachel.edwards@outlook.com,6709909261,Santa Clara,CA,2025-06-21
CUST_05345,Mary Robinson,mary.robinson@hotmail.com,(225)949-1658,Chinquapin,NC,2026-03-10
CUST_05346,Tanya Moran,tanya.moran@outlook.com,585-965-3973x263,Indian Springs,NV,2024-08-01
CUST_05347,James Green,james.green@aol.com,(813)964-1165x65850,Woodbury,PA,2026-07-20
CUST_05348,Madeline Ferguson,madeline.ferguson@aol.com,932-620-8116,Goff,KS,2026-08-16
CUST_05349,Kenneth Walters,kenneth.walters@yahoo.com,673-570-1347,Licking,MO,2026-07-25
CUST_05350,Tammy Blevins,tammy.blevins@icloud.com,(965)635-5169,New York,NY,2026-01-14
CUST_05351,Jon Gomez,jon.gomez@yahoo.com,001-627-982-3323x63077,San Juan,PR,2025-11-28
CUST_05352,Jasmine Munoz,jasmine.munoz@gmail.com,(264)220-0170x97310,Drums,PA,2025-04-12
CUST_05353,Amy Navarro,amy.navarro@aol.com,519-461-3575x52183,Princeton,NC,2025-11-19
CUST_05354,Alexander Stewart,alexander.stewart@icloud.com,649-769-1941x689,Spring Lake,NC,2023-12-14
CUST_05355,Thomas Lambert,thomas.lambert@gmail.com,001-858-792-8150x599,Haleiwa,HI,2024-06-20
CUST_05356,Amanda Wiley,amanda.wiley@yahoo.com,254-539-9468,South Mountain,PA,2026-05-28
CUST_05357,Travis Holt,travis.holt@icloud.com,(978)888-2138x820,North Eastham,MA,2023-09-01
CUST_05358,Linda Thomas,linda.thomas@hotmail.com,581.232.8614,Orland,ME,2025-04-08
CUST_05359,Brandon Mcneil,brandon.mcneil@hotmail.com,684.909.0274,Quakake,PA,2025-10-28
CUST_05360,Jonathon Mckee,jonathon.mckee@gmail.com,001-252-371-5301x83396,Robersonville,NC,2023-10-22
CUST_05361,Nicholas Christensen,nicholas.christensen@hotmail.com,503-945-8646x1582,Du Bois,IL,2026-01-16
CUST_05362,John Gonzalez,john.gonzalez@outlook.com,(327)926-5674x9576,Memphis,TN,2026-06-03
CUST_05363,Joseph Robertson,joseph.robertson@yahoo.com,(265)829-3890x507,Redfield,SD,2025-09-14
CUST_05364,Carol Davis,carol.davis@hotmail.com,001-445-725-6732x70105,Casper,WY,2026-01-27
CUST_05365,Sandra Graham,sandra.graham@yahoo.com,977-671-1964,Kimper,KY,2026-07-26
CUST_05366,David Jordan,david.jordan@aol.com,(535)831-5159,Danielson,CT,2023-11-09
CUST_05367,Thomas Kelly,thomas.kelly@hotmail.com,218.995.1764x31226,Peoria,IL,2024-10-26
CUST_05368,Elizabeth Nelson,elizabeth.nelson@aol.com,+1-691-599-3667,Naples,FL,2024-07-08
CUST_05369,Kirsten Jones,kirsten.jones@icloud.com,+1-528-638-9384x1931,Dallas,TX,2025-12-01
CUST_05370,James Myers,james.myers@yahoo.com,(801)850-0398x765,Camp Douglas,WI,2024-05-22
CUST_05371,Erika Parks,erika.parks@gmail.com,827.714.1478x594,Eastanollee,GA,2024-12-18
CUST_05372,James Hamilton,james.hamilton@hotmail.com,7885010961,Bronx,NY,2024-09-08
CUST_05373,Ralph Kim,ralph.kim@aol.com,565.853.4350x024,Arlington,TX,2024-10-03
CUST_05374,Aaron Holland,aaron.holland@yahoo.com,388.696.0465x71471,Watkins,IA,2026-01-19
CUST_05375,Peter Craig,peter.craig@aol.com,4097977525,Early,IA,2023-12-16
CUST_05376,Jill Johnston,jill.johnston@aol.com,(408)343-1272,West Alexandria,OH,2025-12-21
CUST_05377,Leslie Oconnell,leslie.oconnell@icloud.com,3053763249,Fort Smith,AR,2024-02-12
CUST_05378,Kristin Young,kristin.young@icloud.com,302.618.1976x6131,Atlanta,GA,2026-01-10
CUST_05379,Christine Chung,christine.chung@gmail.com,753.323.8084x59491,Central,AK,2025-10-09
CUST_05380,Joshua Gonzalez,joshua.gonzalez@outlook.com,+1-361-428-6821x375,Knox,ND,2025-12-20
CUST_05381,Susan Rios,susan.rios@outlook.com,(630)280-9887x02960,Crescent City,CA,2024-12-15
CUST_05382,George King,george.king@yahoo.com,001-549-893-7903x40683,Belle Valley,OH,2024-11-12
CUST_05383,Kevin Sawyer,kevin.sawyer@outlook.com,366.848.6218x18062,Flatwoods,KY,2026-03-05
CUST_05384,Stephanie Green,stephanie.green@hotmail.com,759.773.0013,Apalachin,NY,2024-02-12
CUST_05385,Evan Alvarez,evan.alvarez@aol.com,(897)556-2697x417,Bethel,MN,2025-11-25
CUST_05386,Samantha Harper,samantha.harper@hotmail.com,001-958-965-8198x65129,Maroa,IL,2026-01-17
CUST_05387,Scott Evans,scott.evans@yahoo.com,001-805-773-0025x174,Big Oak Flat,CA,2024-09-02
CUST_05388,Valerie Arnold,valerie.arnold@hotmail.com,+1-641-380-7651x035,Schoenchen,KS,2025-02-03
CUST_05389,Tracy Davis,tracy.davis@yahoo.com,+1-854-735-9492x11115,Lebo,KS,2024-01-14
CUST_05390,Pamela Villegas,pamela.villegas@aol.com,+1-596-832-8732x23027,Dpo,AP,2025-05-15
CUST_05391,Connie Lawson,connie.lawson@icloud.com,+1-661-976-9964x0821,Apo,AE,2026-04-28
CUST_05392,Ricky Roberts,ricky.roberts@outlook.com,799.821.9317x174,Saint Paul,MN,2024-03-12
CUST_05393,Robert Hernandez,robert.hernandez@gmail.com,656.618.5781x39242,Early,IA,2025-08-21
CUST_05394,Yvonne Reynolds,yvonne.reynolds@outlook.com,001-477-588-4757x87542,Holcomb,IL,2026-07-11
CUST_05395,Martin Clark,martin.clark@gmail.com,207.400.2968,Fowlstown,GA,2026-03-21
CUST_05396,William Frederick,william.frederick@aol.com,+1-994-412-7000x83037,New Brunswick,NJ,2024-01-04
CUST_05397,Cindy Juarez,cindy.juarez@gmail.com,(866)746-8201x7336,Brookdale,CA,2025-10-19
CUST_05398,Alex Larson,alex.larson@aol.com,+1-832-728-2336x36539,Tulsa,OK,2024-01-29
CUST_05399,Trevor Gibbs,trevor.gibbs@aol.com,(743)531-1286x715,Hearne,TX,2026-05-11
CUST_05400,Marissa Jackson,marissa.jackson@aol.com,+1-850-829-7726x8177,Rockville,MD,2024-01-23
CUST_05401,Jennifer Brown,jennifer.brown@hotmail.com,001-670-783-0491x48729,New Brunswick,NJ,2024-11-26
CUST_05402,Jeffery Moore,jeffery.moore@hotmail.com,676.300.0733x854,Davis City,IA,2024-12-23
CUST_05403,Caitlin Wall,caitlin.wall@hotmail.com,+1-652-213-0360x97623,Cedar Hill,TX,2026-03-21
CUST_05404,Michelle Miller,michelle.miller@gmail.com,600-604-4207x299,Lupton,MI,2024-02-18
CUST_05405,Michael Thomas,michael.thomas@outlook.com,+1-994-822-6312x9668,Spokane,WA,2025-04-01
CUST_05406,Brian Bowman,brian.bowman@aol.com,817-490-8513x50623,Venetie,AK,2024-12-30
CUST_05407,James Williams,james.williams@icloud.com,475.270.4244,Harrold,SD,2024-05-07
CUST_05408,Kenneth Duncan,kenneth.duncan@hotmail.com,9396800393,Douglassville,TX,2026-07-08
CUST_05409,Mary Johnson,mary.johnson@outlook.com,(466)838-7669x6413,Tyler,TX,2025-01-19
CUST_05410,Alexandra Black,alexandra.black@aol.com,505.651.9142x965,Onamia,MN,2026-02-03
CUST_05411,Kara Richard,kara.richard@hotmail.com,580-385-2831x0123,Clare,MI,2026-07-23
CUST_05412,David Walsh,david.walsh@outlook.com,775.901.6118,Monroe,ME,2025-05-18
CUST_05413,Brian Owens,brian.owens@hotmail.com,208.588.6455,Beaver Crossing,NE,2024-11-27
CUST_05414,Monica Hamilton,monica.hamilton@outlook.com,(619)242-2508,Pavo,GA,2026-08-28
CUST_05415,Donna Bennett,donna.bennett@aol.com,286-988-2189x9504,Reno,NV,2024-07-09
CUST_05416,Karen Robertson,karen.robertson@outlook.com,734.291.1076x257,Huffman,TX,2025-10-16
CUST_05417,Thomas Fleming,thomas.fleming@aol.com,847.299.5988x77679,Batson,TX,2026-01-24
CUST_05418,Kyle Fuller,kyle.fuller@yahoo.com,001-688-408-9723x03949,Rushville,MO,2023-09-17
CUST_05419,Phillip Perkins,phillip.perkins@hotmail.com,001-782-768-6405x63825,Duluth,MN,2024-07-15
CUST_05420,Monique Atkins,monique.atkins@outlook.com,(635)365-5337x74430,Cheney,WA,2023-12-19
CUST_05421,Madison Hamilton,madison.hamilton@yahoo.com,641.991.9766,Holland,MI,2024-02-05
CUST_05422,Lisa Conner,lisa.conner@outlook.com,(867)523-0099,Burkeville,TX,2024-02-25
CUST_05423,Caroline Walker,caroline.walker@yahoo.com,+1-948-684-0808,Woden,IA,2024-06-18
CUST_05424,Jonathan Sanford,jonathan.sanford@icloud.com,970-850-6296,Hawthorne,CA,2024-05-02
CUST_05425,Timothy Rios,timothy.rios@outlook.com,4426617439,New Haven,KY,2025-06-21
CUST_05426,Jesus Irwin,jesus.irwin@yahoo.com,740-380-8458x8542,Loxahatchee,FL,2026-02-27
CUST_05427,Daniel Bradley,daniel.bradley@aol.com,976.345.9604x049,Estero,FL,2024-09-23
CUST_05428,Shannon Anderson,shannon.anderson@aol.com,(293)514-1149x8173,Ava,OH,2024-11-13
CUST_05429,Thomas Franco,thomas.franco@gmail.com,(985)287-0444x753,Loretto,MI,2026-06-17
CUST_05430,Charles Morris,charles.morris@aol.com,(261)843-3797,Washington,DC,2023-11-04
CUST_05431,Christopher Garrett,christopher.garrett@yahoo.com,771-231-0830x767,Tannersville,NY,2025-11-07
CUST_05432,Ruth Hanna,ruth.hanna@outlook.com,+1-816-256-2511x488,Smyrna,MI,2025-03-11
CUST_05433,Nathan Vasquez,nathan.vasquez@yahoo.com,490.957.9581x758,Calhoun,MO,2025-11-21
CUST_05434,Martin Green,martin.green@gmail.com,467.663.0877,Senath,MO,2023-10-11
CUST_05435,Anthony Wilson,anthony.wilson@aol.com,(360)588-3338,Bronx,NY,2026-06-21
CUST_05436,Roger Brown,roger.brown@yahoo.com,4823766126,Fpo,AE,2024-08-06
CUST_05437,Jason Sanders,jason.sanders@yahoo.com,851.602.5553x40421,Benson,MN,2023-08-31
CUST_05438,Jason Moore,jason.moore@aol.com,531.998.0907x63120,Clinton,IA,2026-06-04
CUST_05439,Ana Duncan,ana.duncan@hotmail.com,+1-670-921-2315,Fpo,AP,2025-01-10
CUST_05440,Earl Palmer,earl.palmer@yahoo.com,467.777.7699x912,Lathrop,CA,2024-04-27
CUST_05441,Ryan Holmes,ryan.holmes@icloud.com,933.444.8024x66662,Nederland,CO,2023-10-03
CUST_05442,Chris Mcclure,chris.mcclure@gmail.com,959-884-6855x826,Winona,TX,2026-08-29
CUST_05443,Garrett Haley,garrett.haley@icloud.com,555-621-1653,House,NM,2024-11-26
CUST_05444,George Wagner,george.wagner@aol.com,(821)513-4083x633,Newark,NJ,2025-12-07
CUST_05445,Alexander Miller,alexander.miller@hotmail.com,(785)642-1589x9940,Dunnigan,CA,2026-04-22
CUST_05446,Joshua Anderson,joshua.anderson@outlook.com,+1-249-289-2041x87707,Marysville,MI,2026-08-29
CUST_05447,Megan Parker,megan.parker@outlook.com,242-444-0919x282,Vienna,ME,2026-05-08
CUST_05448,Heather Turner,heather.turner@gmail.com,001-842-843-7804x711,Saint Louis,MO,2026-04-07
CUST_05449,Roy Hanson,roy.hanson@gmail.com,(423)986-9529x961,East Windsor,CT,2024-06-14
CUST_05450,Jesse Hart,jesse.hart@outlook.com,665.790.8854x77959,Bowdon,GA,2026-05-15
CUST_05451,Kristin Hernandez,kristin.hernandez@hotmail.com,(972)547-2593x1613,Knott,TX,2025-12-20
CUST_05452,Lawrence Duncan,lawrence.duncan@aol.com,+1-908-580-3663x95783,Memphis,TN,2024-06-08
CUST_05453,Megan Peterson,megan.peterson@outlook.com,9438740974,Prichard,WV,2024-05-28
CUST_05454,Tom Moore,tom.moore@icloud.com,(566)914-6543x435,Ellsworth,NE,2024-11-17
CUST_05455,Richard Blevins,richard.blevins@outlook.com,247.866.5832,Turpin,OK,2026-07-21
CUST_05456,Christopher Martin,christopher.martin@outlook.com,(732)474-1968,Philadelphia,PA,2024-01-24
CUST_05457,Ricky Robles,ricky.robles@icloud.com,001-831-598-7404x58376,Barry,MN,2025-06-07
CUST_05458,Steven Clark,steven.clark@yahoo.com,4437352752,Mina,NV,2024-08-09
CUST_05459,Caitlin Lawrence,caitlin.lawrence@icloud.com,001-932-806-5093x8157,Plano,TX,2025-04-19
CUST_05460,Kathryn Wallace,kathryn.wallace@yahoo.com,(264)631-9456x15426,Buffalo,KS,2024-03-03
CUST_05461,Thomas Smith,thomas.smith@outlook.com,758.209.0241x152,Florissant,MO,2025-12-07
CUST_05462,Sara Kelley,sara.kelley@gmail.com,767-682-0702x4748,Unionville Center,OH,2024-04-07
CUST_05463,Lisa Hicks,lisa.hicks@hotmail.com,617-813-9403,Crested Butte,CO,2024-07-06
CUST_05464,Paul Turner,paul.turner@gmail.com,(716)805-9292x85353,Medina,OH,2024-01-10
CUST_05465,Rachel Gibbs,rachel.gibbs@icloud.com,648-956-3325x209,Somerville,MA,2025-10-19
CUST_05466,Kristopher Turner,kristopher.turner@icloud.com,+1-562-970-5660x043,Plymouth,MI,2026-04-19
CUST_05467,Brenda Nolan,brenda.nolan@icloud.com,(708)623-7922,Meadowlands,MN,2024-01-30
CUST_05468,Daniel Powell,daniel.powell@icloud.com,001-857-614-3652x14215,Ducktown,TN,2025-05-13
CUST_05469,Darren Burke,darren.burke@aol.com,(301)400-5034,Elroy,WI,2025-11-21
CUST_05470,Shelly Graham,shelly.graham@hotmail.com,284-549-7622,Opelika,AL,2025-12-17
CUST_05471,Emma Bradley,emma.bradley@gmail.com,(566)858-3686,Elma,NY,2026-02-18
CUST_05472,Amy Dyer,amy.dyer@outlook.com,755-497-4908x953,Atlanta,GA,2025-10-19
CUST_05473,Daniel Medina,daniel.medina@gmail.com,8279351247,Whittier,CA,2025-02-20
CUST_05474,Patricia Martinez,patricia.martinez@icloud.com,+1-709-947-9385x98619,Blue Ridge,GA,2023-09-08
CUST_05475,Richard Malone,richard.malone@gmail.com,(923)622-6068x42735,Morgantown,PA,2025-09-10
CUST_05476,Evan Burke,evan.burke@outlook.com,5578906685,Portage Des Sioux,MO,2024-04-15
CUST_05477,Steven Washington,steven.washington@outlook.com,293-340-8169x362,Miami,FL,2026-06-26
CUST_05478,John Ochoa,john.ochoa@outlook.com,+1-982-244-4552,Bristow,OK,2024-10-04
CUST_05479,Donna Burns,donna.burns@gmail.com,+1-985-532-9817x2714,Beaverton,OR,2026-06-04
CUST_05480,Brian Mccann,brian.mccann@yahoo.com,001-574-912-6888x117,Clovis,CA,2025-05-09
CUST_05481,Travis Steele,travis.steele@icloud.com,(580)842-0669x624,Airway Heights,WA,2025-05-10
CUST_05482,David Gonzales,david.gonzales@aol.com,(369)951-5729x6314,Branchville,IN,2023-09-19
CUST_05483,Jennifer Kane,jennifer.kane@yahoo.com,909-372-9959,Dover,KS,2024-03-13
CUST_05484,Danny Young,danny.young@icloud.com,714-775-8749x5716,Seibert,CO,2026-01-16
CUST_05485,Cody Ali,cody.ali@aol.com,767-262-0002,Derby,OH,2025-08-11
CUST_05486,Nicholas Bradley,nicholas.bradley@icloud.com,+1-571-905-2549x1803,Greenville,TX,2025-01-24
CUST_05487,Joseph Jackson,joseph.jackson@outlook.com,858-398-0888x98785,San Diego,CA,2024-05-29
CUST_05488,Raymond Clayton,raymond.clayton@aol.com,(662)962-0976x83628,Tampa,FL,2025-10-27
CUST_05489,Katie Joseph,katie.joseph@yahoo.com,+1-419-798-9984x85391,Wabasha,MN,2024-02-08
CUST_05490,Heather Benson,heather.benson@aol.com,7175385485,Heath,MA,2024-01-26
CUST_05491,Jill Jones,jill.jones@aol.com,353-668-5040,Belle Haven,VA,2025-06-22
CUST_05492,Leslie Fleming,leslie.fleming@yahoo.com,535-407-3934x56761,Milan,OH,2026-01-14
CUST_05493,Andrew Smith,andrew.smith@icloud.com,392.908.3826x85824,Stratton,OH,2026-05-04
CUST_05494,Jessica Nelson,jessica.nelson@icloud.com,001-237-554-1921x6075,Warner Springs,CA,2026-04-25
CUST_05495,Kiara Maxwell,kiara.maxwell@yahoo.com,774-974-5137x4346,Waretown,NJ,2026-06-08
CUST_05496,Nicholas Sutton,nicholas.sutton@outlook.com,2765969952,Humboldt,TN,2025-12-17
CUST_05497,Michael Townsend,michael.townsend@yahoo.com,489.244.9668,Forestdale,RI,2024-09-04
CUST_05498,Tammy Cruz,tammy.cruz@outlook.com,308-745-5069x63543,Blenheim,SC,2026-05-18
CUST_05499,Rachel Moore,rachel.moore@outlook.com,001-235-791-2815x344,Lewistown,IL,2024-03-01
CUST_05500,Michael Arnold,michael.arnold@hotmail.com,(628)280-4227x523,Clay,KY,2026-08-04
CUST_05501,Karen Walker,karen.walker@gmail.com,(752)648-2144x312,Oakland,IA,2025-08-16
CUST_05502,Jared Mays,jared.mays@gmail.com,+1-480-624-6439x9842,Lakeview,OH,2026-04-08
CUST_05503,Vincent Gonzalez,vincent.gonzalez@yahoo.com,797.210.8320,Mcbh Kaneohe Bay,HI,2025-02-14
CUST_05504,Melissa Ellison,melissa.ellison@hotmail.com,6173350569,New York,NY,2024-11-21
CUST_05505,Amy George,amy.george@gmail.com,001-387-273-2168x8143,Mountlake Terrace,WA,2025-04-11
CUST_05506,Susan Jimenez,susan.jimenez@outlook.com,001-684-951-1449x220,Greensboro,NC,2025-05-09
CUST_05507,Vincent Warner,vincent.warner@hotmail.com,591-277-3522x88181,Canton,GA,2026-04-19
CUST_05508,Donald Espinoza,donald.espinoza@hotmail.com,(640)513-2216,Dowagiac,MI,2026-07-07
CUST_05509,Kent Cowan,kent.cowan@yahoo.com,753-302-9478x82591,Gulf,NC,2024-01-11
CUST_05510,Ryan Duran,ryan.duran@aol.com,001-250-276-4655x2618,Ellicott City,MD,2025-10-23
CUST_05511,Robert Howard,robert.howard@yahoo.com,218.607.1283,Lester,WV,2023-12-09
CUST_05512,Amanda Lowe,amanda.lowe@icloud.com,+1-715-445-1899,Lemon Cove,CA,2026-06-03
CUST_05513,Thomas Higgins,thomas.higgins@gmail.com,217-501-7942x66589,Cyril,OK,2025-05-19
CUST_05514,Andrea Stanton,andrea.stanton@outlook.com,+1-601-497-1473x70047,Essex,NY,2025-03-26
CUST_05515,Frances Brady,frances.brady@outlook.com,001-551-769-6344x77679,Davis,OK,2025-06-26
CUST_05516,Nicholas Brooks,nicholas.brooks@gmail.com,397.494.0751,Conrad,IA,2025-05-30
CUST_05517,Victoria Garcia,victoria.garcia@icloud.com,244.499.5365x88683,Edmondson,AR,2025-01-04
CUST_05518,Christopher Black,christopher.black@gmail.com,+1-467-247-4862,Carson,CA,2023-11-22
CUST_05519,Olivia Henry,olivia.henry@icloud.com,001-988-488-0286x823,Raleigh,NC,2024-08-27
CUST_05520,Frank Gates,frank.gates@icloud.com,576.911.5428,Mount Airy,NC,2026-08-24
CUST_05521,Trevor Long,trevor.long@yahoo.com,+1-892-415-3022x619,Montchanin,DE,2026-04-20
CUST_05522,Abigail Pennington,abigail.pennington@hotmail.com,882.945.5695x163,Union Furnace,OH,2025-02-17
CUST_05523,James Clark,james.clark@gmail.com,(240)902-1388x319,Wilkes Barre,PA,2023-09-16
CUST_05524,Anthony Rocha,anthony.rocha@icloud.com,636.696.9570,Morrill,ME,2024-08-29
CUST_05525,Sharon Evans,sharon.evans@outlook.com,(877)426-8474,Greenville,SC,2024-07-12
CUST_05526,Connie Robinson,connie.robinson@outlook.com,6182263837,Aberdeen,SD,2024-04-09
CUST_05527,Travis Harris,travis.harris@gmail.com,876-789-6439x4378,High Point,NC,2025-08-24
CUST_05528,Elizabeth Landry,elizabeth.landry@yahoo.com,+1-793-682-9095x849,Homer Glen,IL,2023-09-06
CUST_05529,Gregory Bender,gregory.bender@icloud.com,208-854-4731x60137,Colorado Springs,CO,2026-01-10
CUST_05530,Jesse Allen,jesse.allen@aol.com,001-361-438-8640x837,Stevens,PA,2025-05-23
CUST_05531,Karen George,karen.george@gmail.com,567.745.0609,Bradford,PA,2023-12-09
CUST_05532,Jennifer Mitchell,jennifer.mitchell@outlook.com,(714)435-9250x359,Oaks,OK,2024-08-25
CUST_05533,Krystal Cardenas,krystal.cardenas@outlook.com,001-357-386-8615,Logansport,LA,2026-08-07
CUST_05534,Marissa Nguyen,marissa.nguyen@aol.com,331.719.7010x6010,Cliff Island,ME,2026-03-02
CUST_05535,Charles Hall,charles.hall@aol.com,001-601-202-7121x7754,San Diego,CA,2024-10-15
CUST_05536,Jamie Evans,jamie.evans@yahoo.com,+1-232-553-7833x529,Las Vegas,NV,2025-04-29
CUST_05537,Adam Snyder,adam.snyder@aol.com,883.663.0633x76532,Sailor Springs,IL,2024-02-05
CUST_05538,Debbie George,debbie.george@yahoo.com,(952)872-6189x538,West Kingston,RI,2026-05-18
CUST_05539,Chelsea Sanders,chelsea.sanders@icloud.com,209-655-9350x3762,Belk,AL,2025-03-20
CUST_05540,Jaclyn Schroeder,jaclyn.schroeder@aol.com,244.701.3123,Leicester,MA,2024-12-05
CUST_05541,Caitlin Nelson,caitlin.nelson@outlook.com,432.786.2287,Greene,NY,2026-08-26
CUST_05542,Julie Clark,julie.clark@outlook.com,+1-444-617-3087x07484,Turner,MI,2025-08-26
CUST_05543,Denise Duncan,denise.duncan@icloud.com,4835760153,Walker,IA,2025-06-29
CUST_05544,David Smith,david.smith@hotmail.com,(426)285-3217,Maple Hill,KS,2024-02-27
CUST_05545,Daniel Johnson,daniel.johnson@outlook.com,+1-639-479-2628,New Haven,CT,2026-07-24
CUST_05546,Kimberly Myers,kimberly.myers@gmail.com,001-787-934-0654x41704,Apo,AE,2026-02-10
CUST_05547,Justin Garcia,justin.garcia@icloud.com,400-370-8981,Absecon,NJ,2024-02-23
CUST_05548,John Johnson,john.johnson@aol.com,001-650-342-6971x604,Northway,AK,2024-06-07
CUST_05549,Amanda Perkins,amanda.perkins@outlook.com,+1-611-827-0746x39013,Callender,IA,2023-09-14
CUST_05550,Aaron Carlson,aaron.carlson@yahoo.com,+1-851-313-9055,Zahl,ND,2025-12-31
CUST_05551,Christine Snow,christine.snow@icloud.com,(883)890-9113,Heidenheimer,TX,2026-06-02
CUST_05552,James Thompson,james.thompson@icloud.com,001-607-285-4951,Apo,AE,2024-09-30
CUST_05553,James Hayes,james.hayes@icloud.com,+1-667-681-6795x58061,Longview,TX,2025-07-14
CUST_05554,Caleb Johnston,caleb.johnston@icloud.com,(763)758-7621x407,Kingsford,MI,2024-05-17
CUST_05555,Beth Bailey,beth.bailey@hotmail.com,797.584.7984,Corpus Christi,TX,2024-12-08
CUST_05556,Donald Lane,donald.lane@gmail.com,5896815993,Princeton,NJ,2025-11-23
CUST_05557,Angela Abbott,angela.abbott@aol.com,+1-296-920-1891x598,Bowmansville,NY,2025-08-11
CUST_05558,April Salas,april.salas@icloud.com,(568)807-5547,Port Carbon,PA,2025-10-08
CUST_05559,Gregory King,gregory.king@hotmail.com,908.358.1335x31625,Cartersville,VA,2025-10-20
CUST_05560,Robert Trujillo,robert.trujillo@icloud.com,329-319-1354x7385,Holstein,IA,2025-09-22
CUST_05561,Earl Young,earl.young@icloud.com,940.550.8475,West Des Moines,IA,2026-06-02
CUST_05562,Misty Fowler,misty.fowler@gmail.com,714.911.1162,Colorado Springs,CO,2024-11-12
CUST_05563,Brandon Sutton,brandon.sutton@gmail.com,001-384-466-3273,Wahkiacus,WA,2025-06-23
CUST_05564,Kayla Hudson,kayla.hudson@icloud.com,001-597-462-6576x7543,Staatsburg,NY,2024-11-03
CUST_05565,Elizabeth Martin,elizabeth.martin@gmail.com,+1-823-464-5680x32288,Omaha,NE,2025-06-02
CUST_05566,Corey Murphy,corey.murphy@aol.com,(636)940-9271x432,Hope,MI,2024-08-07
CUST_05567,Tina Ibarra,tina.ibarra@icloud.com,981.517.7664,Iola,WI,2023-11-08
CUST_05568,Connie Acosta,connie.acosta@aol.com,(382)252-3646,Mobile,AL,2023-09-25
CUST_05569,Theresa Krueger,theresa.krueger@hotmail.com,+1-503-640-5300x7839,Washington,DC,2024-09-15
CUST_05570,Ryan Nelson,ryan.nelson@outlook.com,244.518.6589x6078,Raleigh,NC,2024-01-12
CUST_05571,Amanda Wang,amanda.wang@yahoo.com,(455)892-9282x38844,Morris,NY,2026-08-23
CUST_05572,Carlos Kelly,carlos.kelly@icloud.com,748-515-7225x16361,Sterling,VA,2026-02-18
CUST_05573,Andrea Wilson,andrea.wilson@yahoo.com,574-343-1717,South Bend,IN,2024-08-20
CUST_05574,Pamela Silva,pamela.silva@hotmail.com,(707)324-5128,Pismo Beach,CA,2024-10-09
CUST_05575,Julie Nguyen,julie.nguyen@yahoo.com,+1-993-905-7161x0991,Isanti,MN,2025-08-14
CUST_05576,Phyllis Mcfarland,phyllis.mcfarland@yahoo.com,404-971-4231x5599,Russia,OH,2025-06-19
CUST_05577,Bridget Guerra,bridget.guerra@gmail.com,373-446-6994x07964,Dallas Center,IA,2025-09-20
CUST_05578,Rachel Hart,rachel.hart@aol.com,+1-336-289-3277x5228,Stafford,CT,2026-01-07
CUST_05579,Sharon Alvarez,sharon.alvarez@icloud.com,(848)657-7745x75734,Dowelltown,TN,2024-10-29
CUST_05580,Mary Ford,mary.ford@icloud.com,001-318-492-2909x7664,Columbus,WI,2024-08-13
CUST_05581,Jesus Webster,jesus.webster@hotmail.com,001-830-266-6049x08548,Honeyville,UT,2024-02-05
CUST_05582,Mathew Mathis,mathew.mathis@yahoo.com,001-989-378-1468x224,Somersworth,NH,2024-01-04
CUST_05583,Victor Ward,victor.ward@yahoo.com,+1-731-308-0572x0486,Norwood,MN,2024-10-21
CUST_05584,Jennifer Smith,jennifer.smith@gmail.com,976.903.1414x7983,Apple River,IL,2024-11-23
CUST_05585,Patrick Anthony,patrick.anthony@outlook.com,920-972-0479,Orient,OH,2024-10-19
CUST_05586,Andre House,andre.house@icloud.com,001-480-450-7349x171,Baldwin,IA,2025-06-09
CUST_05587,Eddie Perez,eddie.perez@yahoo.com,235.491.9014x95091,Baton Rouge,LA,2024-05-21
CUST_05588,Denise Stout,denise.stout@outlook.com,+1-741-234-6133x2973,Gambrills,MD,2025-02-23
CUST_05589,Carolyn Miller,carolyn.miller@yahoo.com,001-904-524-9662,Atlanta,GA,2023-10-30
CUST_05590,Michael Oliver,michael.oliver@yahoo.com,4855662586,Georgetown,NY,2025-06-11
CUST_05591,Kiara Singh,kiara.singh@aol.com,(620)341-0676x691,Alexandria,VA,2025-09-03
CUST_05592,David Garza,david.garza@icloud.com,612.674.0359x7303,Bixby,MO,2026-03-07
CUST_05593,Joseph Cruz,joseph.cruz@hotmail.com,(760)624-8079,Fulda,MN,2024-08-15
CUST_05594,Rebecca Barrera,rebecca.barrera@yahoo.com,001-427-354-7106x57833,Byfield,MA,2025-01-02
CUST_05595,Ashley Odom,ashley.odom@outlook.com,2555197389,Brandon,IA,2025-06-07
CUST_05596,Jessica Gutierrez,jessica.gutierrez@gmail.com,666-262-5191x109,Aberdeen,MD,2026-06-01
CUST_05597,Wayne Diaz,wayne.diaz@aol.com,466.580.6184x5377,Grand Prairie,TX,2026-01-29
CUST_05598,Emily Miles,emily.miles@hotmail.com,451.321.3262x82652,Peaster,TX,2024-03-22
CUST_05599,Sara Browning,sara.browning@yahoo.com,+1-907-544-8758,Jackson,MS,2024-11-04
CUST_05600,Gary Peterson,gary.peterson@icloud.com,+1-881-217-6848x707,Savannah,GA,2024-09-10
CUST_05601,Matthew Manning,matthew.manning@gmail.com,953-246-0296x84797,Brandon,MN,2023-12-20
CUST_05602,Rachel Evans,rachel.evans@icloud.com,(257)947-9627x484,Washougal,WA,2026-07-03
CUST_05603,Derrick Roberts,derrick.roberts@gmail.com,663-529-4689x9365,Birmingham,IA,2026-01-08
CUST_05604,Valerie Castro,valerie.castro@outlook.com,001-789-774-9944,Galena,MD,2024-04-02
CUST_05605,Lisa Wolfe,lisa.wolfe@hotmail.com,601-855-6411x156,Howell,MI,2025-06-03
CUST_05606,Laura Garcia,laura.garcia@outlook.com,8937631039,Board Camp,AR,2025-02-14
CUST_05607,Stephanie Terry,stephanie.terry@yahoo.com,592-901-4418,Columbia City,IN,2024-06-11
CUST_05608,Jessica Simpson,jessica.simpson@gmail.com,001-479-487-6511x36225,Orlando,FL,2023-12-02
CUST_05609,Maria Steele,maria.steele@yahoo.com,915-357-9370x65058,Washington,DC,2024-04-05
CUST_05610,Anthony Salazar,anthony.salazar@aol.com,386.943.0328x4916,Farmingdale,NY,2025-10-29
CUST_05611,Karen Moon,karen.moon@gmail.com,001-807-740-5946x6504,Ennis,MT,2025-02-12
CUST_05612,Aaron Tucker,aaron.tucker@yahoo.com,411-779-1545,West Chesterfield,NH,2024-08-16
CUST_05613,Keith Dyer,keith.dyer@hotmail.com,395-669-6221,Coxsackie,NY,2025-03-23
CUST_05614,Glenn Gibson,glenn.gibson@yahoo.com,225-508-0633x5151,Hartford,CT,2025-04-20
CUST_05615,Jennifer Griffin,jennifer.griffin@aol.com,001-388-599-1800x255,Apo,AE,2025-03-08
CUST_05616,Dawn Harris,dawn.harris@yahoo.com,678.290.4385,Davenport,CA,2024-10-15
CUST_05617,Timothy Williams,timothy.williams@hotmail.com,(930)606-4215x140,Orlando,FL,2024-12-13
CUST_05618,Mitchell Kane,mitchell.kane@icloud.com,560-243-6027x9583,Sandstone,MN,2026-03-30
CUST_05619,Joanne Herrera,joanne.herrera@icloud.com,(439)662-1565,Ft Mitchell,KY,2025-07-16
CUST_05620,Jesse Smith,jesse.smith@icloud.com,(281)392-2845x915,Cleveland,OH,2023-09-23
CUST_05621,Brandi Howell,brandi.howell@yahoo.com,(893)828-7532x7846,Oxford,MI,2023-11-09
CUST_05622,Denise Oliver,denise.oliver@gmail.com,001-343-581-7263x297,Athens,AL,2025-08-27
CUST_05623,Megan Harrison,megan.harrison@outlook.com,554.334.2404x024,Manomet,MA,2023-09-01
CUST_05624,Heather Ramirez,heather.ramirez@gmail.com,+1-957-872-7949,Hope,MI,2025-10-06
CUST_05625,Tara Arnold,tara.arnold@aol.com,(201)949-4351x1463,Chassell,MI,2025-03-25
CUST_05626,Pamela Benitez,pamela.benitez@hotmail.com,+1-769-418-1670,Monticello,AR,2026-06-30
CUST_05627,Michael Mullen,michael.mullen@gmail.com,001-407-990-6365x7565,Kingfield,ME,2025-07-03
CUST_05628,Sara Alvarez,sara.alvarez@aol.com,305-371-6586x02836,Wheeler,MS,2024-06-08
CUST_05629,Samuel Zhang,samuel.zhang@hotmail.com,(607)259-2901,Linwood,NE,2025-07-11
CUST_05630,Jeffrey Thomas,jeffrey.thomas@icloud.com,(471)320-8799x1638,Lordsburg,NM,2025-01-24
CUST_05631,Brian Bradford,brian.bradford@yahoo.com,+1-645-496-6107x767,Resaca,GA,2026-03-18
CUST_05632,Carol Hanna,carol.hanna@aol.com,449.656.9566x8776,Phillipsburg,OH,2023-10-10
CUST_05633,David Hughes,david.hughes@aol.com,9728764836,Chapman Ranch,TX,2025-08-31
CUST_05634,Michael Lucero,michael.lucero@icloud.com,+1-636-259-5568x657,Fittstown,OK,2023-11-13
CUST_05635,Amanda Fleming,amanda.fleming@outlook.com,+1-764-338-8805x345,Lemon Springs,NC,2025-06-01
CUST_05636,David Higgins,david.higgins@hotmail.com,+1-942-241-7559,South Tamworth,NH,2024-03-26
CUST_05637,Christopher Burke,christopher.burke@aol.com,+1-591-725-7207x2777,Hays,NC,2024-08-08
CUST_05638,Amanda Mitchell,amanda.mitchell@yahoo.com,342.669.4651,Statenville,GA,2025-12-01
CUST_05639,Jay Stevenson,jay.stevenson@icloud.com,761-917-8575x1928,Anchorage,AK,2025-07-15
CUST_05640,Melissa Torres,melissa.torres@gmail.com,634-564-3946,Butterfield,MN,2023-11-05
CUST_05641,Ashley Jones,ashley.jones@yahoo.com,(310)325-7783x1593,Waltham,MA,2026-07-27
CUST_05642,Amy Sherman,amy.sherman@aol.com,652.962.2839,Houston,TX,2026-02-24
CUST_05643,John Davis,john.davis@hotmail.com,5443868890,Wellington,MO,2025-07-04
CUST_05644,Sandra Winters,sandra.winters@gmail.com,947.568.3564x1445,Harleigh,PA,2024-01-13
CUST_05645,Daniel Alexander,daniel.alexander@outlook.com,711-358-5761,Richmond,TX,2025-07-05
CUST_05646,Nathan Yu,nathan.yu@gmail.com,+1-237-247-1627x3401,Perryville,MD,2025-09-21
CUST_05647,Benjamin Hughes,benjamin.hughes@hotmail.com,383-891-9189x354,Corbin,KY,2025-05-06
CUST_05648,Robert Bennett,robert.bennett@aol.com,001-479-450-0190x268,Flagstaff,AZ,2025-07-12
CUST_05649,John Rocha,john.rocha@outlook.com,3802742394,Bowling Green,FL,2025-10-22
CUST_05650,Tara Bryant,tara.bryant@hotmail.com,6877143219,Goodrich,MI,2025-12-08
CUST_05651,Lisa Salazar,lisa.salazar@gmail.com,523-385-5316x7561,Wilson,WI,2023-12-18
CUST_05652,Cody Sims,cody.sims@yahoo.com,(652)541-3394x31632,Labelle,FL,2024-06-21
CUST_05653,Stacy Tucker,stacy.tucker@yahoo.com,4793046943,Rosemead,CA,2025-07-28
CUST_05654,Sheena Graham,sheena.graham@aol.com,672.675.8650x304,Fpo,AP,2025-11-16
CUST_05655,Seth Ellis,seth.ellis@yahoo.com,(869)747-6352,Seminole,OK,2024-03-17
CUST_05656,Donna Mitchell,donna.mitchell@aol.com,(662)559-2932x8524,East Setauket,NY,2025-01-28
CUST_05657,Frank Wilson,frank.wilson@icloud.com,5056382943,Fultonham,NY,2026-08-29
CUST_05658,Jessica Henson,jessica.henson@hotmail.com,888.708.7537x40114,Adams Basin,NY,2025-01-11
CUST_05659,Robert Wagner,robert.wagner@outlook.com,727-700-2509x430,Saint Albans,NY,2025-12-06
CUST_05660,Cassandra Huff,cassandra.huff@aol.com,4742704293,Rothville,MO,2026-01-03
CUST_05661,Michelle Gilbert,michelle.gilbert@outlook.com,001-451-486-6027x163,Warden,WA,2024-09-29
CUST_05662,Laura Harris,laura.harris@icloud.com,359.756.2801x4955,Sacramento,CA,2025-08-21
CUST_05663,Brittany Wilkinson,brittany.wilkinson@gmail.com,7012490823,Itasca,TX,2024-08-30
CUST_05664,Courtney Rhodes,courtney.rhodes@outlook.com,(226)873-1077,Wilmington,DE,2025-09-26
CUST_05665,Katrina Barber,katrina.barber@gmail.com,5419789782,East Texas,PA,2025-04-06
CUST_05666,Emily Lynn,emily.lynn@gmail.com,(722)849-3943x0247,Klamath Falls,OR,2023-11-28
CUST_05667,Kelsey Barron,kelsey.barron@icloud.com,626-622-8944,Bremen,KY,2025-08-23
CUST_05668,Erika Arnold,erika.arnold@icloud.com,(438)537-5888,Cooksburg,PA,2025-12-01
CUST_05669,Edward Dougherty,edward.dougherty@yahoo.com,437-976-0718x3450,Donaldson,IN,2026-02-13
CUST_05670,Jonathan Anderson,jonathan.anderson@outlook.com,+1-441-600-2502,Beaver Dam,KY,2024-10-18
CUST_05671,William Torres,william.torres@hotmail.com,492-286-0013x79240,Modoc,SC,2025-11-03
CUST_05672,Rachel Singh,rachel.singh@gmail.com,(427)789-0757x4199,Newington,CT,2024-11-22
CUST_05673,Mary Ruiz,mary.ruiz@yahoo.com,001-461-365-9223x89410,Rockville,MD,2026-06-24
CUST_05674,Robert Davis,robert.davis@gmail.com,2117295862,Hatfield,IN,2026-04-15
CUST_05675,Tracy Hays,tracy.hays@icloud.com,001-334-352-2200,Withams,VA,2024-06-06
CUST_05676,Toni Gibson,toni.gibson@gmail.com,8845654795,Hattiesburg,MS,2024-07-05
CUST_05677,Casey Johns,casey.johns@yahoo.com,+1-972-405-2493,Charlotte,IA,2026-06-05
CUST_05678,Francisco Reeves,francisco.reeves@aol.com,460-490-7506,Southview,PA,2025-06-16
CUST_05679,Chad Cochran,chad.cochran@icloud.com,636.734.4640,Leivasy,WV,2026-02-15
CUST_05680,Katherine Williams,katherine.williams@yahoo.com,339.897.1658x69696,Volborg,MT,2025-05-21
CUST_05681,Amber Davis,amber.davis@aol.com,(326)476-7948,Glendale,CA,2025-03-02
CUST_05682,Jason Hinton,jason.hinton@outlook.com,612.821.8857,Shawmut,ME,2025-10-30
CUST_05683,Donald Ruiz,donald.ruiz@hotmail.com,001-414-917-8545x81944,Quinter,KS,2023-10-25
CUST_05684,Michael Bonilla,michael.bonilla@hotmail.com,(875)610-8181x68067,Rocky Hill,NJ,2026-07-24
CUST_05685,Robert Russell,robert.russell@icloud.com,001-957-335-1978x1775,Michigamme,MI,2024-11-11
CUST_05686,Erik Jackson,erik.jackson@hotmail.com,518.462.3947,Rockwall,TX,2025-04-09
CUST_05687,Derrick Mckenzie,derrick.mckenzie@outlook.com,+1-926-790-4139x45958,Carlisle,SC,2024-07-29
CUST_05688,Justin Lewis,justin.lewis@outlook.com,001-379-612-5072x169,Millersburg,PA,2026-01-23
CUST_05689,Jennifer Melendez,jennifer.melendez@aol.com,+1-218-319-0623x81641,Avondale Estates,GA,2025-11-04
CUST_05690,James Wright,james.wright@icloud.com,721.235.8404x2304,Ulen,MN,2025-07-31
CUST_05691,Kristen Robinson,kristen.robinson@hotmail.com,+1-351-310-0699x387,Germantown,WI,2025-11-15
CUST_05692,Robert Burke,robert.burke@outlook.com,684-358-6464,Palmer,PR,2026-07-18
CUST_05693,Tyler Little,tyler.little@aol.com,2136917126,Moscow Mills,MO,2024-04-11
CUST_05694,Emily Ortiz,emily.ortiz@outlook.com,+1-323-922-2931x24504,Hayneville,AL,2025-12-03
CUST_05695,David Williams,david.williams@outlook.com,970-423-6700,Eagleville,PA,2024-06-12
CUST_05696,Hannah Simmons,hannah.simmons@gmail.com,001-261-553-1404x7796,Augusta,MI,2024-04-04
CUST_05697,Michael Davis,michael.davis@icloud.com,327.387.0788,Muldraugh,KY,2026-01-17
CUST_05698,Dustin Rodriguez,dustin.rodriguez@hotmail.com,+1-427-733-2524x63243,Monroe City,MO,2024-12-14
CUST_05699,Justin Golden,justin.golden@hotmail.com,001-912-384-5419x9236,El Paso,TX,2024-02-15
CUST_05700,Tina Brown,tina.brown@yahoo.com,403-985-5184,Freeman,MO,2025-11-21
CUST_05701,Theresa Daniels,theresa.daniels@yahoo.com,(818)949-4081x21065,Plano,TX,2024-07-14
CUST_05702,Crystal Mccoy,crystal.mccoy@outlook.com,(227)923-6956,Valley Forge,PA,2024-08-25
CUST_05703,Tara Williams,tara.williams@outlook.com,001-748-355-0690,Lena,MS,2026-04-17
CUST_05704,Devon Blanchard,devon.blanchard@aol.com,670.800.6539,Lawtell,LA,2026-03-27
CUST_05705,Timothy Coleman,timothy.coleman@hotmail.com,637-662-2573x203,Lackawaxen,PA,2026-05-14
CUST_05706,Amy Kennedy,amy.kennedy@gmail.com,976-312-9116,Honolulu,HI,2024-09-07
CUST_05707,Alicia Hall,alicia.hall@outlook.com,001-414-624-8783x9783,Green Bay,WI,2025-10-28
CUST_05708,Donald Gordon,donald.gordon@gmail.com,001-243-447-8456x586,Coral Springs,FL,2026-01-23
CUST_05709,Kathryn Briggs,kathryn.briggs@icloud.com,801-751-4256,Monroe,NE,2024-10-12
CUST_05710,Loretta Henderson,loretta.henderson@aol.com,261-253-7026x1463,Salineville,OH,2024-04-07
CUST_05711,Michael Hill,michael.hill@gmail.com,001-853-994-2566x955,Lincoln,NE,2026-08-23
CUST_05712,Shannon Sutton,shannon.sutton@aol.com,404.720.5048,Lakeview,OR,2026-03-10
CUST_05713,James Smith,james.smith@outlook.com,480-934-3198x9681,Barnum,MN,2026-08-20
CUST_05714,Rachel Mccall,rachel.mccall@aol.com,001-522-642-8611x969,Monroeville,PA,2025-03-01
CUST_05715,Billy Taylor,billy.taylor@icloud.com,+1-499-785-0236x435,Auburn Hills,MI,2025-03-14
CUST_05716,John Lopez,john.lopez@icloud.com,001-635-214-5999x8656,Durand,IL,2026-03-08
CUST_05717,Janet Morrison,janet.morrison@yahoo.com,(572)456-3215x42784,Plains,MT,2024-07-19
CUST_05718,Christopher Carlson,christopher.carlson@aol.com,+1-663-527-7076x00451,Elliston,VA,2024-07-31
CUST_05719,Amber Carter,amber.carter@hotmail.com,755-962-3606x098,Peoria,IL,2023-11-25
CUST_05720,Kathleen Wong,kathleen.wong@icloud.com,2763020459,Manila,UT,2024-11-21
CUST_05721,Tracy Williams,tracy.williams@gmail.com,001-493-429-6504x5069,Des Moines,IA,2025-12-25
CUST_05722,Monica Rivas,monica.rivas@icloud.com,(339)627-4125x51676,Oakland Mills,PA,2023-12-30
CUST_05723,Jason Lloyd,jason.lloyd@hotmail.com,860-211-4701x89484,Gilberton,PA,2024-07-02
CUST_05724,Andrew Hansen,andrew.hansen@yahoo.com,+1-351-368-3391x6927,Novi,MI,2024-02-20
CUST_05725,Carol Rowe,carol.rowe@aol.com,8323263567,Haledon,NJ,2024-12-23
CUST_05726,Martha Smith,martha.smith@gmail.com,556.981.4389,Atkins,VA,2026-08-02
CUST_05727,Jonathon Huff,jonathon.huff@icloud.com,584-335-6345x1054,Stinnett,KY,2024-09-01
CUST_05728,Virginia Schultz,virginia.schultz@icloud.com,+1-224-398-5237,Friendswood,TX,2024-07-16
CUST_05729,Denise Schroeder,denise.schroeder@aol.com,336-727-3976,Irving,TX,2025-09-24
CUST_05730,Tonya Parrish,tonya.parrish@icloud.com,238-962-0105x63902,Plymouth Meeting,PA,2024-04-05
CUST_05731,Marcus Hicks,marcus.hicks@icloud.com,(876)567-9871,Ellsinore,MO,2025-07-30
CUST_05732,Catherine Houston,catherine.houston@icloud.com,+1-783-347-9303x0631,Indiana,PA,2024-05-09
CUST_05733,Nicole Boyd,nicole.boyd@aol.com,+1-832-884-4642x778,Coosa,GA,2024-05-17
CUST_05734,Melissa Scott,melissa.scott@outlook.com,654-454-1413,Colliers,WV,2024-08-22
CUST_05735,Brittany Scott,brittany.scott@aol.com,+1-376-441-1455,Calvin,KY,2025-01-23
CUST_05736,David Murphy,david.murphy@hotmail.com,213.664.4822x4989,Mohave Valley,AZ,2026-07-01
CUST_05737,Robert Flowers,robert.flowers@aol.com,471.431.9492,Rossiter,PA,2024-07-14
CUST_05738,Dawn Charles,dawn.charles@outlook.com,001-366-770-0433x5854,Moffett,OK,2025-12-22
CUST_05739,Jessica Trujillo,jessica.trujillo@icloud.com,(841)367-9028x96356,Basom,NY,2025-01-22
CUST_05740,Amber Bonilla,amber.bonilla@hotmail.com,596-325-6584x365,Wilmington,NC,2024-06-10
CUST_05741,Daniel Norman,daniel.norman@aol.com,+1-536-720-7384x23140,Young America,MN,2025-10-25
CUST_05742,Chelsey Cline,chelsey.cline@aol.com,+1-880-584-9038,Trenton,NJ,2023-10-11
CUST_05743,Kristin Koch,kristin.koch@outlook.com,001-211-629-8275x43701,Wister,OK,2024-02-16
CUST_05744,Claire Torres,claire.torres@hotmail.com,(498)445-3629x634,Machias,NY,2024-10-30
CUST_05745,Chelsea Duncan,chelsea.duncan@icloud.com,001-977-511-9328x977,Salt Lake City,UT,2024-06-08
CUST_05746,Amy Gordon,amy.gordon@aol.com,892-427-9572,Shields,ND,2026-04-11
CUST_05747,Emily Crawford,emily.crawford@aol.com,001-298-333-0383x7155,Princeton,NC,2024-11-27
CUST_05748,Joy Roberts,joy.roberts@outlook.com,+1-749-260-7262,Marianna,FL,2026-07-04
CUST_05749,Martha Rose,martha.rose@hotmail.com,001-800-778-1419x40616,French Gulch,CA,2026-07-07
CUST_05750,Jennifer Hughes,jennifer.hughes@yahoo.com,+1-926-824-9032x58861,Franksville,WI,2026-07-29
CUST_05751,Luis Ford,luis.ford@icloud.com,623-965-6138,Sanborn,MN,2024-08-15
CUST_05752,Whitney King,whitney.king@icloud.com,485.626.4210,Marquette,MI,2025-03-19
CUST_05753,Christopher Clark,christopher.clark@icloud.com,7088716387,Cantril,IA,2025-12-04
CUST_05754,Jacqueline Hardy,jacqueline.hardy@gmail.com,611.293.3819x5094,Upper Jay,NY,2025-03-05
CUST_05755,Brian Best,brian.best@hotmail.com,429-553-5684x08314,Fields,OR,2025-07-12
CUST_05756,William Stewart,william.stewart@icloud.com,001-356-202-6288,Arnot,PA,2024-10-06
CUST_05757,Anna Mason,anna.mason@outlook.com,512.509.1103,Houston,TX,2025-12-26
CUST_05758,Jessica Villanueva,jessica.villanueva@outlook.com,(618)499-0723x04200,Anchorage,AK,2025-08-23
CUST_05759,Dylan Martinez,dylan.martinez@gmail.com,599-368-8737x406,Kipton,OH,2024-11-08
CUST_05760,Jennifer Acevedo,jennifer.acevedo@hotmail.com,001-556-648-8831x5574,Edgar,NE,2024-07-26
CUST_05761,Cody George,cody.george@outlook.com,808-818-3400,Palmyra,PA,2024-06-09
CUST_05762,Thomas Hoffman,thomas.hoffman@icloud.com,291-380-7213x475,Holabird,SD,2025-11-06
CUST_05763,Katherine Stewart,katherine.stewart@aol.com,372.950.2002,Oriskany Falls,NY,2024-08-01
CUST_05764,Megan Klein,megan.klein@icloud.com,(533)767-0218x327,Brownsboro,AL,2024-12-15
CUST_05765,Brandon Pham,brandon.pham@icloud.com,+1-883-338-7852x747,Sylvan Beach,NY,2024-03-20
CUST_05766,Christy King,christy.king@aol.com,001-398-952-1651x959,Camp Lake,WI,2025-02-07
CUST_05767,Gregory Pierce,gregory.pierce@aol.com,3507986193,Mapleville,RI,2024-11-07
CUST_05768,John Clark,john.clark@icloud.com,001-255-899-4928x82731,Owensboro,KY,2024-10-18
CUST_05769,Monica Humphrey,monica.humphrey@hotmail.com,677-794-7193,Cookeville,TN,2026-07-12
CUST_05770,Robert Wright,robert.wright@aol.com,(762)440-3302x69872,Solway,MN,2026-07-14
CUST_05771,Michael Williams,michael.williams@outlook.com,(426)639-2737,Nursery,TX,2026-07-03
CUST_05772,John Jones,john.jones@gmail.com,(560)577-2837x737,Malvern,PA,2026-04-15
CUST_05773,Christina Wagner,christina.wagner@yahoo.com,(308)676-0479,Stella,NC,2024-11-26
CUST_05774,Robert Williams,robert.williams@icloud.com,620-635-8733x743,Arroyo Hondo,NM,2025-07-25
CUST_05775,Lisa Johnson,lisa.johnson@icloud.com,7592464384,Lake Charles,LA,2023-11-07
CUST_05776,Charles Parrish,charles.parrish@hotmail.com,(803)780-9729x7102,San Diego,CA,2023-09-06
CUST_05777,Jeanette Hernandez,jeanette.hernandez@aol.com,(452)810-5854,Seneca Castle,NY,2024-05-12
CUST_05778,Emily Schwartz,emily.schwartz@yahoo.com,3477902176,Walker,LA,2026-02-28
CUST_05779,George Owens,george.owens@gmail.com,559-911-3845x072,Overland Park,KS,2025-03-30
CUST_05780,Deanna Mendez,deanna.mendez@hotmail.com,759-811-7760x09345,Lower Kalskag,AK,2024-05-24
CUST_05781,Alice Sawyer,alice.sawyer@gmail.com,001-682-513-2687x74252,Smackover,AR,2026-06-09
CUST_05782,Katherine Johnson,katherine.johnson@yahoo.com,567.254.8323x2005,Gaastra,MI,2023-11-03
CUST_05783,Anthony Delacruz,anthony.delacruz@yahoo.com,(785)503-6696x721,Chula Vista,CA,2026-02-14
CUST_05784,Sean Simmons,sean.simmons@gmail.com,688.348.7102,Rockford,IL,2025-09-27
CUST_05785,Nicole Williams,nicole.williams@outlook.com,(354)521-1512x373,Senoia,GA,2025-06-18
CUST_05786,Gary Thompson,gary.thompson@yahoo.com,(402)813-3232x0497,Williston,SC,2024-06-26
CUST_05787,Danielle Valdez,danielle.valdez@hotmail.com,+1-485-314-7336x261,Fisherville,KY,2025-01-13
CUST_05788,Audrey Williams,audrey.williams@gmail.com,732-383-9160x7495,Topeka,KS,2025-08-09
CUST_05789,Daniel Carter,daniel.carter@gmail.com,(890)900-1729x94837,Kell,IL,2024-10-30
CUST_05790,Joseph Brock,joseph.brock@aol.com,326-261-0890x56587,Mereta,TX,2023-09-23
CUST_05791,Michael Knight,michael.knight@hotmail.com,481.353.7358,Cool Ridge,WV,2024-12-08
CUST_05792,Jermaine Odom,jermaine.odom@yahoo.com,+1-457-222-1733x304,Charlotte,NC,2023-09-09
CUST_05793,Elizabeth Lang,elizabeth.lang@outlook.com,982.713.2140x6285,Horse Shoe,NC,2026-05-16
CUST_05794,Jesus Meyers,jesus.meyers@aol.com,724-395-0359x15071,Brea,CA,2024-03-29
CUST_05795,Andrew Wright,andrew.wright@icloud.com,982-815-5355x655,Maple City,MI,2026-02-11
CUST_05796,Justin Hanna,justin.hanna@hotmail.com,(242)396-6260,Driftwood,PA,2026-06-28
CUST_05797,Kenneth Watkins,kenneth.watkins@icloud.com,853.368.6578x095,Chillicothe,MO,2024-11-16
CUST_05798,Hannah Lowe,hannah.lowe@aol.com,9789285495,Pinetop,AZ,2024-10-19
CUST_05799,Whitney Hammond,whitney.hammond@gmail.com,8748462232,Las Vegas,NV,2024-03-13
CUST_05800,Jessica Oliver,jessica.oliver@hotmail.com,976-840-0539x7895,Mountain View,CA,2026-05-06
CUST_05801,Cindy Rose,cindy.rose@hotmail.com,222.571.6443x13475,Denver,CO,2025-01-06
CUST_05802,David Norris,david.norris@aol.com,(213)898-9801x60500,De Leon,TX,2024-12-05
CUST_05803,Virginia Conley,virginia.conley@hotmail.com,+1-674-804-3157,East Freetown,MA,2026-08-18
CUST_05804,Eduardo Walters,eduardo.walters@gmail.com,+1-736-293-1303x25502,Pensacola,FL,2026-04-18
CUST_05805,Allison Hernandez,allison.hernandez@hotmail.com,961-321-5474,Hessmer,LA,2024-11-05
CUST_05806,Jennifer Johnson,jennifer.johnson@icloud.com,548.296.4906,Tulsa,OK,2026-02-10
CUST_05807,Alexis Juarez,alexis.juarez@hotmail.com,4986104837,Dumas,AR,2025-09-25
CUST_05808,Elizabeth Martin,elizabeth.martin@aol.com,001-795-927-5013,Omaha,NE,2025-02-09
CUST_05809,Megan Garcia,megan.garcia@outlook.com,001-963-548-5721,Waverley,MA,2025-12-04
CUST_05810,Michael Goodman,michael.goodman@hotmail.com,876-855-0374x412,Essex,MD,2023-11-29
CUST_05811,Abigail Walton,abigail.walton@icloud.com,779.752.9404x272,Durham,NC,2026-04-29
CUST_05812,Michael Austin,michael.austin@yahoo.com,+1-352-932-6560x467,Seal Harbor,ME,2025-02-02
CUST_05813,James Petersen,james.petersen@aol.com,4384857055,Charleston,WV,2025-01-06
CUST_05814,Hannah Powell,hannah.powell@aol.com,+1-350-977-2861x143,Columbia,SC,2024-08-20
CUST_05815,Christina Collins,christina.collins@icloud.com,001-260-394-1402,Saint Francisville,LA,2026-03-19
CUST_05816,Karen Moses,karen.moses@icloud.com,982-578-5278,Turners Station,KY,2023-11-30
CUST_05817,Mary Orr,mary.orr@yahoo.com,329.362.6046,Tracy,CA,2024-11-01
CUST_05818,Kiara Thompson,kiara.thompson@gmail.com,636.747.1145x96994,Downey,CA,2024-01-31
CUST_05819,Laura Clark,laura.clark@gmail.com,+1-547-851-6254x984,Greenville,ME,2023-10-26
CUST_05820,Gina Leon,gina.leon@gmail.com,856-391-0228x6815,Campbellsburg,IN,2024-04-22
CUST_05821,Ian Rodriguez,ian.rodriguez@yahoo.com,503-542-7666x669,Princeton,TX,2025-03-16
CUST_05822,Christopher Goodman,christopher.goodman@yahoo.com,665.925.7577,Gordon,WV,2023-11-30
CUST_05823,Daniel Harmon,daniel.harmon@gmail.com,001-455-806-8661,New Philadelphia,OH,2025-06-26
CUST_05824,Kevin Cole,kevin.cole@aol.com,6403715366,Saint Johnsville,NY,2025-01-15
CUST_05825,Joe Turner,joe.turner@gmail.com,+1-946-856-0468x444,Moreauville,LA,2025-07-10
CUST_05826,Patricia Lutz,patricia.lutz@icloud.com,7975812246,Casa Grande,AZ,2026-04-04
CUST_05827,Sandra Smith,sandra.smith@hotmail.com,918-230-9778x01158,Umpqua,OR,2026-06-14
CUST_05828,John Davis,john.davis@outlook.com,001-683-714-1631,Halsey,NE,2026-04-17
CUST_05829,Beth Vaughn,beth.vaughn@outlook.com,(607)662-8768x43664,Center,ND,2024-03-28
CUST_05830,Felicia Fields,felicia.fields@aol.com,001-209-273-3785,Huntington,TX,2026-07-20
CUST_05831,Elizabeth Brown,elizabeth.brown@outlook.com,733-712-2740,Bossier City,LA,2026-05-12
CUST_05832,Sharon Singh,sharon.singh@aol.com,(635)805-0029,Portland,OR,2026-07-26
CUST_05833,Carl Anderson,carl.anderson@outlook.com,+1-211-839-9692x9512,Macon,GA,2024-02-04
CUST_05834,Heather Gibson,heather.gibson@icloud.com,273.771.6559x53025,Hope,MN,2026-04-26
CUST_05835,Melanie Vasquez,melanie.vasquez@hotmail.com,(643)705-4186x97127,Charleston,WV,2024-08-31
CUST_05836,Brandon Howard,brandon.howard@icloud.com,7618440532,Sheldonville,MA,2025-09-09
CUST_05837,Heather Walker,heather.walker@icloud.com,001-220-491-1017x553,Canajoharie,NY,2025-03-21
CUST_05838,Alexandria Edwards,alexandria.edwards@gmail.com,774-943-4963x400,Palos Park,IL,2023-10-20
CUST_05839,Gene Todd,gene.todd@yahoo.com,915-311-8753x147,Garden City,NY,2024-04-13
CUST_05840,Manuel Trevino,manuel.trevino@icloud.com,366.990.0477x2010,Palmdale,CA,2024-12-04
CUST_05841,Michael Merritt,michael.merritt@hotmail.com,837-710-4452x5331,Castle,OK,2024-02-29
CUST_05842,Taylor Acevedo,taylor.acevedo@gmail.com,001-665-797-1451x0832,Wharton,OH,2026-02-14
CUST_05843,Jaime Stevens,jaime.stevens@icloud.com,712-840-9267,Omaha,NE,2024-10-14
CUST_05844,Beth Neal,beth.neal@icloud.com,001-947-740-4234,Dix,IL,2024-10-29
CUST_05845,Brian Lamb,brian.lamb@yahoo.com,786-288-2864,Marquette,NE,2026-08-20
CUST_05846,Brian Aguilar,brian.aguilar@aol.com,248.647.8143x816,Evansville,IN,2026-02-02
CUST_05847,Matthew Griffin,matthew.griffin@gmail.com,001-212-572-7778x215,Deadwood,OR,2026-01-11
CUST_05848,Richard Poole,richard.poole@aol.com,+1-701-625-2575x2868,Arnoldsburg,WV,2026-05-28
CUST_05849,Mark White,mark.white@hotmail.com,+1-923-843-1694,Tipton,KS,2026-05-15
CUST_05850,Eric Wallace,eric.wallace@hotmail.com,(558)973-0412,Lakewood,CA,2025-08-04
CUST_05851,John Erickson,john.erickson@yahoo.com,803-253-3599,Washington,DC,2024-04-29
CUST_05852,Megan Guzman,megan.guzman@yahoo.com,+1-399-806-8182x092,Kansas City,MO,2024-07-04
CUST_05853,Dana Harvey,dana.harvey@icloud.com,716.533.2242x5709,Falkville,AL,2024-07-10
CUST_05854,Paul Smith,paul.smith@aol.com,873-848-7659,Apo,AE,2025-12-10
CUST_05855,Susan Castillo,susan.castillo@aol.com,273-770-8278x82275,Orleans,MA,2025-02-16
CUST_05856,Cameron Contreras,cameron.contreras@aol.com,+1-653-867-1737x7274,East Brookfield,MA,2024-01-02
CUST_05857,Deborah Hampton,deborah.hampton@hotmail.com,001-271-932-6803x382,Cherry,IL,2024-12-04
CUST_05858,Alison Sweeney,alison.sweeney@outlook.com,316-689-1230x614,Lincoln,NE,2025-06-10
CUST_05859,Diana Wells,diana.wells@hotmail.com,(242)862-9317x52158,Gardnerville,NV,2024-06-10
CUST_05860,Carolyn Brown,carolyn.brown@aol.com,+1-215-201-5279x037,Seligman,AZ,2025-03-13
CUST_05861,Bryan Garrett,bryan.garrett@outlook.com,+1-339-247-1598,Apo,AE,2024-06-05
CUST_05862,Danny Hernandez,danny.hernandez@yahoo.com,448.938.4572,Little Falls,MN,2025-08-17
CUST_05863,Carla Johnson,carla.johnson@aol.com,001-306-702-3780x47738,Berkeley,CA,2026-01-04
CUST_05864,Ruth Escobar,ruth.escobar@gmail.com,+1-308-974-5771,Malibu,CA,2026-02-28
CUST_05865,Julie Jordan,julie.jordan@yahoo.com,278.596.7473,Hawthorne,NV,2024-02-28
CUST_05866,Courtney Ponce,courtney.ponce@gmail.com,790.256.4404x407,Earlington,KY,2026-04-05
CUST_05867,Aaron Paul,aaron.paul@hotmail.com,(685)566-2332x165,Rison,AR,2025-07-10
CUST_05868,Danielle Myers,danielle.myers@gmail.com,001-407-693-4266x9249,Hamilton,IL,2025-01-22
CUST_05869,James Scott,james.scott@yahoo.com,744.251.5614,Cathlamet,WA,2024-09-22
CUST_05870,Mario Lopez,mario.lopez@icloud.com,(363)467-8350,Winona,KS,2024-01-13
CUST_05871,Bryan Richardson,bryan.richardson@outlook.com,5397622699,Tyrone,NY,2025-05-08
CUST_05872,Cheryl Moran,cheryl.moran@outlook.com,+1-634-282-9835x88575,Tustin,MI,2023-09-23
CUST_05873,Eric Scott,eric.scott@aol.com,(630)431-1048x7598,New Braunfels,TX,2024-01-09
CUST_05874,Frank Berger,frank.berger@aol.com,+1-668-456-2880x97681,Leary,GA,2026-01-25
CUST_05875,Alexander Brooks,alexander.brooks@hotmail.com,001-967-388-5242x065,Titusville,FL,2024-03-09
CUST_05876,Charles Burke,charles.burke@hotmail.com,(512)599-6398,Spencer,IN,2024-03-02
CUST_05877,Philip Thompson,philip.thompson@aol.com,299-704-0322,Gunter,TX,2024-11-13
CUST_05878,Mary Martin,mary.martin@yahoo.com,(642)763-0059x80850,Elizabeth,IL,2024-06-13
CUST_05879,Gregory Rodgers,gregory.rodgers@gmail.com,941.792.7462x892,Charleston,WV,2026-05-05
CUST_05880,Tammy Smith,tammy.smith@aol.com,2704505103,Uniondale,NY,2024-01-20
CUST_05881,Kristy Ellis,kristy.ellis@aol.com,826-928-5498,Charleston,WV,2026-03-17
CUST_05882,Suzanne Santiago,suzanne.santiago@yahoo.com,812.282.8034x5736,Sparkill,NY,2023-12-26
CUST_05883,David Armstrong,david.armstrong@hotmail.com,826-589-5965,Salem,OR,2026-05-11
CUST_05884,David Weber,david.weber@icloud.com,558-979-0278x80509,Lamartine,PA,2025-07-23
CUST_05885,Michelle Ortiz,michelle.ortiz@hotmail.com,(477)625-4631x9136,Shelby,MI,2023-11-21
CUST_05886,Stephen Meyer,stephen.meyer@aol.com,859-848-1651,Ava,NY,2024-07-25
CUST_05887,John Castillo,john.castillo@yahoo.com,(417)405-5660,Washington,DC,2026-03-31
CUST_05888,Brittany Hopkins,brittany.hopkins@yahoo.com,+1-467-416-1777x168,Pocola,OK,2023-09-03
CUST_05889,Regina Woods,regina.woods@hotmail.com,+1-874-460-8556x23160,Monrovia,IN,2026-08-23
CUST_05890,Timothy Garza,timothy.garza@gmail.com,+1-970-890-3103x491,Williamsburg,MO,2024-08-07
CUST_05891,Kathleen Hickman,kathleen.hickman@icloud.com,+1-965-753-1539x327,Sun Valley,CA,2026-01-20
CUST_05892,Patrick Fletcher,patrick.fletcher@yahoo.com,(929)339-8659x28317,Nardin,OK,2025-05-17
CUST_05893,Jacqueline Gutierrez,jacqueline.gutierrez@icloud.com,001-752-311-9019x42466,Acme,PA,2025-03-08
CUST_05894,Rebecca Hess,rebecca.hess@icloud.com,001-675-391-6641,Watkins,CO,2024-12-30
CUST_05895,Amanda Mcpherson,amanda.mcpherson@aol.com,336-492-7717,Fpo,AE,2025-10-03
CUST_05896,Ana Martinez,ana.martinez@aol.com,+1-500-372-7809,Waterfall,PA,2026-05-19
CUST_05897,Patricia Garcia,patricia.garcia@outlook.com,481-518-0066,Dequincy,LA,2025-10-28
CUST_05898,Derek Leach,derek.leach@hotmail.com,(698)780-7714,Warrensburg,MO,2026-07-31
CUST_05899,Janice Merritt,janice.merritt@yahoo.com,+1-248-931-5764x184,Lakeland,FL,2023-09-21
CUST_05900,Linda Cochran,linda.cochran@aol.com,+1-722-314-8127x28434,Syracuse,NY,2025-05-12
CUST_05901,Tracy Fisher,tracy.fisher@icloud.com,(320)258-0213x02499,Philo,CA,2024-10-03
CUST_05902,Robert Chavez,robert.chavez@gmail.com,001-731-799-5990,Heth,AR,2025-06-28
CUST_05903,Ian Walker,ian.walker@gmail.com,359-798-9490x06248,Gould,OK,2025-08-21
CUST_05904,Rodney Elliott,rodney.elliott@hotmail.com,001-592-365-9867,New Madrid,MO,2026-07-19
CUST_05905,Sherri Sullivan,sherri.sullivan@yahoo.com,478-881-4293x39198,Baker City,OR,2026-05-14
CUST_05906,Joel West,joel.west@hotmail.com,481.731.9953x1718,Los Angeles,CA,2023-09-14
CUST_05907,Laura Barnes,laura.barnes@hotmail.com,001-748-640-9475x42721,Clermont,GA,2025-12-28
CUST_05908,Nicholas Diaz,nicholas.diaz@yahoo.com,001-744-951-5551x632,College Station,TX,2024-11-21
CUST_05909,Leslie Jackson,leslie.jackson@outlook.com,+1-223-857-5087,Ashland,VA,2026-03-28
CUST_05910,Laura Choi,laura.choi@hotmail.com,3458578288,Lonsdale,AR,2026-06-08
CUST_05911,Derek Torres,derek.torres@hotmail.com,646-429-7845x360,Beavertown,PA,2024-01-05
CUST_05912,Tonya Rivera,tonya.rivera@aol.com,001-492-968-6908,Lawrence,KS,2026-07-03
CUST_05913,Christina Gardner,christina.gardner@gmail.com,(516)336-4161x3373,Federal Way,WA,2025-03-21
CUST_05914,Corey Zhang,corey.zhang@icloud.com,+1-551-247-8233x1993,Wheeler,MS,2025-05-07
CUST_05915,Erin Nelson,erin.nelson@yahoo.com,(738)741-7550x4828,Des Moines,IA,2026-07-18
CUST_05916,William Hughes,william.hughes@aol.com,(661)598-7136,Occoquan,VA,2024-09-19
CUST_05917,Elizabeth Dixon,elizabeth.dixon@hotmail.com,204-249-3228,Crumrod,AR,2023-12-26
CUST_05918,Amy Long,amy.long@icloud.com,338.461.3637,Gonzales,TX,2023-08-31
CUST_05919,Jessica Green,jessica.green@yahoo.com,911-625-6910x64848,Wilsons,VA,2023-10-07
CUST_05920,Elizabeth Collins,elizabeth.collins@hotmail.com,800.710.3753x4457,Honolulu,HI,2025-01-04
CUST_05921,Heather Johnson,heather.johnson@outlook.com,+1-398-341-3843x1472,Princeton,NJ,2025-11-04
CUST_05922,Rhonda White,rhonda.white@icloud.com,+1-871-908-6410x839,Hackensack,NJ,2026-08-29
CUST_05923,Ashley Wolfe,ashley.wolfe@yahoo.com,8373826632,Harmony,RI,2023-09-21
CUST_05924,Kenneth Richardson,kenneth.richardson@outlook.com,626.299.9328x75611,Los Angeles,CA,2024-08-29
CUST_05925,Timothy Clark,timothy.clark@icloud.com,001-765-293-7093x7424,Danbury,NC,2026-03-02
CUST_05926,Thomas Robinson,thomas.robinson@hotmail.com,+1-441-310-0341x5812,Hayti,MO,2024-03-30
CUST_05927,Paula Mendez,paula.mendez@icloud.com,251.432.5540,Houston,PA,2026-01-27
CUST_05928,Kenneth Mack,kenneth.mack@gmail.com,466-604-6871x725,Somerset,WI,2023-12-01
CUST_05929,Diana Daniel,diana.daniel@outlook.com,001-206-456-6011x445,Harlingen,TX,2024-03-17
CUST_05930,John Cochran,john.cochran@icloud.com,864-661-1489x31164,Morrisville,NY,2026-03-24
CUST_05931,Donald Roberts,donald.roberts@hotmail.com,001-361-804-9461x8639,Blauvelt,NY,2025-06-18
CUST_05932,Richard Cohen,richard.cohen@aol.com,001-511-864-3915x9059,Fort Pierce,FL,2024-12-11
CUST_05933,Paul Murphy,paul.murphy@icloud.com,+1-837-475-9544x66044,Kapowsin,WA,2025-04-07
CUST_05934,David Kane,david.kane@icloud.com,(412)924-2500x171,Marion,VA,2024-03-03
CUST_05935,Mark Schneider,mark.schneider@yahoo.com,(791)937-4508x099,Macon,GA,2025-08-24
CUST_05936,David Patel,david.patel@hotmail.com,477.700.4565x089,Woodleaf,NC,2024-06-03
CUST_05937,Peggy Moore,peggy.moore@aol.com,(342)718-6950x9252,New Orleans,LA,2025-11-10
CUST_05938,Vanessa Miller,vanessa.miller@hotmail.com,225-883-0779x540,Smithfield,IL,2025-09-01
CUST_05939,Richard Boyd,richard.boyd@hotmail.com,607-343-6625x70778,Wilmington,DE,2024-02-23
CUST_05940,Tyler Tran,tyler.tran@gmail.com,001-318-920-1100x703,Clarkston,MI,2023-12-30
CUST_05941,Susan Schmitt,susan.schmitt@outlook.com,(474)922-7147x47928,Montgomery Creek,CA,2025-02-14
CUST_05942,Jerry Aguilar,jerry.aguilar@yahoo.com,001-591-521-4931x38291,Dublin,OH,2024-04-13
CUST_05943,Jessica Travis,jessica.travis@yahoo.com,+1-383-971-0406,Marne,IA,2024-11-26
CUST_05944,Kim Patton,kim.patton@aol.com,+1-421-446-0145,Weirsdale,FL,2026-03-08
CUST_05945,Rodney James,rodney.james@icloud.com,(488)974-5122x4984,Talco,TX,2025-05-22
CUST_05946,Jill Davis,jill.davis@outlook.com,(212)582-5608x7701,Laughlin,NV,2024-01-11
CUST_05947,Becky Klein,becky.klein@outlook.com,518-681-4736x5390,Hershey,PA,2024-07-26
CUST_05948,Emily Castaneda,emily.castaneda@aol.com,207-261-3266x287,Climax,NC,2025-01-30
CUST_05949,Robert Montgomery,robert.montgomery@yahoo.com,(205)925-0734,Williston,OH,2024-05-24
CUST_05950,Brenda Wilson,brenda.wilson@hotmail.com,001-775-872-6411x341,Milwaukee,WI,2024-08-24
CUST_05951,Charles Rodriguez,charles.rodriguez@aol.com,(827)438-3528,Poynor,TX,2025-07-22
CUST_05952,David Edwards,david.edwards@yahoo.com,+1-633-254-3890x56999,Monroe,LA,2025-07-07
CUST_05953,James Page,james.page@aol.com,(416)723-3947,Stevinson,CA,2025-01-01
CUST_05954,Nicholas Jones,nicholas.jones@icloud.com,849-602-2901x35058,Gilmer,TX,2026-04-01
CUST_05955,Carolyn Cox,carolyn.cox@aol.com,(450)703-1865,Decatur,MI,2025-03-25
CUST_05956,Jennifer Ortiz,jennifer.ortiz@gmail.com,+1-984-821-0801x194,Ketchum,ID,2026-08-22
CUST_05957,Jessica Hernandez,jessica.hernandez@gmail.com,231.346.0227x27858,Charleston,WV,2023-09-21
CUST_05958,Jasmine Vargas,jasmine.vargas@aol.com,001-359-540-8142x7206,Duncan,SC,2026-02-27
CUST_05959,Timothy Chan,timothy.chan@aol.com,803.634.5923x44293,Young America,MN,2024-03-10
CUST_05960,Tina Case,tina.case@outlook.com,001-636-809-1995x185,Lakemore,OH,2025-08-15
CUST_05961,David Hunter,david.hunter@aol.com,3763828894,Unionville,IN,2024-08-17
CUST_05962,Kevin Brooks,kevin.brooks@icloud.com,469-398-4979,Woburn,MA,2024-11-13
CUST_05963,Patty Olson,patty.olson@icloud.com,6023230827,Salmon,ID,2026-08-17
CUST_05964,Rose Williams,rose.williams@icloud.com,493-203-6747x468,Fayetteville,TN,2024-06-19
CUST_05965,Amanda Scott,amanda.scott@aol.com,3699146125,Aylett,VA,2025-07-23
CUST_05966,Caitlin Lopez,caitlin.lopez@icloud.com,+1-606-561-4882x537,South International Falls,MN,2026-07-11
CUST_05967,Megan Floyd,megan.floyd@icloud.com,+1-531-342-6367,White Lake,SD,2023-10-26
CUST_05968,Kevin Boone,kevin.boone@gmail.com,(945)616-2975x16115,Virginia Beach,VA,2025-06-07
CUST_05969,Kimberly Martin,kimberly.martin@icloud.com,428.404.8382,Fountain City,WI,2024-12-12
CUST_05970,Ashley Smith,ashley.smith@icloud.com,609-905-1355,Blackwell,OK,2025-03-17
CUST_05971,Sarah Lloyd,sarah.lloyd@icloud.com,+1-605-294-8365,Lake Forest,IL,2023-11-18
CUST_05972,Kaylee Clayton,kaylee.clayton@icloud.com,324-547-5476x7316,Dallas,TX,2024-05-30
CUST_05973,Amber Adams,amber.adams@hotmail.com,713.473.4622x9311,Littleton,WV,2026-04-04
CUST_05974,Eric Bryant,eric.bryant@gmail.com,9609002715,Alum Creek,WV,2025-06-22
CUST_05975,Chelsea Anthony,chelsea.anthony@hotmail.com,+1-569-236-5944x480,Choteau,MT,2024-04-10
CUST_05976,Jessica Benson,jessica.benson@gmail.com,203-452-1013x671,Slovan,PA,2025-10-06
CUST_05977,Kim Martinez,kim.martinez@gmail.com,997-212-5175x00133,Wilkes Barre,PA,2024-07-04
CUST_05978,Eric Washington,eric.washington@outlook.com,(240)373-8316,Minneapolis,MN,2025-02-05
CUST_05979,William Salinas,william.salinas@hotmail.com,802.847.8375,Edneyville,NC,2025-02-22
CUST_05980,Michael Miles,michael.miles@hotmail.com,+1-901-807-3625x130,Orlando,FL,2025-02-27
CUST_05981,Cody Perez,cody.perez@outlook.com,344-902-6963x12226,Lyles,TN,2024-11-03
CUST_05982,Tony Hardin,tony.hardin@yahoo.com,001-280-769-8468x38120,Galveston,IN,2024-02-10
CUST_05983,Laura Navarro,laura.navarro@icloud.com,651.399.7031,Fort Deposit,AL,2025-01-29
CUST_05984,Alexandra Johnson,alexandra.johnson@yahoo.com,001-454-997-1044x1499,Seabeck,WA,2026-03-24
CUST_05985,Robert Smith,robert.smith@outlook.com,001-801-992-5150x0400,Hartley,TX,2024-05-11
CUST_05986,Anthony Wilson,anthony.wilson@aol.com,(403)284-1630,Apo,AP,2025-03-07
CUST_05987,Stacy Cook,stacy.cook@aol.com,001-749-450-0462,Windsor,CO,2025-05-02
CUST_05988,Caleb Holt,caleb.holt@aol.com,436-577-2397,Lahoma,OK,2024-12-19
CUST_05989,Elizabeth Martin,elizabeth.martin@outlook.com,8613901239,Cary,MS,2024-12-29
CUST_05990,Jessica Moore,jessica.moore@yahoo.com,589-290-8251,Haines,AK,2025-12-15
CUST_05991,Paula Noble,paula.noble@yahoo.com,(436)765-9706x856,Franklin,MA,2023-11-01
CUST_05992,Jessica Bartlett,jessica.bartlett@outlook.com,377.390.6865,Chicago,IL,2023-12-27
CUST_05993,Barbara Larsen,barbara.larsen@outlook.com,001-505-216-4333x230,Hull,MA,2024-04-10
CUST_05994,Dustin Jimenez,dustin.jimenez@aol.com,001-454-660-6340,Holmes,PA,2025-03-18
CUST_05995,Kayla Wallace,kayla.wallace@yahoo.com,337.907.8543x10418,Bangor,PA,2024-08-24
CUST_05996,William Lee,william.lee@icloud.com,3333002050,Houston,TX,2024-08-24
CUST_05997,John Pacheco,john.pacheco@outlook.com,923-351-8244,Salineno,TX,2024-04-28
CUST_05998,Tony Walton,tony.walton@hotmail.com,+1-758-741-5996x565,Wonalancet,NH,2023-11-21
CUST_05999,Brian Cunningham,brian.cunningham@hotmail.com,+1-884-253-8368x832,Kinross,MI,2025-03-20
CUST_06000,Matthew Martin,matthew.martin@outlook.com,978-875-1062x30193,Hankinson,ND,2024-03-09
CUST_06001,Gabrielle Scott,gabrielle.scott@gmail.com,739-718-9769x6798,Barnwell,SC,2025-05-03
CUST_06002,Susan Mcdaniel,susan.mcdaniel@hotmail.com,+1-790-291-7715,Baring,MO,2023-10-10
CUST_06003,Deborah Sawyer,deborah.sawyer@gmail.com,262.376.1217x8948,Kingman,AZ,2023-10-05
CUST_06004,Pamela Austin,pamela.austin@gmail.com,001-872-438-5241x5763,Russia,OH,2026-01-02
CUST_06005,Donald Morton,donald.morton@outlook.com,2253427956,Nicholson,MS,2025-11-07
CUST_06006,Catherine Wilson,catherine.wilson@yahoo.com,(344)455-0924,Henning,MN,2024-10-14
CUST_06007,Donald Howell,donald.howell@hotmail.com,695-374-0602,Tangent,OR,2025-03-25
CUST_06008,Harold Porter,harold.porter@yahoo.com,001-305-661-5348,Effie,MN,2026-01-10
CUST_06009,Evan Allison,evan.allison@icloud.com,001-453-969-0758,Moline,IL,2025-02-05
CUST_06010,Christine Robbins,christine.robbins@gmail.com,279-625-6265,Houston,TX,2025-07-02
CUST_06011,Joseph Livingston,joseph.livingston@gmail.com,+1-658-233-5658x3421,Lowry,MN,2026-08-14
CUST_06012,Jonathan Hart,jonathan.hart@outlook.com,900.909.1654x56680,Chambers,NE,2026-06-15
CUST_06013,Adam Chavez,adam.chavez@hotmail.com,001-896-243-8026x6283,Norwood,PA,2024-05-03
CUST_06014,Kayla Day,kayla.day@aol.com,366.595.0841x032,Springfield,OH,2025-04-26
CUST_06015,Austin Graham,austin.graham@aol.com,(712)396-4382,Eastwood,KY,2024-04-30
CUST_06016,Dave Tapia,dave.tapia@gmail.com,(761)705-8996x582,Lansing,MI,2024-01-24
CUST_06017,Chelsea Mendoza,chelsea.mendoza@outlook.com,228.339.6295,Kendrick,ID,2025-12-06
CUST_06018,Dylan Welch,dylan.welch@aol.com,205.207.8439x832,Johnstown,PA,2026-01-05
CUST_06019,Natasha Dean,natasha.dean@outlook.com,+1-284-996-6940x55288,Jackpot,NV,2024-02-17
CUST_06020,Nicholas Cantrell,nicholas.cantrell@gmail.com,675-428-0131x19866,Madison,MS,2025-01-07
CUST_06021,Nicole Hart,nicole.hart@gmail.com,001-440-681-1268,Rutland,OH,2026-03-19
CUST_06022,James Mendoza,james.mendoza@icloud.com,(834)488-6567x1384,North Branford,CT,2023-10-25
CUST_06023,Timothy Allen,timothy.allen@gmail.com,001-744-825-4989x93657,Conroy,IA,2026-05-08
CUST_06024,Cameron Ortiz,cameron.ortiz@gmail.com,4445687896,Topeka,KS,2025-09-04
CUST_06025,Susan Sparks,susan.sparks@aol.com,424-700-4631x47827,York Haven,PA,2024-04-17
CUST_06026,Samantha Wright,samantha.wright@hotmail.com,001-575-763-8461x1623,Porter,OK,2024-05-15
CUST_06027,Nicole Matthews,nicole.matthews@aol.com,(455)981-2647x85762,Le Roy,MN,2025-11-22
CUST_06028,Chad Rivera,chad.rivera@gmail.com,(997)382-6846x08187,Glens Falls,NY,2026-03-29
CUST_06029,April Camacho,april.camacho@aol.com,+1-849-260-9774x0706,Winston Salem,NC,2024-12-06
CUST_06030,Meghan Compton,meghan.compton@yahoo.com,(967)951-2739x8416,Palmer,NE,2024-01-13
CUST_06031,Glenda Diaz,glenda.diaz@outlook.com,+1-340-573-5371,Harrisburg,PA,2024-12-08
CUST_06032,Daniel Duncan,daniel.duncan@aol.com,001-751-342-1079x097,Rushville,MO,2024-11-20
CUST_06033,John Schultz,john.schultz@icloud.com,669-269-4040x891,East Lansing,MI,2026-01-15
CUST_06034,Kurt Cervantes,kurt.cervantes@outlook.com,001-804-544-8999x611,El Paso,TX,2025-01-31
CUST_06035,Robert Allison,robert.allison@yahoo.com,+1-484-842-2277x1478,Brownstown,IL,2025-05-20
CUST_06036,Tommy Abbott,tommy.abbott@aol.com,231.785.4318,Lebanon,NH,2024-07-23
CUST_06037,Joshua Hopkins,joshua.hopkins@gmail.com,833.362.7699x11484,Hardenville,MO,2024-04-21
CUST_06038,Ryan Bauer,ryan.bauer@yahoo.com,(700)549-7977x15474,Stamford,CT,2024-08-06
CUST_06039,Steven Gomez,steven.gomez@outlook.com,482-498-9766,Onaka,SD,2025-12-22
CUST_06040,Mark Weeks,mark.weeks@hotmail.com,2833662605,Newry,SC,2024-07-11
CUST_06041,Charles Day,charles.day@gmail.com,548-365-1426x7677,Santa Monica,CA,2026-06-10
CUST_06042,Mary Hunter,mary.hunter@outlook.com,7272892818,Long Beach,CA,2025-05-06
CUST_06043,Joseph Baker,joseph.baker@gmail.com,(429)805-1249x1915,Tilleda,WI,2024-08-20
CUST_06044,Jacob Smith,jacob.smith@icloud.com,+1-431-336-6433x294,Long Barn,CA,2023-11-19
CUST_06045,Evan Colon,evan.colon@icloud.com,755-392-0008x98981,Pueblo,CO,2025-01-01
CUST_06046,Christopher Gonzales,christopher.gonzales@gmail.com,479.610.4504x6038,Chicago,IL,2025-05-26
CUST_06047,Angela Cook,angela.cook@hotmail.com,741-593-7766x7432,Auke Bay,AK,2026-01-23
CUST_06048,Christopher Davis,christopher.davis@yahoo.com,564.880.7582x9026,Sturgeon,MO,2026-02-01
CUST_06049,Steven Miller,steven.miller@outlook.com,+1-639-785-8896x73801,Clifton,NJ,2024-12-05
CUST_06050,Jeremy Goodman,jeremy.goodman@aol.com,+1-262-661-6282x7905,Sugar Land,TX,2025-06-25
CUST_06051,Jeff Jones,jeff.jones@gmail.com,(941)229-5309x7721,Craftsbury Common,VT,2025-05-29
CUST_06052,Darren Walker,darren.walker@icloud.com,+1-764-509-2903x21976,Coupon,PA,2025-10-21
CUST_06053,Lisa Lewis,lisa.lewis@gmail.com,001-733-287-3781x3000,Sutherland,IA,2025-01-19
CUST_06054,Larry Mahoney,larry.mahoney@yahoo.com,+1-468-512-3835x882,Chattanooga,TN,2024-02-14
CUST_06055,Hayley Rivera,hayley.rivera@yahoo.com,491.901.7823x5037,Fpo,AP,2026-08-01
CUST_06056,Tammy Sosa,tammy.sosa@aol.com,(270)546-8948x893,Davenport,IA,2025-01-16
CUST_06057,Jennifer Maxwell,jennifer.maxwell@gmail.com,969-962-8201,Washington,DC,2024-05-21
CUST_06058,Brian Marquez,brian.marquez@aol.com,531.526.5260x65268,Edmeston,NY,2026-02-17
CUST_06059,Xavier Gonzalez,xavier.gonzalez@aol.com,001-968-909-8624x9346,Sanborn,IA,2024-10-11
CUST_06060,John Foley,john.foley@icloud.com,001-708-968-0429x557,Bancroft,MI,2024-07-12
CUST_06061,Michelle Alexander,michelle.alexander@gmail.com,+1-378-997-5222x1901,Wright City,MO,2024-09-08
CUST_06062,Crystal Wood,crystal.wood@gmail.com,705.739.1554,Arcade,NY,2026-06-03
CUST_06063,Ryan Miller,ryan.miller@outlook.com,390.550.6413,Laings,OH,2025-07-01
CUST_06064,Billy Davis,billy.davis@yahoo.com,7514723345,East Wareham,MA,2023-10-20
CUST_06065,Kelly Hayes,kelly.hayes@gmail.com,001-259-513-4583x06156,Tooele,UT,2023-12-06
CUST_06066,Nicholas Patel,nicholas.patel@outlook.com,(236)959-7934,Saltsburg,PA,2025-02-26
CUST_06067,Patrick Roberts,patrick.roberts@icloud.com,7282533654,Lost Hills,CA,2026-03-25
CUST_06068,Ricky Glenn,ricky.glenn@hotmail.com,+1-210-506-9791x36794,Commerce,GA,2026-07-24
CUST_06069,Cody Nguyen,cody.nguyen@outlook.com,+1-737-565-1104,Silver Spring,MD,2024-09-30
CUST_06070,Anna James,anna.james@hotmail.com,001-274-205-7535x7672,Springfield,OR,2023-10-20
CUST_06071,Heidi Jones,heidi.jones@hotmail.com,+1-516-717-5422x56294,Seattle,WA,2024-07-10
CUST_06072,Rachel Barnes,rachel.barnes@yahoo.com,001-357-422-0293,Bellevue,ID,2024-03-14
CUST_06073,Mallory Andersen,mallory.andersen@hotmail.com,(832)807-3326,Winger,MN,2023-12-23
CUST_06074,Robert Vazquez,robert.vazquez@outlook.com,5604392135,Higbee,MO,2025-01-06
CUST_06075,Kim Raymond,kim.raymond@aol.com,(479)828-1478x962,El Paso,TX,2024-03-18
CUST_06076,Christina Sparks,christina.sparks@icloud.com,+1-818-609-5315x659,Erath,LA,2026-07-28
CUST_06077,Katherine Ware,katherine.ware@outlook.com,+1-364-772-7072x15115,East Freetown,MA,2025-12-12
CUST_06078,Anna Mclaughlin,anna.mclaughlin@yahoo.com,6728291672,Paincourtville,LA,2026-06-27
CUST_06079,Michael Bush,michael.bush@gmail.com,9637193456,Clinton,AR,2026-03-07
CUST_06080,Kathryn Bullock,kathryn.bullock@gmail.com,+1-232-756-7525,Sioux Falls,SD,2024-04-14
CUST_06081,Colleen Carey,colleen.carey@yahoo.com,(569)538-0215,Searles,MN,2026-04-17
CUST_06082,Maria Hale,maria.hale@outlook.com,288.309.7192x9964,Dawsonville,GA,2025-10-31
CUST_06083,Melissa Lopez,melissa.lopez@gmail.com,(664)767-6518x6434,Lyndonville,NY,2023-09-06
CUST_06084,Tiffany Smith,tiffany.smith@outlook.com,526.321.2117x12770,Norcross,GA,2025-07-19
CUST_06085,Lori Brown,lori.brown@gmail.com,313-668-8634x4797,Hamilton,TX,2024-03-22
CUST_06086,Christopher Brown,christopher.brown@icloud.com,4558093449,Bloomington,IN,2026-01-26
CUST_06087,Misty Salas,misty.salas@gmail.com,726-908-6907x845,Pomona,CA,2024-05-29
CUST_06088,Ann Cameron,ann.cameron@yahoo.com,+1-957-343-4672,Camarillo,CA,2026-04-19
CUST_06089,Kristopher Phillips,kristopher.phillips@outlook.com,+1-642-287-0832x315,Deer Park,TX,2023-09-27
CUST_06090,Luis Mahoney,luis.mahoney@aol.com,320-439-1621,Newton Lower Falls,MA,2023-12-17
CUST_06091,Robert Ellis,robert.ellis@yahoo.com,+1-844-494-7319x91596,Carrolltown,PA,2024-08-08
CUST_06092,Krystal Donovan,krystal.donovan@yahoo.com,248.621.8884,Maple Heights,OH,2023-12-29
CUST_06093,Desiree Burns,desiree.burns@icloud.com,221.781.7259x87705,Platter,OK,2024-08-15
CUST_06094,Timothy Petersen,timothy.petersen@aol.com,875.263.9761x892,Santa Cruz,CA,2026-04-19
CUST_06095,Chelsea Cline,chelsea.cline@yahoo.com,264.713.7488,Dpo,AE,2023-09-25
CUST_06096,Dorothy Glover,dorothy.glover@yahoo.com,001-364-542-7855,Dallas,NC,2023-09-30
CUST_06097,Jennifer Bird,jennifer.bird@aol.com,3375220722,Tampa,FL,2025-02-14
CUST_06098,Charlene Brown,charlene.brown@outlook.com,309-963-6642x1647,Channing,TX,2024-03-29
CUST_06099,Robert Andersen,robert.andersen@hotmail.com,791.835.3654x411,Newcomb,NY,2024-04-11
CUST_06100,Lawrence Hall,lawrence.hall@gmail.com,(745)298-8339x942,Hillsborough,NJ,2023-10-12
CUST_06101,Mark Patterson,mark.patterson@yahoo.com,(934)822-6533,Scotland Neck,NC,2025-06-16
CUST_06102,Kim Alvarado,kim.alvarado@hotmail.com,001-601-684-2218,Rockville Centre,NY,2024-12-04
CUST_06103,Adam Ortiz,adam.ortiz@aol.com,+1-710-926-0206x931,Cooleemee,NC,2025-05-09
CUST_06104,Philip Sweeney,philip.sweeney@yahoo.com,(236)233-2982,Galesburg,IL,2024-06-21
CUST_06105,Aaron Gutierrez,aaron.gutierrez@aol.com,987-583-6504,Bremo Bluff,VA,2024-08-09
CUST_06106,Joshua Edwards,joshua.edwards@aol.com,617.269.6200,Uledi,PA,2026-02-14
CUST_06107,Christopher Newman,christopher.newman@gmail.com,961-973-0205x8879,Center Lovell,ME,2026-02-07
CUST_06108,Hannah Chase,hannah.chase@aol.com,001-804-727-5177x8779,Couderay,WI,2023-12-08
CUST_06109,Diana Gonzalez,diana.gonzalez@hotmail.com,001-319-917-0142x95352,Syracuse,NY,2024-02-01
CUST_06110,Kelsey Bates,kelsey.bates@gmail.com,283.854.5980x49392,Ruston,LA,2026-01-04
CUST_06111,Kenneth Hansen,kenneth.hansen@icloud.com,001-806-801-6100,Salt Lake City,UT,2025-01-23
CUST_06112,Stephen Benson,stephen.benson@yahoo.com,859-647-1508x33350,Fpo,AE,2025-11-02
CUST_06113,Tracy Bullock,tracy.bullock@yahoo.com,974-810-5319x94802,Cincinnati,OH,2024-11-02
CUST_06114,Andrea Johnson,andrea.johnson@icloud.com,826-330-0927x67656,Adams Center,NY,2025-01-07
CUST_06115,Ashley Watson,ashley.watson@icloud.com,2406184754,Houston,TX,2024-04-09
CUST_06116,Daniel Diaz,daniel.diaz@outlook.com,277.287.6414x00361,Baton Rouge,LA,2023-10-11
CUST_06117,Eric Butler,eric.butler@aol.com,215-867-0726x602,Wabasha,MN,2026-03-14
CUST_06118,Christine Guzman,christine.guzman@aol.com,420-661-2360,Milan,NH,2024-12-17
CUST_06119,Sandra Williams,sandra.williams@icloud.com,(571)807-1666x545,Dubuque,IA,2024-06-26
CUST_06120,Regina Jones,regina.jones@hotmail.com,(571)738-7445,Rochester,TX,2025-06-30
CUST_06121,Edward Chavez,edward.chavez@icloud.com,+1-686-822-5089x84445,Fort Wainwright,AK,2024-10-17
CUST_06122,Olivia Rojas,olivia.rojas@hotmail.com,+1-511-948-1126x766,Liberty,TX,2026-02-10
CUST_06123,William Hernandez,william.hernandez@outlook.com,359-213-8103,Fond Du Lac,WI,2023-12-27
CUST_06124,Mackenzie Keller,mackenzie.keller@aol.com,(227)321-3806x87634,Dpo,AE,2025-12-07
CUST_06125,Monica Wood,monica.wood@gmail.com,001-743-746-5367x374,Garden Grove,CA,2025-12-04
CUST_06126,Theresa Jones,theresa.jones@gmail.com,940-318-2198x3967,Tustin,MI,2023-10-25
CUST_06127,Molly Oneal,molly.oneal@outlook.com,(918)599-4196x43283,Clemson,SC,2025-05-07
CUST_06128,Adam Williams,adam.williams@hotmail.com,001-980-384-9063x47411,Shreveport,LA,2023-11-25
CUST_06129,Colton Webster,colton.webster@icloud.com,(327)857-1795x914,Honolulu,HI,2026-01-05
CUST_06130,Andrew Shaffer,andrew.shaffer@icloud.com,+1-412-465-6521x9355,Mahwah,NJ,2024-12-06
CUST_06131,David Wilcox,david.wilcox@icloud.com,201.796.7707x16849,Spruce Head,ME,2024-08-20
CUST_06132,Anthony Parks,anthony.parks@hotmail.com,001-692-324-5829,Dunedin,FL,2025-09-06
CUST_06133,Deborah Camacho,deborah.camacho@yahoo.com,916.210.1101x11664,Freeman,VA,2024-09-18
CUST_06134,Courtney Wright,courtney.wright@gmail.com,547.320.8345x634,Dekalb,IL,2024-03-25
CUST_06135,Taylor Sanchez,taylor.sanchez@icloud.com,+1-257-850-5395x0997,Highland,CA,2024-06-03
CUST_06136,Rebecca Taylor,rebecca.taylor@hotmail.com,644-505-2279x41416,Lake Delton,WI,2026-01-12
CUST_06137,Mary Guerra,mary.guerra@outlook.com,4976428646,Websterville,VT,2026-02-17
CUST_06138,Jean Morris,jean.morris@icloud.com,5184554729,Rock Valley,IA,2024-04-27
CUST_06139,George Smith,george.smith@yahoo.com,5814935930,Santa Margarita,CA,2024-02-03
CUST_06140,John Daniels,john.daniels@yahoo.com,363-705-7982,Wendell,NC,2024-12-12
CUST_06141,Kenneth Young,kenneth.young@icloud.com,(405)307-5051,Fort Worth,TX,2025-12-10
CUST_06142,Brandon Torres,brandon.torres@outlook.com,001-728-225-1488x13468,Varina,IA,2025-07-19
CUST_06143,Richard Carlson,richard.carlson@yahoo.com,(601)472-7786x31996,Dayton,OH,2023-11-26
CUST_06144,Joseph Murphy,joseph.murphy@aol.com,866-488-2083x079,Idaho Falls,ID,2024-11-03
CUST_06145,Alyssa Marquez,alyssa.marquez@gmail.com,001-294-288-3329x8082,North Canton,OH,2023-11-27
CUST_06146,Lisa Guerrero,lisa.guerrero@yahoo.com,001-863-585-6380,Nordman,ID,2026-05-27
CUST_06147,Mary Willis,mary.willis@icloud.com,588-676-3940,Stahlstown,PA,2025-09-17
CUST_06148,Thomas Gray,thomas.gray@gmail.com,001-885-344-2836x48297,Gray,GA,2024-04-11
CUST_06149,Stacey Perry,stacey.perry@outlook.com,(265)344-2841x18330,Carriere,MS,2026-07-11
CUST_06150,Jeffrey White,jeffrey.white@gmail.com,414-809-4445x7117,Westminster,CA,2025-12-27
CUST_06151,Robert Pierce,robert.pierce@hotmail.com,(396)876-5256,Middleburg,OH,2025-06-22
CUST_06152,Sean Smith,sean.smith@hotmail.com,001-988-566-9673x654,Crane Lake,MN,2023-11-06
CUST_06153,Javier Wolf,javier.wolf@aol.com,001-577-203-9610x375,Addieville,IL,2024-11-08
CUST_06154,Nicole Coleman,nicole.coleman@gmail.com,(253)906-6830x7453,Rockville,MD,2023-11-24
CUST_06155,Robert Smith,robert.smith@hotmail.com,+1-243-543-1729x4473,Newport News,VA,2025-04-22
CUST_06156,Susan Flores,susan.flores@hotmail.com,599-413-2362,Chestertown,MD,2025-04-24
CUST_06157,Bobby Joyce,bobby.joyce@icloud.com,+1-877-911-1943x6655,Clermont,IA,2024-11-12
CUST_06158,Emily Briggs,emily.briggs@yahoo.com,224-659-6965x21304,Dallas,TX,2024-07-05
CUST_06159,Joshua Osborne,joshua.osborne@yahoo.com,(566)963-4357x0800,Woodway,TX,2024-03-20
CUST_06160,Lisa Thomas,lisa.thomas@aol.com,(710)396-0026x758,Riverdale,GA,2023-12-22
CUST_06161,Nicole Williams,nicole.williams@gmail.com,970.693.5955,Carthage,NC,2025-06-17
CUST_06162,Rebecca Allen,rebecca.allen@hotmail.com,245-925-3835,Tollhouse,CA,2024-03-26
CUST_06163,Christian Gates,christian.gates@icloud.com,001-824-724-6493x22154,Bentonville,AR,2026-01-07
CUST_06164,Daniel Daniel,daniel.daniel@icloud.com,900.976.5987x162,Bremen,GA,2023-10-27
CUST_06165,Bobby Dalton,bobby.dalton@outlook.com,452.970.6459x26325,Rock Falls,WI,2024-02-22
CUST_06166,Thomas Sanchez,thomas.sanchez@icloud.com,230.740.6087,Cass City,MI,2026-06-28
CUST_06167,Tiffany Fitzpatrick,tiffany.fitzpatrick@outlook.com,574-826-6378x115,Lyford,TX,2024-12-12
CUST_06168,Kenneth Harmon,kenneth.harmon@yahoo.com,+1-638-393-0168x936,Spofford,NH,2025-12-05
CUST_06169,Kathleen Evans,kathleen.evans@aol.com,652-480-6809,Saint Petersburg,FL,2023-10-15
CUST_06170,Melissa Watts,melissa.watts@aol.com,229.839.0628x3625,Moran,KS,2025-12-27
CUST_06171,Thomas Harrell,thomas.harrell@gmail.com,644.207.1848,Portland,OR,2024-03-08
CUST_06172,Patrick Adams,patrick.adams@yahoo.com,+1-456-946-7542x7428,Bentley,LA,2026-01-31
CUST_06173,David Sullivan,david.sullivan@icloud.com,689.207.7290x861,Carnation,WA,2024-07-19
CUST_06174,Taylor Graham,taylor.graham@gmail.com,362-420-0121x518,Orkney Springs,VA,2023-09-14
CUST_06175,Timothy Michael,timothy.michael@hotmail.com,965.788.1244x241,Manvel,TX,2026-07-21
CUST_06176,Adam Lin,adam.lin@gmail.com,(717)804-6391,Port Gibson,NY,2023-09-01
CUST_06177,Jessica Morrison,jessica.morrison@hotmail.com,649-975-1207x184,Saint Paul,MN,2024-05-09
CUST_06178,Matthew Fox,matthew.fox@outlook.com,(391)277-1564x1294,Upton,KY,2023-09-30
CUST_06179,Randy Martinez,randy.martinez@icloud.com,(552)402-0479,Cleveland,AL,2025-03-28
CUST_06180,Adrian Massey,adrian.massey@aol.com,582.813.1502x721,Pierce,NE,2026-01-15
CUST_06181,Christopher Murphy,christopher.murphy@hotmail.com,+1-971-283-9707x5867,Santa Barbara,CA,2026-03-20
CUST_06182,Kyle Frost,kyle.frost@icloud.com,(920)882-7173x119,Sartell,MN,2025-09-04
CUST_06183,Gabriel Woodard,gabriel.woodard@icloud.com,+1-888-782-3986x22673,Albany,LA,2026-08-04
CUST_06184,Holly Howard,holly.howard@outlook.com,+1-704-448-7402x842,Ransom,IL,2025-05-02
CUST_06185,Sean Gibson,sean.gibson@hotmail.com,366-394-8746x099,Duluth,GA,2024-05-02
CUST_06186,Daniel Esparza,daniel.esparza@outlook.com,476.385.4917,Cromwell,MN,2025-04-26
CUST_06187,Andrea Martin,andrea.martin@hotmail.com,262.873.6617x300,Decatur,MI,2025-07-25
CUST_06188,Johnny Waller,johnny.waller@icloud.com,001-898-635-1490x0013,South River,NJ,2025-12-06
CUST_06189,Kimberly Lynch,kimberly.lynch@aol.com,001-227-603-1209x6395,Red Level,AL,2024-09-25
CUST_06190,Daniel Vasquez,daniel.vasquez@yahoo.com,+1-323-209-4173x00275,Olustee,OK,2024-07-15
CUST_06191,Michael Burgess,michael.burgess@gmail.com,(797)609-7221x411,Lincoln,NE,2025-03-08
CUST_06192,Jacqueline Mcdonald,jacqueline.mcdonald@aol.com,487.771.2037x0114,Fulton,SD,2026-03-01
CUST_06193,Kimberly Wright,kimberly.wright@outlook.com,232.716.4456x20864,Salvisa,KY,2026-08-15
CUST_06194,Brianna Chavez,brianna.chavez@icloud.com,+1-906-714-2285x222,Mercedes,TX,2023-09-04
CUST_06195,Laura Gregory,laura.gregory@icloud.com,(739)854-4922x883,Pipestone,MN,2025-09-24
CUST_06196,Karen Williams,karen.williams@aol.com,612.385.7606,Port Austin,MI,2025-04-30
CUST_06197,Reginald Carroll,reginald.carroll@yahoo.com,524-637-1414,Grover,NC,2026-02-26
CUST_06198,Jason Hamilton,jason.hamilton@icloud.com,(519)987-9680,South Milford,IN,2024-02-05
CUST_06199,David Morgan,david.morgan@outlook.com,001-432-970-3404x091,Bethel Springs,TN,2025-09-03
CUST_06200,Shelby Anderson,shelby.anderson@yahoo.com,704-986-2783x00247,Fresno,CA,2026-04-05
CUST_06201,Alice Campbell,alice.campbell@icloud.com,+1-735-503-0048,Moville,IA,2024-02-29
CUST_06202,Marcus Moore,marcus.moore@gmail.com,(709)619-4722x1458,Narvon,PA,2025-12-28
CUST_06203,Keith Woodard,keith.woodard@gmail.com,(971)413-0599x796,Mellott,IN,2024-07-11
CUST_06204,Carolyn Wells,carolyn.wells@outlook.com,615-412-0478x64400,Boys Ranch,TX,2025-04-16
CUST_06205,Kimberly Kim,kimberly.kim@outlook.com,209-307-7604,Cuney,TX,2025-05-02
CUST_06206,Lori Perez,lori.perez@yahoo.com,9957139708,Dallas,TX,2025-02-01
CUST_06207,Thomas Palmer,thomas.palmer@yahoo.com,825.994.7154x692,Nickerson,KS,2025-10-25
CUST_06208,Sean Murphy,sean.murphy@hotmail.com,(995)771-3389x32404,Fort Duchesne,UT,2026-06-02
CUST_06209,Debra Shah,debra.shah@aol.com,221-966-5366x193,Elk Rapids,MI,2025-06-23
CUST_06210,Dakota Reed,dakota.reed@yahoo.com,001-743-462-2327x8996,Spivey,KS,2026-02-28
CUST_06211,Scott Gay,scott.gay@aol.com,+1-741-952-9764x613,University,MS,2024-08-12
CUST_06212,Pamela Walters,pamela.walters@aol.com,(782)370-8269x45054,Kansas City,MO,2025-02-17
CUST_06213,Karen Jones,karen.jones@gmail.com,916.358.8688,Fenelton,PA,2025-11-12
CUST_06214,Steven Williamson,steven.williamson@gmail.com,001-954-447-0815x235,Milnesand,NM,2025-10-30
CUST_06215,Lori Williams,lori.williams@outlook.com,(342)905-6788,Cayey,PR,2025-02-08
CUST_06216,Diane Cook,diane.cook@outlook.com,383.704.9542,Chinquapin,NC,2024-07-13
CUST_06217,Patrick Moreno,patrick.moreno@gmail.com,+1-905-537-5229x719,Washington,DC,2024-06-22
CUST_06218,Andrew Greene,andrew.greene@aol.com,001-869-653-5011,Damascus,MD,2026-02-02
CUST_06219,Matthew Fields,matthew.fields@icloud.com,708-375-8872x228,Broxton,GA,2025-04-21
CUST_06220,Andrew Harrison,andrew.harrison@yahoo.com,976-622-9760x5762,Saint Marys City,MD,2024-11-13
CUST_06221,Cole Olson,cole.olson@outlook.com,446-202-1490,Atlanta,GA,2025-04-10
CUST_06222,Juan Gonzalez,juan.gonzalez@hotmail.com,(499)977-3355x8277,La Follette,TN,2024-10-21
CUST_06223,Michael Ramirez,michael.ramirez@yahoo.com,(788)974-3626,Huntingdon,PA,2024-10-29
CUST_06224,Matthew Harrell,matthew.harrell@gmail.com,(506)584-3953x42601,Tridell,UT,2023-08-31
CUST_06225,Amanda Sanchez,amanda.sanchez@outlook.com,001-995-975-3823x86107,Aydlett,NC,2024-12-27
CUST_06226,Hector Burton,hector.burton@icloud.com,001-456-459-8448x47627,Dpo,AE,2025-10-27
CUST_06227,Dawn Smith,dawn.smith@aol.com,605-642-7202,Maple City,KS,2026-03-06
CUST_06228,Diana Ruiz,diana.ruiz@icloud.com,(822)221-6844x36020,Reidsville,GA,2025-10-15
CUST_06229,Amy Sims,amy.sims@icloud.com,4512697371,Haywood,VA,2025-03-16
CUST_06230,Paul Jefferson,paul.jefferson@yahoo.com,8735488499,Burbank,CA,2024-08-26
CUST_06231,Pamela Escobar,pamela.escobar@gmail.com,001-493-393-0030x44379,Hatch,NM,2025-05-01
CUST_06232,John Harrington,john.harrington@icloud.com,(564)253-6794x4276,Center City,MN,2026-03-23
CUST_06233,Tyler Clarke,tyler.clarke@hotmail.com,001-916-991-3625,Kansas City,MO,2024-12-04
CUST_06234,Matthew Simmons,matthew.simmons@yahoo.com,(734)712-5722,Niceville,FL,2024-01-24
CUST_06235,Jonathan Bailey,jonathan.bailey@icloud.com,+1-405-256-6312,Montchanin,DE,2025-03-06
CUST_06236,Tina Thomas,tina.thomas@icloud.com,8147543996,Statham,GA,2024-03-09
CUST_06237,Tiffany Shepard,tiffany.shepard@hotmail.com,321.716.7532x67506,Birmingham,AL,2026-07-25
CUST_06238,Jared Bass,jared.bass@gmail.com,6994890213,Cookstown,NJ,2025-06-30
CUST_06239,Henry Carroll,henry.carroll@gmail.com,+1-576-533-8648x9318,Longview,TX,2025-02-16
CUST_06240,Heather Berry,heather.berry@outlook.com,536-208-7434x527,Hiawatha,WV,2025-09-07
CUST_06241,Kevin Collins,kevin.collins@outlook.com,862.833.3992,Houston,TX,2024-01-30
CUST_06242,Wanda Nielsen,wanda.nielsen@aol.com,412.873.1127,Richmond,CA,2025-10-19
CUST_06243,Barbara Hernandez,barbara.hernandez@hotmail.com,814-905-4069x2017,Driscoll,TX,2025-10-11
CUST_06244,Joshua Valdez,joshua.valdez@gmail.com,538.908.8836,Lexington,KY,2026-02-23
CUST_06245,Diana Perez,diana.perez@gmail.com,+1-389-958-3817x26962,Walton,WV,2026-02-22
CUST_06246,Michelle Cruz,michelle.cruz@yahoo.com,001-433-968-1730x382,Washington,DC,2024-09-20
CUST_06247,Robert Diaz,robert.diaz@outlook.com,+1-382-941-1722,New Salem,MA,2025-09-09
CUST_06248,Janet Allen,janet.allen@yahoo.com,001-258-815-0848x20544,Chester,VA,2025-02-17
CUST_06249,Joseph Robinson,joseph.robinson@hotmail.com,238-792-2762x5707,Stanley,NY,2026-05-10
CUST_06250,Jessica Hunt,jessica.hunt@gmail.com,001-509-266-0339x996,Abernathy,TX,2025-07-29
CUST_06251,Kevin Davis,kevin.davis@aol.com,260.623.0334x116,Fall River,KS,2023-10-28
CUST_06252,Elizabeth Dillon,elizabeth.dillon@hotmail.com,+1-797-563-9587x997,Central City,PA,2025-08-11
CUST_06253,Christine Hernandez,christine.hernandez@icloud.com,+1-727-242-9576x36326,Ross,CA,2025-02-06
CUST_06254,Joseph Miller,joseph.miller@hotmail.com,(778)426-9347x66998,Oak Park,IL,2025-08-03
CUST_06255,Lisa Martinez,lisa.martinez@outlook.com,001-863-699-5242x253,Indianapolis,IN,2024-01-04
CUST_06256,Jacob Anderson,jacob.anderson@icloud.com,+1-683-645-1007,Northfork,WV,2023-10-12
CUST_06257,Monique Harmon,monique.harmon@outlook.com,906-441-7594,Greenland,AR,2025-05-29
CUST_06258,Marcus Smith,marcus.smith@outlook.com,3792708164,Willits,CA,2025-09-30
CUST_06259,Derrick Becker,derrick.becker@aol.com,306.359.7699,Spanishburg,WV,2024-02-16
CUST_06260,Jimmy Mendez,jimmy.mendez@hotmail.com,+1-645-482-8840x259,North Newton,KS,2024-03-26
CUST_06261,Kathryn Schultz,kathryn.schultz@icloud.com,849-909-0555,Kalamazoo,MI,2025-01-16
CUST_06262,Justin Craig,justin.craig@outlook.com,715.976.9592x0722,Colorado Springs,CO,2024-10-03
CUST_06263,Stephanie Smith,stephanie.smith@yahoo.com,+1-813-207-1311x2505,Deatsville,AL,2024-04-14
CUST_06264,Joel Lee,joel.lee@outlook.com,(318)962-9372,Union Grove,AL,2024-04-28
CUST_06265,Jill Wang,jill.wang@hotmail.com,+1-863-349-8449,Greeley,PA,2025-08-21
CUST_06266,Aaron Lawrence,aaron.lawrence@icloud.com,446.820.0688,Halstad,MN,2026-03-13
CUST_06267,Anthony Carlson,anthony.carlson@icloud.com,739-589-7258x96236,Gagetown,MI,2026-04-16
CUST_06268,James Merritt,james.merritt@icloud.com,(352)897-5601,Bridgeport,CT,2024-11-23
CUST_06269,Austin Gonzalez,austin.gonzalez@aol.com,669.222.6487x444,Bridgewater,SD,2026-08-01
CUST_06270,Elizabeth Petersen,elizabeth.petersen@icloud.com,621-717-3100,Valley Head,AL,2025-11-21
CUST_06271,Danielle Weaver,danielle.weaver@aol.com,(934)886-6482x7125,Glasgow,MO,2025-09-30
CUST_06272,Jeffrey Case,jeffrey.case@yahoo.com,+1-772-555-5002,Cave In Rock,IL,2026-04-22
CUST_06273,Jessica Pruitt,jessica.pruitt@hotmail.com,232.533.5996x39240,Clarks Summit,PA,2025-09-04
CUST_06274,Tracy Mcclain,tracy.mcclain@yahoo.com,(753)469-7776,Port Orange,FL,2026-06-24
CUST_06275,Timothy Hernandez,timothy.hernandez@yahoo.com,+1-329-550-5714x61444,Gary,IN,2025-09-13
CUST_06276,Jaclyn Coleman,jaclyn.coleman@outlook.com,3584483607,Germantown,TN,2023-10-01
CUST_06277,Reginald Fowler,reginald.fowler@gmail.com,(829)255-8774x2311,Tracy,CA,2026-04-15
CUST_06278,Andre Williams,andre.williams@outlook.com,(378)762-4113,Janesville,MN,2025-10-29
CUST_06279,Wayne Rogers,wayne.rogers@outlook.com,+1-616-243-0911x9395,Southampton,PA,2025-05-19
CUST_06280,Patrick Smith,patrick.smith@yahoo.com,(722)363-6226x9207,Fresh Meadows,NY,2024-04-07
CUST_06281,Cassidy Moore,cassidy.moore@yahoo.com,641.936.9175,Montrose,IA,2023-12-09
CUST_06282,Krista Lopez,krista.lopez@outlook.com,978-424-4896,Granger,TX,2025-05-08
CUST_06283,Andrea Robertson,andrea.robertson@outlook.com,6993399415,Gordon,WV,2024-10-31
CUST_06284,David Wright,david.wright@aol.com,+1-217-215-9024x945,Plainville,KS,2026-06-23
CUST_06285,Aaron Williamson,aaron.williamson@gmail.com,+1-290-419-3481x75574,Naperville,IL,2025-02-06
CUST_06286,Larry Bates,larry.bates@gmail.com,286.776.0635x89736,Laurie,MO,2024-05-12
CUST_06287,Fernando Vasquez,fernando.vasquez@outlook.com,+1-672-724-4950,Valparaiso,IN,2023-11-05
CUST_06288,Clifford Williams,clifford.williams@outlook.com,(588)860-1537x2856,Kanopolis,KS,2024-09-27
CUST_06289,Robert Bryant,robert.bryant@icloud.com,001-535-301-1078x175,Athol Springs,NY,2023-09-12
CUST_06290,Ashley Lewis,ashley.lewis@yahoo.com,(954)608-7653x54844,Frederick,CO,2024-11-08
CUST_06291,Brandon Hanson,brandon.hanson@icloud.com,687-412-9921x91882,Cambridge,MN,2024-07-28
CUST_06292,Karen Brown,karen.brown@aol.com,671-390-7693x82883,Cleveland,OH,2025-05-02
CUST_06293,Walter Flores,walter.flores@yahoo.com,001-322-495-0646x038,Knoxville,TN,2025-06-08
CUST_06294,Darrell Hogan,darrell.hogan@gmail.com,(275)686-9849x7037,Tripoli,IA,2025-02-27
CUST_06295,Adam Wilson,adam.wilson@aol.com,+1-726-910-6112,Readstown,WI,2026-05-28
CUST_06296,Katrina Jimenez,katrina.jimenez@icloud.com,001-483-973-1891x1760,Rock,KS,2024-03-26
CUST_06297,Jose Kelly,jose.kelly@gmail.com,8898876629,Wesco,MO,2023-12-30
CUST_06298,Jesse Hill,jesse.hill@gmail.com,+1-788-562-2628x7195,Sasabe,AZ,2025-12-20
CUST_06299,Olivia Howard,olivia.howard@gmail.com,413-711-8428x17618,Carrollton,OH,2026-04-11
CUST_06300,Brandy Williams,brandy.williams@icloud.com,+1-837-227-2019x13897,Fpo,AE,2025-10-04
CUST_06301,Tami Pugh,tami.pugh@hotmail.com,846.647.8803x5199,Monterey,TN,2025-06-25
CUST_06302,Blake Wilson,blake.wilson@yahoo.com,694-219-3156,Mills,NM,2025-06-29
CUST_06303,Timothy Gray,timothy.gray@hotmail.com,+1-639-712-4517x572,Assaria,KS,2024-12-13
CUST_06304,Wanda Jenkins,wanda.jenkins@icloud.com,(491)524-5131x337,Sperry,IA,2026-03-28
CUST_06305,Katelyn Morgan,katelyn.morgan@icloud.com,881-500-3742x985,Mc Intyre,GA,2025-01-02
CUST_06306,Matthew Rios,matthew.rios@icloud.com,675-812-9681,Decker,MT,2024-05-20
CUST_06307,Raymond Mcdowell,raymond.mcdowell@outlook.com,499-574-5552x1777,Columbus,NE,2026-01-21
CUST_06308,Lindsay Miller,lindsay.miller@icloud.com,510.219.3299x969,Lake City,SC,2026-08-20
CUST_06309,Andre Hunt,andre.hunt@icloud.com,374-905-0031x99565,Caldwell,TX,2026-07-23
CUST_06310,Tara Tran,tara.tran@hotmail.com,3356300015,Chilhowee,MO,2026-01-13
CUST_06311,Brandon Herrera,brandon.herrera@yahoo.com,+1-332-322-8234x36762,Cowley,WY,2026-07-02
CUST_06312,Mariah Anderson,mariah.anderson@icloud.com,991.307.9122,Ellsworth,ME,2025-07-15
CUST_06313,Shannon Brown,shannon.brown@icloud.com,414-922-2264x676,Cherokee,KS,2024-04-04
CUST_06314,John Johnston,john.johnston@outlook.com,781.298.0785,Batesville,MS,2025-04-15
CUST_06315,Danielle Jackson,danielle.jackson@yahoo.com,341.369.2182,Miami Beach,FL,2024-01-04
CUST_06316,Kevin Palmer,kevin.palmer@gmail.com,+1-772-285-3527x7955,Lawrence,KS,2026-08-23
CUST_06317,Alejandra Watson,alejandra.watson@outlook.com,449-451-6307,Quitaque,TX,2025-02-06
CUST_06318,Caroline Wright,caroline.wright@icloud.com,327.660.9985,Winona,MN,2023-11-18
CUST_06319,Matthew Wilson,matthew.wilson@outlook.com,568.853.1946,Pocatello,ID,2025-01-10
CUST_06320,Michael Hernandez,michael.hernandez@hotmail.com,456.943.7225x9571,Darlington,MD,2024-04-24
CUST_06321,Andrew Garcia,andrew.garcia@hotmail.com,001-996-689-2783,Saint Mary Of The Woods,IN,2025-08-04
CUST_06322,Sherri Jones,sherri.jones@outlook.com,+1-600-386-7254x46531,Dpo,AP,2024-05-20
CUST_06323,Adrian Brown,adrian.brown@yahoo.com,976.312.2742,Stanley,VA,2025-06-15
CUST_06324,Sheila Aguirre,sheila.aguirre@gmail.com,001-530-786-5351,Wakefield,RI,2025-05-08
CUST_06325,James Strong,james.strong@yahoo.com,+1-747-555-3777x2087,Heislerville,NJ,2025-04-15
CUST_06326,Amber Johnson,amber.johnson@hotmail.com,+1-954-927-0986x12712,Thompsons Station,TN,2026-06-01
CUST_06327,James Long,james.long@gmail.com,+1-386-324-1878x4726,Sextonville,WI,2025-05-01
CUST_06328,Cody Wells,cody.wells@aol.com,926.818.8271,Wytopitlock,ME,2026-01-11
CUST_06329,Nancy Blackburn,nancy.blackburn@outlook.com,622-938-9923x8203,Hatton,ND,2024-11-27
CUST_06330,Barbara Harper,barbara.harper@outlook.com,(303)871-1737,Denver,CO,2025-01-28
CUST_06331,Carrie Kramer,carrie.kramer@hotmail.com,001-539-381-9502x24091,Selma,OR,2025-11-04
CUST_06332,Nicole Williams,nicole.williams@icloud.com,4687416227,Eagle Bay,NY,2024-10-31
CUST_06333,Jose Brooks,jose.brooks@icloud.com,352-891-1869,Houston,TX,2025-12-15
CUST_06334,Johnathan Gould,johnathan.gould@hotmail.com,(676)207-5519x0891,Madison,WI,2025-06-16
CUST_06335,Emily Goodwin,emily.goodwin@icloud.com,744.202.8649x952,Plum,TX,2024-02-25
CUST_06336,Bailey Morgan,bailey.morgan@hotmail.com,456.882.1873x440,Arkansaw,WI,2024-09-14
CUST_06337,Glenn Greer,glenn.greer@yahoo.com,+1-263-204-6189,Harborton,VA,2024-12-13
CUST_06338,Mark Wheeler,mark.wheeler@outlook.com,667-589-8986x421,Lewis,IA,2024-11-03
CUST_06339,Bonnie Sanchez,bonnie.sanchez@aol.com,(349)908-4334x282,Nolanville,TX,2024-03-02
CUST_06340,Amanda Sutton,amanda.sutton@aol.com,730.209.7680x0425,Sunol,CA,2023-10-15
CUST_06341,Jerry Russell,jerry.russell@icloud.com,(541)568-9457x150,Mount Ayr,IA,2026-05-24
CUST_06342,Vincent Smith,vincent.smith@yahoo.com,001-763-680-6171x8344,Rusk,TX,2023-12-01
CUST_06343,Elizabeth Mercer,elizabeth.mercer@outlook.com,(480)561-6100x168,Covington,KY,2025-08-26
CUST_06344,Tina Rasmussen,tina.rasmussen@yahoo.com,796.369.8387,Tannersville,PA,2025-05-14
CUST_06345,Joseph Morales,joseph.morales@yahoo.com,931-864-2601,Avon,SD,2025-10-19
CUST_06346,Phillip Reed,phillip.reed@icloud.com,456-236-3803,Detroit,MI,2025-08-28
CUST_06347,Michelle Norton,michelle.norton@hotmail.com,+1-839-780-9597,Ruby,NY,2024-07-05
CUST_06348,Colleen Mitchell,colleen.mitchell@icloud.com,5228118305,Laporte,CO,2025-04-05
CUST_06349,Helen Martin,helen.martin@icloud.com,947.914.4538x732,Croton Falls,NY,2025-01-22
CUST_06350,Stephanie Davis,stephanie.davis@yahoo.com,966.537.5600x1697,Chelsea,NY,2026-07-17
CUST_06351,Allison Hobbs,allison.hobbs@yahoo.com,307.977.3286x9757,Fisher,MN,2024-10-09
CUST_06352,Marie Ortega,marie.ortega@gmail.com,(464)839-4819,Buffalo,NY,2026-06-03
CUST_06353,Tracy Ho,tracy.ho@icloud.com,001-358-762-9752x1942,Cannon AFB,NM,2024-05-06
CUST_06354,Jennifer Humphrey,jennifer.humphrey@icloud.com,718-587-9514x731,Bakersfield,CA,2024-05-16
CUST_06355,Jessica Duffy,jessica.duffy@hotmail.com,(350)208-6617,Freeport,MI,2023-09-26
CUST_06356,Tina Bowers,tina.bowers@gmail.com,888-672-7208x245,Saint Paul,MN,2024-01-18
CUST_06357,Jonathan Warren,jonathan.warren@outlook.com,001-487-351-3652x20731,Sunol,CA,2024-04-06
CUST_06358,Joseph Burgess,joseph.burgess@outlook.com,540.679.0104x83766,Taopi,MN,2025-02-09
CUST_06359,Madeline Smith,madeline.smith@aol.com,001-825-861-4683x917,Urbana,IN,2026-04-07
CUST_06360,Tyler Beasley,tyler.beasley@outlook.com,937-990-3928,Meldrim,GA,2024-10-10
CUST_06361,John Smith,john.smith@icloud.com,745-935-2371,Uniontown,OH,2023-09-18
CUST_06362,Richard Perry,richard.perry@outlook.com,+1-533-739-2050x62325,Elk River,MN,2025-06-15
CUST_06363,Christopher Garcia,christopher.garcia@aol.com,990-401-5180,Germfask,MI,2024-03-09
CUST_06364,Linda Lopez,linda.lopez@hotmail.com,+1-499-609-2314,Alberta,AL,2023-09-03
CUST_06365,Jeffrey Vasquez,jeffrey.vasquez@yahoo.com,453-437-6974,Bethany,LA,2024-06-23
CUST_06366,Sharon Fitzgerald,sharon.fitzgerald@icloud.com,+1-216-245-2235x593,Enfield Center,NH,2024-09-11
CUST_06367,Ryan Moore,ryan.moore@yahoo.com,556.606.7629x7690,Cedarburg,WI,2026-01-31
CUST_06368,Tina Novak,tina.novak@hotmail.com,9306061223,Midland,TX,2026-08-09
CUST_06369,Susan Berry,susan.berry@outlook.com,955.618.4437x8008,West Hills,CA,2026-01-20
CUST_06370,Elizabeth Anderson,elizabeth.anderson@icloud.com,001-248-405-5193x7368,Shreveport,LA,2024-08-22
CUST_06371,Ruth Ferguson,ruth.ferguson@icloud.com,001-870-647-7990x67176,Glendale,CA,2025-11-05
CUST_06372,Caitlin Crosby,caitlin.crosby@outlook.com,(372)226-3724,Wellford,SC,2024-07-26
CUST_06373,Jose Brown,jose.brown@outlook.com,+1-643-611-1839,Dpo,AE,2024-10-24
CUST_06374,Elizabeth Hensley,elizabeth.hensley@gmail.com,972.735.3030x798,Ricketts,IA,2024-06-10
CUST_06375,Anna Bradshaw,anna.bradshaw@aol.com,9193308304,Madison,MO,2024-04-23
CUST_06376,Jonathan Frank,jonathan.frank@icloud.com,611-445-7376x62894,Fargo,ND,2025-07-29
CUST_06377,Bailey Stevens,bailey.stevens@icloud.com,001-396-744-7870x5744,Haywood,WV,2025-03-04
CUST_06378,John Carney,john.carney@aol.com,839.774.3062,Mcdaniel,MD,2024-11-16
CUST_06379,Michael Nelson,michael.nelson@hotmail.com,(994)684-9544,Salem,IL,2026-08-09
CUST_06380,James Davis,james.davis@hotmail.com,690.315.0824x10824,Orlean,VA,2026-01-20
CUST_06381,Scott Hopkins,scott.hopkins@icloud.com,574.869.8782x416,Saint Louis,MO,2024-03-31
CUST_06382,Natasha Hill,natasha.hill@gmail.com,701-766-3291,Johnsonville,SC,2024-06-28
CUST_06383,Mary Leon,mary.leon@gmail.com,355.204.5347,Bartlett,NH,2024-08-04
CUST_06384,Richard Evans,richard.evans@aol.com,(583)370-2378x341,Harper,KS,2026-07-10
CUST_06385,Thomas Lewis,thomas.lewis@gmail.com,(391)759-2734x69306,Blacksburg,VA,2025-03-25
CUST_06386,Rebecca Steele,rebecca.steele@icloud.com,001-398-728-2438,Provo,UT,2025-06-30
CUST_06387,Charles Hardy,charles.hardy@gmail.com,337.829.8037x5258,Rowland Heights,CA,2026-04-20
CUST_06388,Mark Martinez,mark.martinez@aol.com,734-748-6485x7440,Hopeton,OK,2024-05-21
CUST_06389,Shelby Huang,shelby.huang@aol.com,001-295-360-3323x14912,Utica,MI,2025-01-05
CUST_06390,Elizabeth Miller,elizabeth.miller@aol.com,532-236-3279x8823,Hartford,CT,2025-02-03
CUST_06391,Christopher Juarez,christopher.juarez@yahoo.com,446.883.1299x75094,Fpo,AP,2025-08-25
CUST_06392,John Stein,john.stein@hotmail.com,001-312-873-3226x701,Lucama,NC,2023-09-17
CUST_06393,Jessica Ferguson,jessica.ferguson@outlook.com,001-830-784-8232x7009,Polk,PA,2025-01-02
CUST_06394,Amy Williams,amy.williams@yahoo.com,001-276-968-5202x578,San Francisco,CA,2025-01-15
CUST_06395,Christopher Walker,christopher.walker@yahoo.com,(237)922-4976x4155,Paris,KY,2025-05-06
CUST_06396,Elizabeth Wright,elizabeth.wright@gmail.com,(758)450-1986x801,Marceline,MO,2025-11-11
CUST_06397,Kenneth Austin,kenneth.austin@outlook.com,539-762-3723,Independence,OR,2025-02-12
CUST_06398,Ashley Phelps,ashley.phelps@gmail.com,209.699.1900,Manchester,ME,2025-11-07
CUST_06399,Diana Smith,diana.smith@aol.com,001-890-203-5681x754,Lairdsville,PA,2025-12-28
CUST_06400,Christine Ware,christine.ware@gmail.com,001-704-706-1525x54749,Wilsonville,OR,2024-12-07
CUST_06401,Brenda Johnson,brenda.johnson@hotmail.com,315.907.3600,Austin,TX,2025-10-07
CUST_06402,Adriana Barajas,adriana.barajas@hotmail.com,+1-465-358-4435x1495,New Bedford,MA,2024-02-28
CUST_06403,Sandra Brown,sandra.brown@hotmail.com,429.664.6796x34398,Brownsdale,MN,2024-09-02
CUST_06404,Ariel Harris,ariel.harris@outlook.com,5813350185,New York,NY,2024-08-05
CUST_06405,Nathan Adams,nathan.adams@outlook.com,(988)836-2759,Plumsteadville,PA,2025-06-24
CUST_06406,Ebony Thompson,ebony.thompson@icloud.com,(463)720-8319,Pinehurst,NC,2024-03-14
CUST_06407,Raymond Garcia,raymond.garcia@hotmail.com,+1-675-345-4048,Edmond,OK,2026-05-26
CUST_06408,Bryan Sanders,bryan.sanders@outlook.com,323-430-6636,Manteo,NC,2025-01-07
CUST_06409,Emily Huerta,emily.huerta@hotmail.com,(226)458-7385x188,Irwin,IA,2026-01-06
CUST_06410,Sharon Perez,sharon.perez@outlook.com,546-602-8662,Truckee,CA,2024-01-24
CUST_06411,Manuel Scott,manuel.scott@gmail.com,747.532.2780,Pensacola,FL,2026-08-03
CUST_06412,Daniel Waters,daniel.waters@yahoo.com,4865505540,Lenox,MA,2025-03-05
CUST_06413,Kathleen Davis,kathleen.davis@icloud.com,(971)686-8022x56581,Accokeek,MD,2026-07-21
CUST_06414,Joshua Richardson,joshua.richardson@outlook.com,669-782-0139,Sioux City,IA,2024-08-20
CUST_06415,Christopher Reynolds,christopher.reynolds@yahoo.com,279-285-2452x079,Richmond,VA,2024-07-23
CUST_06416,Sarah Thomas,sarah.thomas@outlook.com,259-757-9302,East Longmeadow,MA,2026-03-08
CUST_06417,Jack Ryan,jack.ryan@yahoo.com,+1-400-922-3724,Cameron,OK,2023-11-17
CUST_06418,Cynthia Davis,cynthia.davis@hotmail.com,667-638-8476x079,Burbank,SD,2024-07-25
CUST_06419,Patricia Guzman,patricia.guzman@aol.com,730-752-6558,Goodnews Bay,AK,2023-09-07
CUST_06420,Stephanie Rojas,stephanie.rojas@icloud.com,546-393-1079x51321,Highland,MI,2025-12-24
CUST_06421,Diamond Church,diamond.church@icloud.com,843-321-2828,Spencer,ID,2025-03-22
CUST_06422,Jose Herrera,jose.herrera@gmail.com,9435039782,Cortland,NY,2024-03-05
CUST_06423,Kristi Turner,kristi.turner@gmail.com,+1-244-343-6169x61950,Holmdel,NJ,2024-07-17
CUST_06424,Paul Schneider,paul.schneider@aol.com,701.966.6667,Raleigh,NC,2026-04-27
CUST_06425,Barbara Brewer,barbara.brewer@hotmail.com,+1-740-914-2642,Sperry,OK,2025-04-16
CUST_06426,Christina Barnes,christina.barnes@aol.com,669-251-1961,Washington,DC,2023-10-09
CUST_06427,Sarah Matthews,sarah.matthews@outlook.com,+1-436-531-1975x286,Beatty,NV,2024-04-23
CUST_06428,Jessica Lyons,jessica.lyons@hotmail.com,337-713-1115x92056,Syracuse,NY,2026-05-05
CUST_06429,Kyle Carter,kyle.carter@aol.com,(255)619-0441x64512,Bellona,NY,2023-09-02
CUST_06430,Victoria Sanchez,victoria.sanchez@icloud.com,317-937-2972,Greensboro,FL,2024-07-23
CUST_06431,Lori Jordan,lori.jordan@hotmail.com,700.303.9141,Emigsville,PA,2026-03-31
CUST_06432,Todd Clayton,todd.clayton@icloud.com,001-916-247-7781x852,Los Angeles,CA,2026-07-29
CUST_06433,Carol Steele,carol.steele@icloud.com,(406)350-1761x2507,Sandhill,MS,2026-07-23
CUST_06434,Gregory Collins,gregory.collins@yahoo.com,001-241-937-6879,Amarillo,TX,2024-08-22
CUST_06435,Deborah Perez,deborah.perez@gmail.com,521.844.6683,Kernersville,NC,2025-06-11
CUST_06436,Jeff Rodriguez,jeff.rodriguez@hotmail.com,(664)259-7245,South Hamilton,MA,2026-03-16
CUST_06437,Rick White,rick.white@outlook.com,001-653-991-8144x24295,Kinsey,MT,2025-04-19
CUST_06438,Robert Herrera,robert.herrera@outlook.com,859-398-2260x938,Willernie,MN,2023-09-18
CUST_06439,Joel Townsend,joel.townsend@gmail.com,(526)621-7448x642,Levelland,TX,2025-12-26
CUST_06440,Antonio Carpenter,antonio.carpenter@yahoo.com,660-993-9864,Lumberton,NC,2025-07-13
CUST_06441,Brian Mendez,brian.mendez@icloud.com,001-794-808-3683x306,Vail,IA,2025-03-14
CUST_06442,Joshua Guzman,joshua.guzman@hotmail.com,8315055481,South Park,PA,2026-08-24
CUST_06443,Lance Willis,lance.willis@gmail.com,001-643-974-9369,Allen,OK,2024-09-08
CUST_06444,Susan Simon,susan.simon@yahoo.com,(912)523-2644x215,Lillington,NC,2024-10-08
CUST_06445,Heather Taylor,heather.taylor@yahoo.com,580-213-4584x5694,Atlanta,GA,2026-05-03
CUST_06446,Joe Estrada,joe.estrada@outlook.com,286.789.6824x125,Richmond,KS,2023-12-12
CUST_06447,Mary Harris,mary.harris@icloud.com,(325)585-4497x674,Anchorage,AK,2026-04-11
CUST_06448,Amber Garcia,amber.garcia@gmail.com,+1-577-980-9454x08865,Prince,WV,2026-07-19
CUST_06449,Rebecca West,rebecca.west@yahoo.com,629.239.7249,Lignite,ND,2025-03-13
CUST_06450,Teresa Perez,teresa.perez@aol.com,780-753-6614x4646,Laramie,WY,2025-04-27
CUST_06451,Shannon Peterson,shannon.peterson@hotmail.com,+1-571-795-6991x277,Unadilla,NE,2025-06-15
CUST_06452,Robert Myers,robert.myers@aol.com,+1-701-732-5691x1276,Santa Cruz,NM,2026-03-09
CUST_06453,George Kennedy,george.kennedy@icloud.com,+1-437-685-0157x20165,Sarasota,FL,2025-10-16
CUST_06454,Charles Scott,charles.scott@yahoo.com,742-519-7091x059,Elm Hall,MI,2026-08-30
CUST_06455,Scott Mosley,scott.mosley@aol.com,313.930.3745x2122,Wolcott,IN,2023-12-18
CUST_06456,Thomas Bradley,thomas.bradley@aol.com,614.543.6870,Leavenworth,IN,2025-05-20
CUST_06457,Mark Benton,mark.benton@gmail.com,(326)311-8896,Las Cruces,NM,2025-04-10
CUST_06458,Anthony Armstrong,anthony.armstrong@yahoo.com,(394)331-7381x911,Siler City,NC,2024-01-05
CUST_06459,Ronnie Torres,ronnie.torres@aol.com,244.474.8294,Swiss,WV,2023-09-04
CUST_06460,Brian Butler,brian.butler@gmail.com,001-303-374-7111,Washington,DC,2024-01-09
CUST_06461,Jennifer Cruz,jennifer.cruz@outlook.com,(970)487-2707x58758,Franklin,TN,2023-12-22
CUST_06462,Laurie Hutchinson,laurie.hutchinson@icloud.com,2403154224,Pine Ridge,KY,2025-12-10
CUST_06463,Jessica Butler,jessica.butler@gmail.com,9623088923,Lockhart,TX,2025-04-26
CUST_06464,Daniel Barnett,daniel.barnett@gmail.com,+1-605-503-0778x610,Herald,CA,2025-09-06
CUST_06465,Jamie Neal,jamie.neal@hotmail.com,001-446-332-3302x90250,Albany,OK,2023-12-30
CUST_06466,Sarah Smith,sarah.smith@aol.com,001-804-466-4668x9764,Comstock,MN,2024-08-06
CUST_06467,Rachael Wilkerson,rachael.wilkerson@gmail.com,861-223-4580x70092,West Hartford,CT,2026-05-02
CUST_06468,Brittany Tran,brittany.tran@aol.com,+1-571-459-0016,Deming,NM,2024-09-17
CUST_06469,Robert Rose,robert.rose@icloud.com,(902)942-6857x567,Hamden,OH,2023-11-24
CUST_06470,Maxwell Gilmore,maxwell.gilmore@gmail.com,001-827-247-9265x11140,New York,NY,2025-12-14
CUST_06471,Timothy Lane,timothy.lane@icloud.com,(302)866-4937x0487,Chesapeake,VA,2023-12-07
CUST_06472,Dakota Chandler,dakota.chandler@outlook.com,001-897-476-9910,Garland,TX,2025-09-01
CUST_06473,Richard Harding,richard.harding@icloud.com,001-409-835-3844x25342,Russellville,MO,2026-01-24
CUST_06474,Barbara Dunn,barbara.dunn@aol.com,(901)651-7247x5317,Ozone Park,NY,2025-05-07
CUST_06475,Jeremy Greer,jeremy.greer@icloud.com,2822017316,Livingston Manor,NY,2025-11-04
CUST_06476,Kenneth Wilson,kenneth.wilson@hotmail.com,(946)289-6125,Grundy Center,IA,2026-02-08
CUST_06477,Jessica Mitchell,jessica.mitchell@aol.com,562.223.6233,Cedarville,AR,2024-12-15
CUST_06478,Greg Kim,greg.kim@yahoo.com,696-389-7598x687,Buttzville,NJ,2026-01-05
CUST_06479,Ashley Grant,ashley.grant@hotmail.com,(331)362-1095,Rossville,PA,2025-03-10
CUST_06480,Cynthia Perez,cynthia.perez@icloud.com,349-667-7654x046,Chicago,IL,2026-03-02
CUST_06481,Ernest Hernandez,ernest.hernandez@aol.com,001-871-306-8369x68795,Kansasville,WI,2025-02-11
CUST_06482,Madeline Rhodes,madeline.rhodes@outlook.com,001-626-632-0200x927,Woodlawn,VA,2024-06-02
CUST_06483,Leslie Graham,leslie.graham@icloud.com,455.872.1822x19931,Lost Springs,KS,2025-10-22
CUST_06484,Julia Alvarez,julia.alvarez@yahoo.com,538-250-4800,Durant,MS,2024-11-16
CUST_06485,Blake White,blake.white@aol.com,+1-269-679-1137x610,Pleasant Hill,MO,2024-11-30
CUST_06486,April White,april.white@outlook.com,806.518.4036,El Paso,TX,2024-03-24
CUST_06487,Lauren Johnson,lauren.johnson@gmail.com,283-595-5487,Houston,TX,2025-09-13
CUST_06488,Maria Brewer,maria.brewer@hotmail.com,+1-498-408-6253x89751,Kansas City,MO,2023-10-03
CUST_06489,Dylan Taylor,dylan.taylor@hotmail.com,4864831146,Lakefield,MN,2024-06-09
CUST_06490,Linda Thomas,linda.thomas@hotmail.com,285.973.8915,Clearwater Beach,FL,2025-10-09
CUST_06491,Crystal Schmidt,crystal.schmidt@yahoo.com,001-582-624-4766,Saint Petersburg,FL,2026-03-15
CUST_06492,Lindsey Allen,lindsey.allen@aol.com,(458)398-3594,Primm Springs,TN,2025-12-06
CUST_06493,Kimberly Mendoza,kimberly.mendoza@outlook.com,824-431-6369,Fort Stanton,NM,2024-08-12
CUST_06494,Wesley Hall,wesley.hall@gmail.com,001-740-448-3307x57123,Princeton,IN,2025-02-02
CUST_06495,Kyle Mejia,kyle.mejia@gmail.com,+1-714-260-9663x9266,Brunswick,GA,2026-01-29
CUST_06496,Rebecca Mccoy,rebecca.mccoy@outlook.com,606.806.4240,Larkspur,CA,2026-03-10
CUST_06497,Crystal Ritter,crystal.ritter@hotmail.com,423-311-1858,Hartford,CT,2025-06-12
CUST_06498,Kelly Williams,kelly.williams@yahoo.com,871.293.2054x892,Newton,NH,2026-01-14
CUST_06499,Christopher Meyer,christopher.meyer@aol.com,(331)208-3804x607,Fort Wayne,IN,2023-10-02
CUST_06500,Lori Ryan,lori.ryan@yahoo.com,001-962-715-7955x0304,Dellrose,TN,2025-07-24
CUST_06501,Alexander Chang,alexander.chang@aol.com,+1-731-627-3939x9515,Papineau,IL,2025-08-20
CUST_06502,Jodi Hammond,jodi.hammond@icloud.com,(537)586-0166x9849,Madison,WI,2023-11-02
CUST_06503,Heather Clark,heather.clark@yahoo.com,001-712-753-6509x912,Granville,OH,2025-12-26
CUST_06504,Benjamin Carney,benjamin.carney@hotmail.com,620.735.6356,Bingham Canyon,UT,2025-11-08
CUST_06505,Jacob Lam,jacob.lam@outlook.com,001-680-265-2154x06593,Clyo,GA,2026-07-20
CUST_06506,Amanda Brown,amanda.brown@outlook.com,280-493-5035x57462,Donie,TX,2025-07-04
CUST_06507,Alex Flores,alex.flores@yahoo.com,269.985.9528,Era,TX,2024-01-29
CUST_06508,Sara Jackson,sara.jackson@icloud.com,830.277.4299,Burkesville,KY,2025-08-17
CUST_06509,Devin Brown,devin.brown@icloud.com,(696)750-0461,Dpo,AA,2023-09-17
CUST_06510,Jamie Lane,jamie.lane@icloud.com,(437)540-2984,Orange,NJ,2025-07-16
CUST_06511,Jose Boyer,jose.boyer@outlook.com,001-440-438-4796x39804,Northampton,PA,2026-02-06
CUST_06512,Joseph Graham,joseph.graham@icloud.com,+1-480-737-7985x1960,Honolulu,HI,2025-05-30
CUST_06513,Zachary Barton,zachary.barton@outlook.com,942.874.0966,Potterville,MI,2025-04-26
CUST_06514,Amy Weaver,amy.weaver@gmail.com,(678)355-6918x75517,Horsham,PA,2025-12-12
CUST_06515,Hannah Obrien,hannah.obrien@yahoo.com,+1-316-960-8142x443,Wilson,WI,2024-02-15
CUST_06516,Brenda Roberson,brenda.roberson@hotmail.com,+1-289-214-8512,Harrisburg,SD,2024-03-01
CUST_06517,Michael Williams,michael.williams@yahoo.com,+1-306-206-0232x04272,Webb,AL,2025-05-04
CUST_06518,Joshua Haynes,joshua.haynes@hotmail.com,001-610-357-8148x5501,Rochert,MN,2025-07-17
CUST_06519,Robert Johnson,robert.johnson@yahoo.com,(417)328-2439x83908,Arthur,NE,2023-12-02
CUST_06520,Douglas King,douglas.king@icloud.com,+1-912-652-2203x9915,Syracuse,NY,2023-10-19
CUST_06521,William Solomon,william.solomon@hotmail.com,+1-569-257-0343,Hoschton,GA,2024-01-22
CUST_06522,Nathan Esparza,nathan.esparza@aol.com,001-993-211-3741x7605,Boone,NC,2026-06-09
CUST_06523,Amanda Arnold,amanda.arnold@gmail.com,(569)323-0150,Sabana Hoyos,PR,2025-09-02
CUST_06524,Emily Woodard,emily.woodard@yahoo.com,+1-704-889-2217x61816,Arthur,NE,2026-07-03
CUST_06525,Dylan Gonzalez,dylan.gonzalez@outlook.com,387-650-3713x410,Woodlawn,TN,2026-07-26
CUST_06526,Phillip Bird,phillip.bird@outlook.com,+1-325-575-2294x593,Philadelphia,PA,2026-06-18
CUST_06527,Charles Guerra,charles.guerra@hotmail.com,554.271.3755x5554,Jacksonville,FL,2026-02-09
CUST_06528,Cynthia Romero,cynthia.romero@icloud.com,001-240-672-4821,Montgomery,AL,2025-08-06
CUST_06529,Ashley Potts,ashley.potts@outlook.com,381.377.6260x7733,San Francisco,CA,2024-10-13
CUST_06530,David Montgomery,david.montgomery@gmail.com,+1-804-219-2827x7046,Sims,AR,2025-11-15
CUST_06531,Christina White,christina.white@yahoo.com,580.848.0311,Pointe A La Hache,LA,2025-09-01
CUST_06532,Mary Howard,mary.howard@outlook.com,001-946-747-0755x5217,Russellville,IN,2025-04-23
CUST_06533,Michael Gray,michael.gray@outlook.com,(471)766-1892x149,Williamston,MI,2026-02-18
CUST_06534,Eric Jones,eric.jones@aol.com,(675)729-3870x70089,Stockton,CA,2025-01-01
CUST_06535,Robert Cruz,robert.cruz@yahoo.com,454.762.9011x169,Kieler,WI,2025-04-20
CUST_06536,Erin Vasquez,erin.vasquez@gmail.com,(721)723-4725,East Pittsburgh,PA,2026-02-10
CUST_06537,Victoria Green,victoria.green@icloud.com,468-391-2819,Catasauqua,PA,2026-04-14
CUST_06538,Mary Kerr,mary.kerr@outlook.com,001-747-787-0087,Westhope,ND,2025-03-24
CUST_06539,Michael Moore,michael.moore@gmail.com,+1-740-888-7858x4339,Cross Anchor,SC,2024-02-10
CUST_06540,Brittany Jefferson,brittany.jefferson@aol.com,386-915-0534,Rutherfordton,NC,2026-02-15
CUST_06541,James White,james.white@icloud.com,272.705.5873x21664,Salt Lake City,UT,2026-04-13
CUST_06542,Carrie Ochoa,carrie.ochoa@gmail.com,001-298-234-3988x6228,Parcel Return Service,DC,2024-09-17
CUST_06543,Larry Webster,larry.webster@aol.com,791-341-0388x35276,Las Vegas,NV,2025-02-19
CUST_06544,Gabriela Edwards,gabriela.edwards@icloud.com,+1-586-504-2001x940,Millville,DE,2025-07-19
CUST_06545,Misty Hill,misty.hill@gmail.com,(648)980-3775x63912,Rapelje,MT,2026-02-03
CUST_06546,William Cook,william.cook@outlook.com,555.751.5426,Atlanta,GA,2023-11-10
CUST_06547,Ronald Simmons,ronald.simmons@aol.com,001-696-614-4220,Midvale,OH,2023-10-17
CUST_06548,Victoria Lucas,victoria.lucas@hotmail.com,335-844-4705x1997,Jansen,NE,2024-12-18
CUST_06549,Mark Obrien,mark.obrien@aol.com,(857)280-6905x09390,Garland,UT,2025-01-17
CUST_06550,Jennifer Nguyen,jennifer.nguyen@hotmail.com,299.205.6801x854,Los Angeles,CA,2025-11-05
CUST_06551,Marilyn Heath,marilyn.heath@hotmail.com,210-441-3605,Laton,CA,2024-08-28
CUST_06552,Edward Johnson,edward.johnson@outlook.com,001-659-755-6178,Alma,NY,2025-01-05
CUST_06553,Jessica Odonnell,jessica.odonnell@gmail.com,(855)769-2434x38485,Hammond,MT,2024-03-26
CUST_06554,Michelle Lawrence,michelle.lawrence@icloud.com,933.530.0658x4235,Oklahoma City,OK,2023-10-03
CUST_06555,Vicki Wells,vicki.wells@outlook.com,863.403.7661,Rockford,MN,2026-04-27
CUST_06556,Robert Oconnor,robert.oconnor@yahoo.com,+1-232-851-2547x94865,Dupo,IL,2024-05-08
CUST_06557,Megan Smith,megan.smith@gmail.com,(946)269-5571x9589,Amenia,NY,2026-03-06
CUST_06558,Gregory Deleon,gregory.deleon@outlook.com,(367)953-6046x2490,Novelty,MO,2024-03-20
CUST_06559,Bryce Lewis,bryce.lewis@yahoo.com,612.533.6689,Maurice,LA,2024-02-12
CUST_06560,Sergio Henry,sergio.henry@hotmail.com,450.361.0579x383,Winter Springs,FL,2025-02-23
CUST_06561,Anna Fuller,anna.fuller@outlook.com,887-389-4726x876,Bondsville,MA,2026-07-15
CUST_06562,Lori Simon,lori.simon@outlook.com,+1-378-305-8516x4731,Hensonville,NY,2026-03-21
CUST_06563,Thomas Benitez,thomas.benitez@yahoo.com,3616563893,Morton,NY,2025-12-03
CUST_06564,Ryan Miller,ryan.miller@icloud.com,499.872.9008,Williamsburg,VA,2026-01-23
CUST_06565,Thomas Conley,thomas.conley@outlook.com,(643)680-1259,Summerfield,OH,2025-06-14
CUST_06566,Christina Smith,christina.smith@aol.com,887-386-9541x915,Medora,IL,2023-10-22
CUST_06567,Jamie Young,jamie.young@icloud.com,001-832-922-2390,Loose Creek,MO,2026-01-06
CUST_06568,Joshua Cooper,joshua.cooper@hotmail.com,4906908725,Lewiston,ME,2023-10-11
CUST_06569,Andrew Boyd,andrew.boyd@gmail.com,001-277-275-7103,Panola,AL,2025-07-11
CUST_06570,April Chung,april.chung@hotmail.com,529.524.7344,Murphy,OR,2025-10-18
CUST_06571,Renee Douglas,renee.douglas@yahoo.com,8056811653,Byron,WY,2024-07-25
CUST_06572,Rebecca Reyes,rebecca.reyes@yahoo.com,431.634.2431,Corozal,PR,2024-08-30
CUST_06573,Jennifer Medina,jennifer.medina@yahoo.com,264-432-6152x1905,Springdale,AR,2023-11-19
CUST_06574,Richard Coleman,richard.coleman@outlook.com,402.706.5848x77950,Garden City,MI,2024-09-18
CUST_06575,Karen Morrow,karen.morrow@gmail.com,8249784501,Austin,TX,2024-03-06
CUST_06576,Mary Hansen,mary.hansen@outlook.com,001-338-212-2222,Hamilton,MT,2024-10-22
CUST_06577,Kathryn Collins,kathryn.collins@yahoo.com,627-220-3665x38838,Saint Louis,MO,2026-03-22
CUST_06578,Marc Vega,marc.vega@aol.com,927-305-7064x60082,Pekin,ND,2025-09-10
CUST_06579,Jane Anderson,jane.anderson@yahoo.com,(356)239-1907,Bryson City,NC,2024-08-06
CUST_06580,Meredith Green,meredith.green@yahoo.com,907.676.3124x6692,Apo,AP,2024-05-15
CUST_06581,Michael Rodriguez,michael.rodriguez@aol.com,323-962-2561x40195,Leary,GA,2023-11-09
CUST_06582,Eric Jackson,eric.jackson@aol.com,+1-819-641-9143x2725,Shullsburg,WI,2025-06-22
CUST_06583,Traci Tate,traci.tate@outlook.com,870.583.9044x5512,Schuyler,VA,2023-11-24
CUST_06584,Alexander Chavez,alexander.chavez@aol.com,3598297304,Blum,TX,2025-08-05
CUST_06585,Tara Jones,tara.jones@outlook.com,289.237.7605x5130,Huntsville,AL,2024-10-06
CUST_06586,Kristopher Christensen,kristopher.christensen@yahoo.com,(737)712-1624,Coudersport,PA,2024-05-14
CUST_06587,Pamela Gilbert,pamela.gilbert@aol.com,+1-234-282-3641x17305,Cleveland,MS,2026-05-23
CUST_06588,Mark Shelton,mark.shelton@outlook.com,572.685.9298,Charles City,IA,2026-05-13
CUST_06589,Sarah Hall,sarah.hall@icloud.com,687-384-7708,Bruno,NE,2024-10-14
CUST_06590,Kyle Lee,kyle.lee@icloud.com,+1-270-270-8114x6857,Atlanta,KS,2025-05-18
CUST_06591,Ashley Davis,ashley.davis@aol.com,(807)264-4781x5628,Edenville,MI,2026-08-29
CUST_06592,Clinton Hall,clinton.hall@icloud.com,669-725-5018,Dpo,AE,2026-04-27
CUST_06593,Jennifer Moore,jennifer.moore@aol.com,378.654.8444x548,Watson,IL,2023-11-18
CUST_06594,Stefanie Drake,stefanie.drake@icloud.com,+1-688-972-8461x3836,Tampa,FL,2025-02-13
CUST_06595,Nancy Carey,nancy.carey@yahoo.com,(865)826-2990,Manati,PR,2024-04-26
CUST_06596,Jon Moore,jon.moore@yahoo.com,920.334.6801x21131,Thomasville,GA,2026-05-13
CUST_06597,Kevin Horton,kevin.horton@aol.com,001-608-722-8518x909,Shelby,OH,2023-11-19
CUST_06598,Bradley Phillips,bradley.phillips@gmail.com,600-827-5529,Pittsburgh,PA,2025-01-18
CUST_06599,Richard Hanson,richard.hanson@icloud.com,441-952-1694x01698,Toms Brook,VA,2023-12-24
CUST_06600,Cassandra Lane,cassandra.lane@gmail.com,676.220.1921,Stafford,OH,2025-04-13
CUST_06601,Diane Wells,diane.wells@icloud.com,466.686.9059x3095,Fredericksburg,VA,2026-06-13
CUST_06602,Kenneth Cisneros,kenneth.cisneros@outlook.com,415-463-8288x53897,Earlville,IA,2024-07-11
CUST_06603,Louis Flores,louis.flores@gmail.com,+1-462-337-7570,Shreveport,LA,2026-03-21
CUST_06604,Nicholas Conway,nicholas.conway@gmail.com,271-807-5175x48619,Newport,KY,2024-02-28
CUST_06605,Margaret Walter,margaret.walter@yahoo.com,658-387-8073,Houston,TX,2025-10-28
CUST_06606,Jonathan Thompson,jonathan.thompson@yahoo.com,001-469-573-7830x900,Samnorwood,TX,2024-12-07
CUST_06607,Richard Miller,richard.miller@outlook.com,001-496-354-4166,Fish Creek,WI,2024-12-19
CUST_06608,Kim Lopez,kim.lopez@gmail.com,001-844-394-9430x4613,Hay Springs,NE,2025-01-05
CUST_06609,Jonathan Hunt,jonathan.hunt@outlook.com,(471)965-5092x177,Smithfield,IL,2024-05-26
CUST_06610,Amy Woods,amy.woods@hotmail.com,809.801.6919x566,Carolina,PR,2026-02-17
CUST_06611,George Gordon,george.gordon@hotmail.com,478-569-2832,Kansas City,MO,2026-02-06
CUST_06612,James Dixon,james.dixon@gmail.com,4285040826,Seattle,WA,2026-03-14
CUST_06613,George Liu,george.liu@icloud.com,(499)663-0734,Devens,MA,2024-04-27
CUST_06614,Thomas Landry,thomas.landry@icloud.com,(904)538-2867x730,Rushville,IN,2023-11-07
CUST_06615,Brittany Lewis,brittany.lewis@outlook.com,(803)355-8365x52485,Strang,OK,2025-08-30
CUST_06616,Elizabeth Gonzalez,elizabeth.gonzalez@gmail.com,678-967-3843x70390,Seneca,KS,2026-05-21
CUST_06617,Alexander Figueroa,alexander.figueroa@icloud.com,628-561-4473,Sutton,WV,2025-07-15
CUST_06618,Jessica Murphy,jessica.murphy@icloud.com,001-851-347-8761x03289,Andover,SD,2026-03-08
CUST_06619,Daniel Cruz,daniel.cruz@aol.com,951-824-6478x0139,Stevens Village,AK,2026-07-18
CUST_06620,Jeffrey Davis,jeffrey.davis@gmail.com,993-888-2730,Albert City,IA,2023-10-13
CUST_06621,Christopher Good,christopher.good@outlook.com,001-702-284-2810,Rancho Santa Margarita,CA,2024-07-02
CUST_06622,Heather Galloway,heather.galloway@aol.com,774.351.9611,Washington,DC,2025-11-21
CUST_06623,Kenneth Adkins,kenneth.adkins@yahoo.com,296-587-7918x4495,Fresno,CA,2023-12-11
CUST_06624,Frank Brown,frank.brown@icloud.com,(632)979-8993x3926,New Orleans,LA,2025-02-04
CUST_06625,Mary Flores,mary.flores@outlook.com,902-567-6155x31944,Kansas City,KS,2024-03-14
CUST_06626,Megan Kim,megan.kim@gmail.com,+1-627-469-1876,Mobile,AL,2024-12-28
CUST_06627,Joshua Gomez,joshua.gomez@outlook.com,269.296.6402,Apo,AE,2025-01-07
CUST_06628,Taylor Ramirez,taylor.ramirez@outlook.com,+1-843-718-5254x8684,Nortonville,KY,2025-09-08
CUST_06629,Willie Watson,willie.watson@gmail.com,(282)627-3359x0574,Trenton,NJ,2025-12-01
CUST_06630,Andrea Thomas,andrea.thomas@icloud.com,7066202379,Gwinn,MI,2026-08-15
CUST_06631,Darrell Gross,darrell.gross@hotmail.com,001-359-219-7171x876,Interlachen,FL,2024-06-14
CUST_06632,Mitchell Bowers,mitchell.bowers@gmail.com,578-865-5315x7350,Allentown,PA,2025-12-31
CUST_06633,Jennifer Chambers,jennifer.chambers@aol.com,001-475-709-5701x86071,Norwalk,CT,2026-08-28
CUST_06634,Eric Dyer,eric.dyer@icloud.com,407.285.2996x82726,Lenox,IA,2024-05-08
CUST_06635,Harry Clark,harry.clark@outlook.com,672.635.6453x49921,Steele,MO,2024-04-13
CUST_06636,Kim Reed,kim.reed@hotmail.com,773-791-9461x489,Albuquerque,NM,2025-04-22
CUST_06637,Brittany Gomez,brittany.gomez@hotmail.com,278-898-6050,Winthrop,MN,2025-05-11
CUST_06638,Cody Gutierrez,cody.gutierrez@icloud.com,001-453-816-8291x489,Jay,ME,2025-09-12
CUST_06639,Ryan Sullivan,ryan.sullivan@gmail.com,(535)554-9343,San Jose,CA,2024-03-29
CUST_06640,Christina Johnson,christina.johnson@hotmail.com,001-536-980-3986x5353,Shawnee,KS,2026-07-03
CUST_06641,Nicholas Thompson,nicholas.thompson@yahoo.com,001-384-940-5223,Lake Powell,UT,2023-11-04
CUST_06642,Eric Jimenez,eric.jimenez@yahoo.com,(391)424-9802x1152,Whiterocks,UT,2026-03-14
CUST_06643,Tara Clark,tara.clark@gmail.com,248-375-8971x097,Huntsville,AL,2023-12-24
CUST_06644,Stephanie Dean,stephanie.dean@outlook.com,(222)539-8776x463,New Boston,TX,2026-04-24
CUST_06645,Scott Turner,scott.turner@icloud.com,974.712.8562x427,Fort Valley,GA,2024-06-07
CUST_06646,Michael Wright,michael.wright@hotmail.com,+1-965-362-4102,Mercer,PA,2023-11-04
CUST_06647,Brandy Jones,brandy.jones@hotmail.com,+1-865-849-4264x1835,Apo,AE,2025-07-04
CUST_06648,Angelica Murray,angelica.murray@yahoo.com,824-513-4114,Loves Park,IL,2025-09-08
CUST_06649,Brian Hughes,brian.hughes@yahoo.com,001-458-872-0213,Memphis,TN,2024-10-01
CUST_06650,Alexis Fowler,alexis.fowler@gmail.com,001-518-675-4909x3592,New Haven,IL,2026-07-29
CUST_06651,Karina Leon,karina.leon@hotmail.com,(415)320-7849x658,Erick,OK,2025-12-09
CUST_06652,Brittany Young,brittany.young@yahoo.com,(527)391-7450,Conesville,IA,2026-07-01
CUST_06653,Emily Trujillo,emily.trujillo@outlook.com,+1-765-346-3893x977,Lees Summit,MO,2026-04-03
CUST_06654,Phillip Bennett,phillip.bennett@icloud.com,+1-382-632-6166x856,Battle Creek,MI,2024-07-18
CUST_06655,Shelby Phelps,shelby.phelps@yahoo.com,+1-251-746-5739x68268,Mill Creek,WV,2026-01-17
CUST_06656,Courtney Marshall,courtney.marshall@yahoo.com,+1-234-922-8575,Washington,DC,2026-06-27
CUST_06657,Jose Dillon,jose.dillon@icloud.com,302.942.5454,Brackney,PA,2024-12-27
CUST_06658,Charles Suarez,charles.suarez@icloud.com,796-375-5015x758,Hurdsfield,ND,2024-03-16
CUST_06659,Barbara Simon,barbara.simon@yahoo.com,719-643-5956,Beachwood,NJ,2026-07-27
CUST_06660,Ronnie Smith,ronnie.smith@icloud.com,001-665-332-4798x306,Elbe,WA,2023-12-07
CUST_06661,Jennifer Wagner,jennifer.wagner@aol.com,+1-549-226-9175x356,Clarklake,MI,2026-02-15
CUST_06662,Raymond Roberts,raymond.roberts@outlook.com,+1-313-950-7659,Mc Knightstown,PA,2023-12-08
CUST_06663,Brian Brown,brian.brown@hotmail.com,(868)981-6556,Makinen,MN,2026-03-11
CUST_06664,Chelsea Johnson,chelsea.johnson@hotmail.com,(835)314-0766x0293,Eighty Eight,KY,2026-03-26
CUST_06665,Nathan Hill,nathan.hill@aol.com,493.843.8470,Lowake,TX,2025-09-20
CUST_06666,Timothy Horton,timothy.horton@yahoo.com,(451)684-0313,Gilliam,MO,2025-07-21
CUST_06667,Ruben Humphrey,ruben.humphrey@gmail.com,9914564713,Cuervo,NM,2026-07-20
CUST_06668,Carolyn Gates,carolyn.gates@outlook.com,811.509.1287x769,Beaverton,OR,2024-04-10
CUST_06669,Sarah Clark,sarah.clark@hotmail.com,(507)268-3845,Lake Montezuma,AZ,2024-04-12
CUST_06670,Melissa Anderson,melissa.anderson@yahoo.com,709-319-6482x108,Everetts,NC,2025-07-14
CUST_06671,Hannah Reilly,hannah.reilly@outlook.com,(262)858-2521x73285,Howard,GA,2025-06-17
CUST_06672,Jennifer Moore,jennifer.moore@gmail.com,+1-297-355-0259x3238,Coal Hill,AR,2025-03-31
CUST_06673,Shawn Allen,shawn.allen@hotmail.com,(560)785-0593x10934,Peel,AR,2025-11-09
CUST_06674,James Wilson,james.wilson@hotmail.com,3088114028,Newton Junction,NH,2025-08-05
CUST_06675,James Green,james.green@aol.com,+1-588-610-6601,Newark,MD,2026-07-02
CUST_06676,Regina Hernandez,regina.hernandez@outlook.com,3646687517,Hext,TX,2025-10-02
CUST_06677,Christopher Wilkins,christopher.wilkins@outlook.com,964-362-7697,Dpo,AA,2024-07-02
CUST_06678,John Russell,john.russell@outlook.com,(412)639-7001x758,Vidor,TX,2026-07-13
CUST_06679,Christopher Koch,christopher.koch@yahoo.com,(705)307-7532x704,Jarvisburg,NC,2025-02-18
CUST_06680,Tonya Weaver,tonya.weaver@yahoo.com,001-739-645-4774,Williamsburg,MA,2026-03-30
CUST_06681,Tony Weaver,tony.weaver@aol.com,001-211-950-8509x75597,Aiken,SC,2024-06-29
CUST_06682,Kathryn Griffin,kathryn.griffin@aol.com,998.631.3646,Whitelaw,WI,2025-01-25
CUST_06683,Mario Rich,mario.rich@hotmail.com,6923383652,Ranchita,CA,2025-07-17
CUST_06684,Susan Lin,susan.lin@icloud.com,(751)978-5600,Haines,AK,2024-01-17
CUST_06685,Danielle Leonard,danielle.leonard@outlook.com,(760)743-3973,Fort Recovery,OH,2024-07-23
CUST_06686,Matthew Marquez,matthew.marquez@yahoo.com,440-515-9396x466,Janesville,WI,2024-07-19
CUST_06687,David Evans,david.evans@gmail.com,+1-580-225-4556x3393,Dewar,IA,2024-10-22
CUST_06688,Adrian Gordon,adrian.gordon@aol.com,(796)617-7523,Kingston,PA,2024-05-12
CUST_06689,Brandi Mullins,brandi.mullins@outlook.com,001-863-994-7526x903,Tumtum,WA,2024-07-20
CUST_06690,Chris Pittman,chris.pittman@hotmail.com,6589253665,Signal Hill,CA,2024-03-07
CUST_06691,Patrick Kelly,patrick.kelly@outlook.com,591-289-2006x91049,Atascosa,TX,2025-11-13
CUST_06692,Jeremiah Barnes,jeremiah.barnes@icloud.com,001-836-681-4646,Minneapolis,MN,2023-09-16
CUST_06693,Ronald Johnson,ronald.johnson@outlook.com,580-952-6457x20014,New Carlisle,IN,2026-02-27
CUST_06694,Brandy Gutierrez,brandy.gutierrez@outlook.com,+1-835-442-7288x64131,Apo,AP,2024-10-12
CUST_06695,Kenneth Wood,kenneth.wood@hotmail.com,730.592.7629x0493,Roosevelt,TX,2024-02-22
CUST_06696,Tammy Mitchell,tammy.mitchell@icloud.com,(488)240-5599x309,New Waverly,IN,2026-08-09
CUST_06697,Sheri Anderson,sheri.anderson@aol.com,+1-823-901-0973,Eaton Park,FL,2025-11-23
CUST_06698,Jonathan Hall,jonathan.hall@outlook.com,868-442-8783x042,Buffalo,NY,2026-07-13
CUST_06699,Levi Jackson,levi.jackson@aol.com,549-503-5547x474,Aurora,CO,2026-08-21
CUST_06700,Keith Atkins,keith.atkins@gmail.com,+1-295-422-3913x733,Mountain Grove,MO,2024-01-07
CUST_06701,Cynthia Young,cynthia.young@outlook.com,(594)881-6288,North Augusta,SC,2024-09-20
CUST_06702,Julie Rogers,julie.rogers@yahoo.com,310-738-5750,San Juan,PR,2024-11-02
CUST_06703,Joseph Caldwell,joseph.caldwell@outlook.com,296-694-7502x770,Norco,LA,2025-11-13
CUST_06704,Savannah Murphy,savannah.murphy@icloud.com,9025954768,Deansboro,NY,2024-11-13
CUST_06705,Kenneth Benson,kenneth.benson@yahoo.com,658.950.1143x6802,Concrete,WA,2024-09-16
CUST_06706,Pamela Davis,pamela.davis@icloud.com,+1-957-279-3731x82941,Cove,AR,2026-03-12
CUST_06707,Tara Webb,tara.webb@icloud.com,(645)890-5859x6146,Ash Flat,AR,2024-04-06
CUST_06708,Austin Mendez,austin.mendez@gmail.com,231.278.8758x510,Salt Lake City,UT,2025-12-03
CUST_06709,James Hughes,james.hughes@outlook.com,+1-757-299-9058x9293,Blue River,WI,2025-05-23
CUST_06710,Frank Rodriguez,frank.rodriguez@outlook.com,889.345.0906x869,Exeter,RI,2023-10-12
CUST_06711,Courtney Townsend,courtney.townsend@outlook.com,693-576-6463x43712,Clearwater,SC,2023-09-20
CUST_06712,Joel Kim,joel.kim@aol.com,329-214-8047x03853,Ellendale,ND,2023-11-20
CUST_06713,Brian Wheeler,brian.wheeler@icloud.com,+1-507-702-9327x4067,May,OK,2025-03-08
CUST_06714,Joseph Matthews,joseph.matthews@icloud.com,(302)801-4039,Rolfe,IA,2024-01-20
CUST_06715,Jim Gordon,jim.gordon@hotmail.com,001-601-866-7112x9378,Pikesville,MD,2025-03-14
CUST_06716,John Tate,john.tate@yahoo.com,001-966-886-8101x34924,Evansville,AR,2026-01-07
CUST_06717,Ricky Young,ricky.young@yahoo.com,(557)837-1510x332,Adams,OK,2025-10-24
CUST_06718,Keith Thompson,keith.thompson@icloud.com,646.613.8272x6616,Jewett,TX,2024-09-01
CUST_06719,James Garcia,james.garcia@icloud.com,(354)534-9055x255,Sanbornville,NH,2024-11-03
CUST_06720,Erika Garcia,erika.garcia@hotmail.com,707-598-5466x1927,Silver Spring,MD,2023-12-13
CUST_06721,Jon Johnson,jon.johnson@aol.com,001-421-700-1107x9248,De Leon,TX,2024-05-04
CUST_06722,John Rodgers,john.rodgers@icloud.com,001-274-971-7851x8205,Friendship,ME,2024-05-15
CUST_06723,Antonio Hopkins,antonio.hopkins@icloud.com,(343)550-9417,Kansas City,KS,2025-01-06
CUST_06724,Heidi Vega,heidi.vega@outlook.com,4725214551,Fairhope,AL,2025-02-08
CUST_06725,Andre Williams,andre.williams@outlook.com,+1-994-886-7252x8563,Stockton Springs,ME,2025-06-03
CUST_06726,Paula Evans,paula.evans@icloud.com,231-303-7495x35361,Panama City Beach,FL,2024-10-24
CUST_06727,Brenda Jimenez,brenda.jimenez@yahoo.com,946.832.2824,Cortland,NE,2024-06-21
CUST_06728,Terri Fletcher,terri.fletcher@hotmail.com,001-470-225-9434x110,Pacific Palisades,CA,2023-12-21
CUST_06729,Stephanie Carlson,stephanie.carlson@aol.com,224-367-2245,Charlotte,NC,2025-09-25
CUST_06730,Seth Miller,seth.miller@aol.com,+1-819-597-8439,Washington,DC,2026-05-21
CUST_06731,Joanna Thompson,joanna.thompson@outlook.com,846.855.9095x6694,Sparta,IL,2023-10-29
CUST_06732,Carlos Young,carlos.young@outlook.com,001-489-564-3152,Emerald Isle,NC,2025-08-04
CUST_06733,Joseph Garrett,joseph.garrett@yahoo.com,8125299816,Deford,MI,2024-02-13
CUST_06734,Christopher Fuller,christopher.fuller@aol.com,(931)286-8808x00620,Montezuma,GA,2023-10-21
CUST_06735,Nicholas Booth,nicholas.booth@icloud.com,(672)827-2607x2899,Troy,AL,2024-05-05
CUST_06736,Deborah Perry,deborah.perry@aol.com,+1-283-887-8173x26988,Franklin,TN,2023-10-17
CUST_06737,Amanda Lopez,amanda.lopez@gmail.com,530.748.6617x04201,Randolph,WI,2026-02-27
CUST_06738,Matthew Henry,matthew.henry@gmail.com,001-246-606-1298x72879,Raceland,LA,2025-06-06
CUST_06739,Debra Glover,debra.glover@yahoo.com,+1-738-720-4690x35950,Kalamazoo,MI,2025-08-02
CUST_06740,Randy Gray,randy.gray@outlook.com,+1-557-419-2434,Bridgman,MI,2026-04-11
CUST_06741,Suzanne Taylor,suzanne.taylor@gmail.com,463-487-6114,Sterling,OK,2025-03-05
CUST_06742,Dylan Wilkerson,dylan.wilkerson@icloud.com,+1-369-441-6698,Rocklake,ND,2025-10-29
CUST_06743,Margaret Hopkins,margaret.hopkins@yahoo.com,001-828-740-5047x8139,Bishop,CA,2023-10-31
CUST_06744,Ryan Gonzales,ryan.gonzales@icloud.com,736.952.5581,Narrowsburg,NY,2025-03-09
CUST_06745,Chad Velasquez,chad.velasquez@aol.com,+1-485-460-6453,Phoenix,AZ,2025-10-21
CUST_06746,Daniel Andrews,daniel.andrews@hotmail.com,001-604-759-2116x8622,Boerne,TX,2024-10-01
CUST_06747,Tiffany Carpenter,tiffany.carpenter@aol.com,001-227-950-9742x9155,Prairie City,OR,2024-01-26
CUST_06748,Ian Simpson,ian.simpson@gmail.com,589-380-7693,Pollard,AR,2023-10-29
CUST_06749,Scott Gordon,scott.gordon@gmail.com,001-335-637-9563,Canton,GA,2025-08-18
CUST_06750,Nicholas Cook,nicholas.cook@hotmail.com,+1-989-960-6197x699,Demopolis,AL,2025-02-15
CUST_06751,Krista Montgomery,krista.montgomery@hotmail.com,974-353-6708,Stillwater,OK,2025-12-09
CUST_06752,Hannah Buchanan,hannah.buchanan@outlook.com,511-202-1131,Freeport,ME,2026-04-20
CUST_06753,Timothy Hawkins,timothy.hawkins@outlook.com,+1-885-914-9744,Dawson,IA,2025-02-21
CUST_06754,Michelle Hamilton,michelle.hamilton@yahoo.com,+1-851-319-8674x8062,Missoula,MT,2026-08-19
CUST_06755,Rhonda Cox,rhonda.cox@outlook.com,466-721-9181,Provo,UT,2023-12-15
CUST_06756,Kurt Martinez,kurt.martinez@outlook.com,(849)615-6081x991,Washington,DC,2026-04-23
CUST_06757,Edward Brooks,edward.brooks@gmail.com,001-719-729-4913x261,Mc Intosh,AL,2024-04-18
CUST_06758,Andrew Bradshaw,andrew.bradshaw@outlook.com,311-485-2504x457,Oxon Hill,MD,2025-05-06
CUST_06759,Michael Jones,michael.jones@aol.com,941.369.4189x7465,Mankato,MN,2024-11-06
CUST_06760,Jeffrey Mooney,jeffrey.mooney@icloud.com,488.321.6902,Shadyside,OH,2024-05-01
CUST_06761,Melissa Vazquez,melissa.vazquez@hotmail.com,(711)736-4740,Apo,AE,2025-05-10
CUST_06762,Gina Caldwell,gina.caldwell@icloud.com,001-482-442-5350x18476,Maumelle,AR,2025-10-05
CUST_06763,Rachel Mcmillan,rachel.mcmillan@outlook.com,001-659-456-0522,Bowie,MD,2026-08-02
CUST_06764,Alex Dougherty,alex.dougherty@hotmail.com,(949)581-8697x4995,Lamar,AR,2026-05-24
CUST_06765,Kevin Carter,kevin.carter@gmail.com,593-534-3890,Cross Anchor,SC,2025-06-24
CUST_06766,Donald Hampton,donald.hampton@gmail.com,611-251-9755x4963,Brownsboro,TX,2025-12-15
CUST_06767,Lori Patterson,lori.patterson@hotmail.com,001-247-868-4131x056,Oxford,NJ,2024-08-28
CUST_06768,Madison Jenkins,madison.jenkins@outlook.com,001-814-700-9337,Newport News,VA,2024-11-07
CUST_06769,Craig Hall,craig.hall@outlook.com,(644)710-6311x6967,Lockport,NY,2025-05-14
CUST_06770,Miranda Smith,miranda.smith@yahoo.com,289-809-4614x332,Sugar Grove,IL,2024-11-12
CUST_06771,David Webb,david.webb@yahoo.com,995.883.3482x974,Girard,GA,2023-09-08
CUST_06772,Ruth Young,ruth.young@yahoo.com,894.964.5294x086,East Peoria,IL,2025-01-26
CUST_06773,Robert Williams,robert.williams@outlook.com,8935624686,Dallas,TX,2024-03-31
CUST_06774,Richard Carter,richard.carter@gmail.com,556-394-5960x400,Golden,IL,2025-04-07
CUST_06775,John Gentry,john.gentry@hotmail.com,520.269.3473x431,Fletcher,NC,2025-10-10
CUST_06776,David Saunders,david.saunders@gmail.com,427.694.8522x4055,Errol,NH,2026-03-25
CUST_06777,Suzanne Gibson,suzanne.gibson@aol.com,268-602-1132x6095,Flatgap,KY,2023-11-05
CUST_06778,Stephen Roberts,stephen.roberts@aol.com,+1-730-655-1721,Screven,GA,2026-04-21
CUST_06779,Cindy Perez,cindy.perez@icloud.com,+1-755-358-2441x247,Bradford,AR,2026-02-18
CUST_06780,Kimberly Randall,kimberly.randall@aol.com,001-502-821-4916x30111,Vinton,VA,2024-06-17
CUST_06781,Carrie Smith,carrie.smith@hotmail.com,933.977.5337x76464,Fpo,AE,2024-04-04
CUST_06782,James Phillips,james.phillips@outlook.com,917-347-5513,Red River,NM,2026-08-13
CUST_06783,Peter Salazar,peter.salazar@aol.com,809-398-3988,Beecher City,IL,2024-04-12
CUST_06784,Kristin Hill,kristin.hill@outlook.com,278-892-4694x8602,Saint Paul,MN,2025-06-01
CUST_06785,Elizabeth Green,elizabeth.green@outlook.com,+1-868-573-7016,Jasper,IN,2025-01-16
CUST_06786,Brett Gill,brett.gill@icloud.com,3573680673,Laurinburg,NC,2023-11-25
CUST_06787,April Carter,april.carter@hotmail.com,(336)978-6784x9349,Ardenvoir,WA,2025-04-11
CUST_06788,Virginia Wells,virginia.wells@yahoo.com,645-484-4024x3976,Mountain View,CA,2026-08-04
CUST_06789,Kathy Walker,kathy.walker@aol.com,8902793753,Newcomb,NY,2024-05-21
CUST_06790,Kayla Kim,kayla.kim@icloud.com,(722)621-6458x3405,Saint Petersburg,FL,2023-12-10
CUST_06791,Leslie Sandoval,leslie.sandoval@outlook.com,+1-359-665-4844x04760,Castine,ME,2024-10-30
CUST_06792,Jason Duarte,jason.duarte@aol.com,637-225-0114x582,New York,NY,2024-08-16
CUST_06793,Erik Lopez,erik.lopez@yahoo.com,6409141902,Maxwell,IA,2025-05-19
CUST_06794,Aaron Fitzgerald,aaron.fitzgerald@gmail.com,652.638.9190x576,Madrid,NY,2024-11-03
CUST_06795,Antonio Glenn,antonio.glenn@hotmail.com,(968)721-8031,Bettendorf,IA,2026-03-22
CUST_06796,Natalie Lopez,natalie.lopez@outlook.com,001-393-819-0704x3506,Tyler Hill,PA,2023-10-26
CUST_06797,Brandon Miller,brandon.miller@gmail.com,653.959.7664x09808,Surprise,NY,2024-07-11
CUST_06798,Michael Vega,michael.vega@gmail.com,(787)504-3350,Buffalo,NY,2023-12-12
CUST_06799,William Alvarado,william.alvarado@yahoo.com,(279)525-6519x8944,Dpo,AE,2023-10-21
CUST_06800,Michael Martinez,michael.martinez@gmail.com,6429917365,Flint,MI,2026-06-05
CUST_06801,Jesus Jacobs,jesus.jacobs@icloud.com,558-672-9935x38507,Scranton,PA,2025-10-27
CUST_06802,Christopher Walker,christopher.walker@icloud.com,3714956483,Charlotte,NC,2024-03-09
CUST_06803,Jerry Gray,jerry.gray@outlook.com,(298)694-5151,Mabank,TX,2024-05-25
CUST_06804,John Flores,john.flores@aol.com,(507)967-8516,Edwardsburg,MI,2024-08-07
CUST_06805,Spencer Wells,spencer.wells@yahoo.com,+1-396-214-3302x575,Bellingham,MN,2025-08-23
CUST_06806,Charles Carr,charles.carr@outlook.com,797.329.1906x04608,Yale,OK,2025-02-09
CUST_06807,Hannah Shields,hannah.shields@yahoo.com,797.258.7726x60859,Apopka,FL,2024-11-27
CUST_06808,Jessica Peterson,jessica.peterson@outlook.com,+1-229-665-0474x74076,Clearmont,WY,2025-10-30
CUST_06809,Robin Green,robin.green@icloud.com,680.579.2923,Asheville,NC,2026-06-08
CUST_06810,Erik Pratt,erik.pratt@gmail.com,(839)266-0025x172,Hardy,NE,2025-01-17
CUST_06811,Catherine Hampton,catherine.hampton@yahoo.com,364.687.5643,Lamar,OK,2025-02-03
CUST_06812,Martin Atkinson,martin.atkinson@hotmail.com,(234)509-5779,Winthrop,IA,2024-04-06
CUST_06813,Elizabeth Payne,elizabeth.payne@hotmail.com,(722)945-1849,Minor Hill,TN,2025-12-01
CUST_06814,Sean Jackson,sean.jackson@hotmail.com,863.771.5317,Cloverport,KY,2025-06-06
CUST_06815,Ashley Delacruz,ashley.delacruz@yahoo.com,+1-982-996-4134,Union Center,WI,2024-02-12
CUST_06816,Jennifer Guzman,jennifer.guzman@icloud.com,7209916005,Ripton,VT,2023-11-24
CUST_06817,Isaac Sullivan,isaac.sullivan@icloud.com,+1-525-513-7222x50703,Friend,NE,2024-10-04
CUST_06818,Jeffrey Powell,jeffrey.powell@aol.com,(476)419-8497x706,Milton,LA,2025-12-03
CUST_06819,Tiffany Case,tiffany.case@icloud.com,001-945-891-8761x7616,Turner,ME,2025-11-08
CUST_06820,Louis Wood,louis.wood@icloud.com,3392479553,Huntingdon,PA,2025-02-13
CUST_06821,Bruce Olson,bruce.olson@gmail.com,450.920.3037x25284,Nebo,IL,2024-02-21
CUST_06822,Amber Charles,amber.charles@aol.com,488.628.0417x294,Spring Hill,FL,2024-02-18
CUST_06823,Margaret Haynes,margaret.haynes@yahoo.com,542-524-0448,Berlin,NH,2025-08-04
CUST_06824,Kim Barnett,kim.barnett@outlook.com,(462)479-4260,Springfield,VT,2026-08-11
CUST_06825,Alison Wilson,alison.wilson@gmail.com,(537)969-5154x799,Newbury,MA,2024-02-23
CUST_06826,Jerry Flores,jerry.flores@aol.com,001-866-816-4413,Devon,PA,2024-12-29
CUST_06827,Joseph Mullins,joseph.mullins@gmail.com,369.560.6136,Grayling,MI,2023-12-02
CUST_06828,Jason Guerra,jason.guerra@outlook.com,(478)485-8631x6532,Newton,NC,2025-12-02
CUST_06829,David Jackson,david.jackson@aol.com,734.610.4758x20527,Grand Rapids,MI,2024-04-07
CUST_06830,Melissa Bryan,melissa.bryan@hotmail.com,(853)310-4965x6849,Belvue,KS,2025-03-20
CUST_06831,Cynthia Bradshaw,cynthia.bradshaw@icloud.com,001-351-460-9622x448,Rock Point,MD,2025-06-20
CUST_06832,Catherine Parker,catherine.parker@hotmail.com,+1-408-462-5970,Washington,DC,2024-07-04
CUST_06833,Karen Nguyen,karen.nguyen@aol.com,285-779-8987x0164,Glasford,IL,2023-10-27
CUST_06834,Jill Hayden,jill.hayden@gmail.com,(610)769-8152,Sanders,AZ,2024-05-02
CUST_06835,Ryan Parker,ryan.parker@yahoo.com,(935)885-1848x21235,Glenwood,WA,2025-03-12
CUST_06836,Sabrina Cooper,sabrina.cooper@icloud.com,+1-240-708-8204x8891,West Columbia,TX,2025-09-03
CUST_06837,Anne Hudson,anne.hudson@aol.com,748.677.1983x463,Columbus,WI,2026-05-21
CUST_06838,Stephanie Moss,stephanie.moss@gmail.com,+1-374-987-1130x2325,Patterson,NY,2024-10-05
CUST_06839,Laura Mcguire,laura.mcguire@hotmail.com,910.211.8123x0101,Bigelow,AR,2024-06-27
CUST_06840,Jessica Neal,jessica.neal@aol.com,497-495-7609,Hazelton,KS,2026-03-23
CUST_06841,Edward Daniels,edward.daniels@outlook.com,(246)680-9510,La Fayette,IL,2025-04-24
CUST_06842,Ebony Foster,ebony.foster@yahoo.com,(722)705-7978x49541,Aliceville,AL,2025-03-21
CUST_06843,Kevin Adams,kevin.adams@yahoo.com,001-481-499-4006,Fay,OK,2025-02-27
CUST_06844,Melissa Freeman,melissa.freeman@aol.com,(576)940-1473,Seekonk,MA,2024-04-04
CUST_06845,Thomas Hall,thomas.hall@yahoo.com,+1-480-597-8997x3074,Vickery,OH,2026-01-23
CUST_06846,Heather Diaz,heather.diaz@icloud.com,+1-422-296-6155x36280,Eagle Lake,FL,2024-11-11
CUST_06847,David Walker,david.walker@yahoo.com,(318)563-9594x7058,Lisbon,ME,2026-05-05
CUST_06848,Diana Bailey,diana.bailey@yahoo.com,001-780-402-0758x18932,Henderson Harbor,NY,2025-08-16
CUST_06849,Kevin Fields,kevin.fields@hotmail.com,001-498-705-4834,Crescent Mills,CA,2024-12-26
CUST_06850,David Mack,david.mack@hotmail.com,884.977.6858,Anchor Point,AK,2024-09-22
CUST_06851,Gregory Cross,gregory.cross@icloud.com,9438191700,Cynthiana,OH,2024-06-26
CUST_06852,Isabella Bennett,isabella.bennett@outlook.com,356-317-9293,Hillsdale,KS,2023-12-13
CUST_06853,Lauren Martin,lauren.martin@aol.com,001-858-748-6939x4523,Philadelphia,PA,2025-03-21
CUST_06854,Megan King,megan.king@icloud.com,7446509146,Sulphur Bluff,TX,2026-01-20
CUST_06855,Lisa Preston,lisa.preston@outlook.com,770.510.8461x2068,Alpha,KY,2026-07-16
CUST_06856,Lynn Robinson,lynn.robinson@icloud.com,777.766.4782,Deedsville,IN,2024-12-01
CUST_06857,Sheila Pruitt,sheila.pruitt@aol.com,(266)405-1650x80462,Santa Maria,CA,2024-03-25
CUST_06858,Christina Torres,christina.torres@icloud.com,206-843-3822x79855,Santa Rosa,NM,2025-12-09
CUST_06859,Lucas Yates,lucas.yates@icloud.com,292-482-5081,Wakefield,MI,2026-01-10
CUST_06860,Priscilla Crawford,priscilla.crawford@hotmail.com,+1-882-898-2695x5220,Athens,TN,2025-09-20
CUST_06861,Kristen Thompson,kristen.thompson@icloud.com,+1-786-693-0144x301,Tupelo,MS,2025-08-26
CUST_06862,Beth Becker,beth.becker@hotmail.com,001-918-233-3017x44303,Carrie,KY,2025-12-16
CUST_06863,Lindsay Melendez,lindsay.melendez@outlook.com,566-470-1717x35733,Fairfax,MN,2024-10-16
CUST_06864,Anthony Cooper,anthony.cooper@outlook.com,(697)311-2583,Worthington Springs,FL,2024-07-31
CUST_06865,Natalie Taylor,natalie.taylor@gmail.com,001-811-557-1368x364,Perley,MN,2024-06-18
CUST_06866,Diana Palmer,diana.palmer@outlook.com,8363046050,San Antonio,TX,2024-04-14
CUST_06867,Suzanne Smith,suzanne.smith@yahoo.com,299-896-7432,Attica,OH,2026-01-12
CUST_06868,Joel Arroyo,joel.arroyo@icloud.com,280-927-4800x33368,Agana Heights,GU,2026-03-20
CUST_06869,Anne Schultz,anne.schultz@icloud.com,001-877-461-5956,Boyden,IA,2023-12-17
CUST_06870,David Sanchez,david.sanchez@aol.com,(856)625-9220x72509,Haslett,MI,2025-12-28
CUST_06871,Brian Ramsey,brian.ramsey@gmail.com,+1-353-641-0775x99665,Miami,FL,2025-05-17
CUST_06872,Jacob Schultz,jacob.schultz@gmail.com,(813)920-0611x3780,Fly Creek,NY,2024-02-16
CUST_06873,Kristina Hanna,kristina.hanna@gmail.com,4145299718,Eddyville,KY,2025-05-10
CUST_06874,Michael Harris,michael.harris@hotmail.com,324-247-6104,Blanca,CO,2025-02-05
CUST_06875,Andrew Newman,andrew.newman@icloud.com,533-704-3399x2357,Norwalk,CT,2025-11-11
CUST_06876,Crystal Mejia,crystal.mejia@aol.com,796.449.4148x98658,Houston,TX,2026-06-08
CUST_06877,Erin Andrews,erin.andrews@outlook.com,835-447-8197x0671,Whitmer,WV,2026-04-25
CUST_06878,Louis Tyler,louis.tyler@hotmail.com,+1-313-580-6431x7915,Guildhall,VT,2025-09-27
CUST_06879,Holly Jones,holly.jones@gmail.com,238-580-9288x3760,East Stone Gap,VA,2024-10-12
CUST_06880,Kayla Young,kayla.young@icloud.com,(782)714-3876x70346,Forest Grove,OR,2026-04-09
CUST_06881,Christopher Frazier,christopher.frazier@icloud.com,463-294-3673x4450,San Antonio,TX,2025-12-18
CUST_06882,Reginald Hansen,reginald.hansen@hotmail.com,+1-697-463-5477,Pebble Beach,CA,2025-04-05
CUST_06883,Ethan Brown,ethan.brown@outlook.com,(807)669-9482,Pickett,WI,2026-07-31
CUST_06884,Angel Chapman,angel.chapman@yahoo.com,612.486.5215,Dumfries,VA,2025-06-05
CUST_06885,Alexander Rogers,alexander.rogers@yahoo.com,001-450-634-4879x61336,Winchester,KS,2025-08-25
CUST_06886,Deborah Adams,deborah.adams@hotmail.com,524.588.1254x60953,Springfield,MO,2026-05-20
CUST_06887,Gregory Stark,gregory.stark@hotmail.com,447.557.3942x88103,Albany,OR,2025-03-30
CUST_06888,David Sosa,david.sosa@gmail.com,727.393.6776,Fairbank,PA,2026-07-26
CUST_06889,Keith Lindsey,keith.lindsey@gmail.com,539-503-8386x4869,Masonic Home,KY,2026-07-29
CUST_06890,Rachel Rodriguez,rachel.rodriguez@aol.com,+1-338-951-3250,Saint James City,FL,2024-06-25
CUST_06891,Corey Watts,corey.watts@outlook.com,206-989-0881x5520,Mount Pleasant,SC,2024-03-18
CUST_06892,Vanessa Hernandez,vanessa.hernandez@aol.com,(251)204-0025,Amarillo,TX,2026-03-17
CUST_06893,Katherine Bennett,katherine.bennett@outlook.com,(292)514-2739x746,Elrod,AL,2025-10-17
CUST_06894,Brittany Christian,brittany.christian@yahoo.com,001-344-253-6829x704,Bigler,PA,2024-01-24
CUST_06895,John Garcia,john.garcia@hotmail.com,(220)200-6787x904,Dayton,OH,2024-01-27
CUST_06896,Victor Griffin,victor.griffin@aol.com,(253)563-3949x68730,Atlanta,GA,2025-04-10
CUST_06897,Neil Sheppard,neil.sheppard@outlook.com,323-817-0010x267,Kingwood,TX,2026-01-01
CUST_06898,Jennifer Tucker,jennifer.tucker@gmail.com,983.851.1023x340,Ocean Bluff,MA,2025-08-09
CUST_06899,Sean Rowe,sean.rowe@hotmail.com,8923370629,Egg Harbor City,NJ,2024-04-30
CUST_06900,Melissa Nash,melissa.nash@icloud.com,501.790.6814x54591,Glenn,CA,2024-03-17
CUST_06901,Mark Foster,mark.foster@hotmail.com,6975294595,Memphis,TN,2025-02-08
CUST_06902,Nicole Beck,nicole.beck@gmail.com,+1-269-270-4805,Conover,OH,2025-11-05
CUST_06903,Joshua Crawford,joshua.crawford@icloud.com,(542)558-6444x6962,San Jose,CA,2024-11-08
CUST_06904,Gabriel Cruz,gabriel.cruz@outlook.com,001-971-640-4484x1044,Hanover,NM,2025-03-19
CUST_06905,Patrick Owen,patrick.owen@yahoo.com,584.893.1405,Huntsville,AL,2023-09-14
CUST_06906,Alice Mccormick,alice.mccormick@yahoo.com,689.376.0824,Waterford,NY,2025-01-22
CUST_06907,Catherine Jordan,catherine.jordan@gmail.com,+1-369-239-7128,Dover,DE,2023-12-17
CUST_06908,Michele Price,michele.price@yahoo.com,428-899-4681x07860,Woodward,PA,2026-06-03
CUST_06909,Lydia Brown,lydia.brown@outlook.com,700.428.3415x732,Clements,MN,2026-04-10
CUST_06910,Tamara Cox,tamara.cox@icloud.com,001-362-214-8420x357,Fort Mc Kavett,TX,2026-01-14
CUST_06911,Paul Miller,paul.miller@outlook.com,+1-951-304-4223x2123,Rawson,OH,2023-12-18
CUST_06912,Michael Cox,michael.cox@yahoo.com,(996)637-5517x1712,Salem,WV,2026-06-03
CUST_06913,Vanessa Cooper,vanessa.cooper@aol.com,402.931.5624,Bay Saint Louis,MS,2025-02-08
CUST_06914,Beth Conrad,beth.conrad@aol.com,+1-392-700-6657x54093,Armstrong Creek,WI,2025-06-30
CUST_06915,Olivia Morgan,olivia.morgan@hotmail.com,(865)967-5362,Sioux Falls,SD,2026-02-01
CUST_06916,Jeffery Graham,jeffery.graham@aol.com,5955660984,Casanova,VA,2025-01-11
CUST_06917,Anthony Pennington,anthony.pennington@hotmail.com,001-455-750-6684,Westport,CA,2026-07-03
CUST_06918,Kristin Smith,kristin.smith@outlook.com,(210)997-4946,Austin,TX,2024-05-03
CUST_06919,Colleen Bell,colleen.bell@hotmail.com,976.817.2658x678,Fort Washington,MD,2025-10-05
CUST_06920,Monique Mendoza,monique.mendoza@yahoo.com,589.839.3705x751,Atlanta,GA,2025-10-28
CUST_06921,Dawn Brown,dawn.brown@outlook.com,982.991.8565,Dahlonega,GA,2026-04-03
CUST_06922,Brent Rogers,brent.rogers@icloud.com,617.920.8107x05519,Cleveland,TN,2024-02-22
CUST_06923,Anthony Castillo,anthony.castillo@icloud.com,001-972-534-3308x89061,Bergton,VA,2024-04-01
CUST_06924,Stephanie Romero,stephanie.romero@aol.com,2834087473,Indianapolis,IN,2025-04-09
CUST_06925,Alexandra Martin,alexandra.martin@outlook.com,001-544-705-6819,Brooksville,FL,2025-09-19
CUST_06926,Daniel Robinson,daniel.robinson@outlook.com,001-620-581-3393x088,Aromas,CA,2024-01-10
CUST_06927,Michael Diaz,michael.diaz@aol.com,783-678-4325,Millwood,NY,2023-09-01
CUST_06928,Michael Evans,michael.evans@aol.com,8817658621,Rome,MS,2025-05-13
CUST_06929,Cindy Vasquez,cindy.vasquez@aol.com,(574)986-1392x664,Morgan,UT,2026-02-14
CUST_06930,Kenneth Lewis,kenneth.lewis@gmail.com,327-667-5380x38372,Brule,NE,2025-06-16
CUST_06931,Samantha Carter,samantha.carter@gmail.com,290.981.3319,Homestead,FL,2024-08-14
CUST_06932,Peggy Dickson,peggy.dickson@yahoo.com,478-324-8475x7935,Homestead,FL,2024-06-03
CUST_06933,Jonathan Tapia,jonathan.tapia@aol.com,(720)481-4215x3704,Lake Mills,WI,2025-07-22
CUST_06934,Chad Woodard,chad.woodard@aol.com,6265714979,Boston,MA,2024-09-21
CUST_06935,Michael Jones,michael.jones@hotmail.com,001-759-924-5468x7963,Albany,OR,2024-04-07
CUST_06936,Rebecca Hernandez,rebecca.hernandez@aol.com,363.251.2480x7431,Columbia,NC,2024-01-18
CUST_06937,Brandi Lam,brandi.lam@aol.com,500-290-8786x46270,Peterson,IA,2025-12-02
CUST_06938,Christopher Bailey,christopher.bailey@outlook.com,901-754-1033x4411,Briscoe,TX,2024-05-30
CUST_06939,Molly Robinson,molly.robinson@aol.com,461.893.3212x91378,Norfolk,VA,2025-12-08
CUST_06940,Veronica Nelson,veronica.nelson@icloud.com,(927)984-5205,Gasport,NY,2026-05-19
CUST_06941,Chad Bond,chad.bond@hotmail.com,811.728.5692,Morrison,TN,2025-11-07
CUST_06942,Tonya Davis,tonya.davis@outlook.com,+1-875-279-9995x03750,Ashland,NY,2026-04-04
CUST_06943,Alyssa Pierce,alyssa.pierce@yahoo.com,254.404.3385x0226,Grand Rapids,MN,2026-07-16
CUST_06944,Christopher Turner,christopher.turner@yahoo.com,(524)554-1795x973,Wolcott,NY,2026-07-20
CUST_06945,Keith Green,keith.green@outlook.com,(398)258-5673,Bethel Park,PA,2026-02-13
CUST_06946,Timothy Dudley,timothy.dudley@icloud.com,9713800245,Castro Valley,CA,2025-05-20
CUST_06947,Stephen Nelson,stephen.nelson@gmail.com,9764814954,Apo,AA,2025-10-08
CUST_06948,Amanda Douglas,amanda.douglas@hotmail.com,800-394-1667x7578,Everly,IA,2024-10-28
CUST_06949,Amanda Guzman,amanda.guzman@gmail.com,993.394.1760x0426,Brayton,IA,2024-12-03
CUST_06950,Janet Walters,janet.walters@outlook.com,001-440-597-4017x29236,Stockton,CA,2025-03-15
CUST_06951,Eric Davis,eric.davis@hotmail.com,(451)564-6885,Columbus,OH,2023-10-18
CUST_06952,Daniel Frazier,daniel.frazier@aol.com,+1-290-408-6814x35831,Cave Creek,AZ,2025-10-03
CUST_06953,Marcus Thomas,marcus.thomas@outlook.com,629.736.0337x9951,Chignik Lake,AK,2024-03-07
CUST_06954,Christine Martinez,christine.martinez@gmail.com,001-915-804-5336x13952,Branscomb,CA,2025-02-09
CUST_06955,Patricia Perez,patricia.perez@hotmail.com,+1-549-482-4120x785,Roxbury,KS,2024-12-28
CUST_06956,Nicolas Johnson,nicolas.johnson@icloud.com,+1-927-677-9251x23752,Palos Verdes Peninsula,CA,2025-11-21
CUST_06957,Neil Wallace,neil.wallace@yahoo.com,940-356-7986,Oslo,MN,2023-12-28
CUST_06958,Derek Williams,derek.williams@hotmail.com,330.730.0472x437,Brogue,PA,2026-06-10
CUST_06959,Andrew Bates,andrew.bates@yahoo.com,801-617-4236,Avoca,IA,2024-08-14
CUST_06960,Jennifer Duke,jennifer.duke@outlook.com,+1-473-966-7344x594,Renton,WA,2024-02-05
CUST_06961,Garrett Hicks,garrett.hicks@gmail.com,672-315-7600,Shelbyville,KY,2025-05-15
CUST_06962,Theresa Mckay,theresa.mckay@icloud.com,693-299-4661x78106,Glengary,WV,2025-11-27
CUST_06963,Connie Powell,connie.powell@yahoo.com,001-221-476-7692x357,Mondamin,IA,2023-12-02
CUST_06964,John Johnson,john.johnson@hotmail.com,962-701-1054,Loma,CO,2024-03-26
CUST_06965,James Lewis,james.lewis@outlook.com,(648)836-8096,Birdseye,IN,2024-10-14
CUST_06966,Natasha Thornton,natasha.thornton@icloud.com,(214)592-5781x98123,Beaver Crossing,NE,2026-06-15
CUST_06967,Kelly Gutierrez,kelly.gutierrez@yahoo.com,(873)436-2443,Madison,NC,2025-08-28
CUST_06968,Glenda Smith,glenda.smith@hotmail.com,001-415-530-6145,Oak Harbor,WA,2026-02-06
CUST_06969,Rebecca Solomon,rebecca.solomon@gmail.com,210.921.8776x3708,Bell City,LA,2023-11-09
CUST_06970,David Riggs,david.riggs@gmail.com,001-888-315-1649x47267,Ann Arbor,MI,2023-09-11
CUST_06971,Jordan Tucker,jordan.tucker@icloud.com,396-804-1402,Pattonville,TX,2025-02-02
CUST_06972,Bradley Ramsey,bradley.ramsey@hotmail.com,001-307-508-3102x32935,Orem,UT,2024-05-04
CUST_06973,Noah Harris,noah.harris@hotmail.com,+1-291-630-7514,Washington,DC,2023-09-13
CUST_06974,Andrew Thomas,andrew.thomas@icloud.com,+1-517-242-3707x2260,Wilkes Barre,PA,2024-10-27
CUST_06975,Michael Mccullough,michael.mccullough@icloud.com,(729)567-3066x4893,Kingsbury,IN,2026-08-12
CUST_06976,Stephanie Scott,stephanie.scott@icloud.com,(333)436-0857x2230,Ceylon,MN,2024-10-26
CUST_06977,David Bryant,david.bryant@icloud.com,001-983-289-9433x8054,Norway,SC,2025-02-06
CUST_06978,Nathan Robertson,nathan.robertson@aol.com,282.294.7717,Peterboro,NY,2025-11-29
CUST_06979,Jeanne Rivera,jeanne.rivera@aol.com,6222210739,Whitewood,VA,2026-04-13
CUST_06980,Colin Blake,colin.blake@yahoo.com,397-806-3170x6253,Green Pond,AL,2024-02-04
CUST_06981,Nicholas Sutton,nicholas.sutton@yahoo.com,(577)980-4802x9084,Pala,CA,2026-01-27
CUST_06982,Justin Hale,justin.hale@gmail.com,(894)775-4821,Bergheim,TX,2024-09-23
CUST_06983,Diane Scott,diane.scott@hotmail.com,754.915.1847x82409,Medford,NY,2025-05-03
CUST_06984,Tommy Webb,tommy.webb@yahoo.com,205-572-7409x55251,Phlox,WI,2024-08-13
CUST_06985,Rodney Melendez,rodney.melendez@aol.com,858-428-4149,Puckett,MS,2024-04-07
CUST_06986,Rebecca Glover,rebecca.glover@aol.com,001-254-742-2570x73847,Harshaw,WI,2024-01-18
CUST_06987,Jennifer Hunter,jennifer.hunter@gmail.com,001-447-624-5750,Memphis,TN,2026-08-22
CUST_06988,Perry Conley,perry.conley@gmail.com,241.514.7079,Omaha,NE,2025-04-30
CUST_06989,Christopher Lane,christopher.lane@hotmail.com,545-200-6129x982,Hollywood,FL,2023-10-25
CUST_06990,Laura Warner,laura.warner@hotmail.com,(628)514-8449,Zeeland,ND,2024-02-08
CUST_06991,Morgan Moreno,morgan.moreno@yahoo.com,223.904.6694,Elverson,PA,2024-06-06
CUST_06992,April James,april.james@hotmail.com,(863)806-5412,Quartzsite,AZ,2024-05-06
CUST_06993,Natalie Johnson,natalie.johnson@outlook.com,001-837-821-2494x442,Princeton,NC,2025-06-12
CUST_06994,Brooke Castillo,brooke.castillo@aol.com,001-908-412-6107,Brooklyn,NY,2024-03-03
CUST_06995,Stephanie Jones,stephanie.jones@yahoo.com,942.266.2416,El Paso,TX,2024-03-05
CUST_06996,Cole Murphy,cole.murphy@hotmail.com,856.251.7750x87625,Libertyville,IA,2023-12-07
CUST_06997,Bryan Benton,bryan.benton@icloud.com,+1-372-944-2861x44034,Livermore,CA,2024-05-28
CUST_06998,Timothy Hughes,timothy.hughes@aol.com,524.544.8314x328,Kivalina,AK,2026-06-03
CUST_06999,Olivia Franklin,olivia.franklin@aol.com,889-824-9470x601,Anderson,AL,2024-04-28
CUST_07000,Charles Fuller,charles.fuller@icloud.com,001-563-734-4713x00944,Milmay,NJ,2026-07-30
CUST_07001,Thomas Miller,thomas.miller@yahoo.com,(544)806-5066x901,Fort Defiance,AZ,2025-09-16
CUST_07002,Karen Harris,karen.harris@outlook.com,231.986.1516,Umbarger,TX,2026-06-24
CUST_07003,Traci Owens,traci.owens@hotmail.com,3453602668,East Poland,ME,2023-10-20
CUST_07004,Kari Gates,kari.gates@hotmail.com,(261)908-3021,Wilmington,DE,2024-02-18
CUST_07005,Jonathan Nelson,jonathan.nelson@aol.com,459-292-2231,Kasigluk,AK,2023-09-23
CUST_07006,Stephanie Gonzalez,stephanie.gonzalez@gmail.com,001-818-257-1868x52893,Orlando,FL,2025-11-03
CUST_07007,Bobby Fox,bobby.fox@hotmail.com,746.375.2547,Downingtown,PA,2024-11-14
CUST_07008,Bryan Sanders,bryan.sanders@yahoo.com,348-224-4561,New Cumberland,WV,2024-11-04
CUST_07009,Roger Kennedy,roger.kennedy@aol.com,+1-593-622-6511x5739,Comstock,NY,2024-05-03
CUST_07010,Bradley Sellers,bradley.sellers@gmail.com,597.400.4923x476,Woden,IA,2024-09-22
CUST_07011,Olivia Brown,olivia.brown@hotmail.com,+1-938-858-3875x06212,Buxton,ND,2026-02-12
CUST_07012,Taylor Johnson,taylor.johnson@icloud.com,(207)874-5058,Grenville,NM,2024-12-09
CUST_07013,Carolyn Campos,carolyn.campos@aol.com,001-921-539-7062x212,Delano,CA,2026-03-21
CUST_07014,Bernard Mccullough,bernard.mccullough@icloud.com,+1-453-387-5121x46468,Saint Paul Island,AK,2024-02-08
CUST_07015,Pamela Smith,pamela.smith@outlook.com,469-270-6653x307,Molino,FL,2023-10-20
CUST_07016,James Castro,james.castro@yahoo.com,685-271-2479x4363,Karnak,IL,2024-11-16
CUST_07017,Jennifer Espinoza,jennifer.espinoza@aol.com,001-444-758-8521x756,Jasper,IN,2025-07-05
CUST_07018,Julie Townsend,julie.townsend@outlook.com,001-953-761-1273x837,Rustburg,VA,2025-06-08
CUST_07019,Carrie Carter,carrie.carter@hotmail.com,954.708.8245,Stoneville,MS,2026-06-15
CUST_07020,Mark Johnson,mark.johnson@icloud.com,248-298-9723x88834,Lecanto,FL,2024-09-05
CUST_07021,Daniel Snyder,daniel.snyder@icloud.com,+1-644-248-2585x470,Tulsa,OK,2024-11-23
CUST_07022,Ryan Herrera,ryan.herrera@gmail.com,001-303-769-6578,Fallston,NC,2025-03-07
CUST_07023,Anthony Watson,anthony.watson@icloud.com,678.468.1965,Altus,AR,2024-08-24
CUST_07024,Joshua Kelly,joshua.kelly@icloud.com,2033417141,Emerald Isle,NC,2026-01-20
CUST_07025,Leah Thompson,leah.thompson@yahoo.com,+1-745-532-5365x039,Mount Wolf,PA,2024-06-12
CUST_07026,James Reed,james.reed@yahoo.com,(232)317-5318,Bremerton,WA,2026-03-31
CUST_07027,Vicki Thomas,vicki.thomas@aol.com,(603)697-8773x5505,Homestead,FL,2026-08-15
CUST_07028,Shawn Howell,shawn.howell@aol.com,001-668-346-0550x111,Oroville,CA,2024-09-12
CUST_07029,Peter Martinez,peter.martinez@icloud.com,001-398-476-2360,Bernice,LA,2025-07-01
CUST_07030,Samantha Mullen,samantha.mullen@hotmail.com,418.678.6877x9047,Hurley,MO,2025-01-11
CUST_07031,Monica Bryant,monica.bryant@aol.com,001-275-433-9201x6770,Custer City,OK,2024-05-12
CUST_07032,Makayla White,makayla.white@aol.com,(437)269-0956x49936,Falmouth,MA,2025-12-19
CUST_07033,Tina Carter,tina.carter@aol.com,461.874.1675,Glen Ellyn,IL,2025-09-22
CUST_07034,Derrick Stewart,derrick.stewart@aol.com,500.365.8159x6670,Shreveport,LA,2024-07-17
CUST_07035,Christy Gallagher,christy.gallagher@aol.com,001-266-905-6162,Valley Farms,AZ,2024-09-07
CUST_07036,Adam Spencer,adam.spencer@yahoo.com,200-350-3413,Nashwauk,MN,2025-04-03
CUST_07037,Renee Dawson,renee.dawson@yahoo.com,001-987-652-1070,Kissimmee,FL,2024-05-17
CUST_07038,Kathryn Morales,kathryn.morales@hotmail.com,896.525.5961x5640,Fields Landing,CA,2024-05-05
CUST_07039,Larry Mitchell,larry.mitchell@outlook.com,973.807.6818x205,Midway,AL,2025-10-01
CUST_07040,Anthony Ayala,anthony.ayala@aol.com,708-857-1665,Tyler,TX,2024-08-30
CUST_07041,Shannon Torres,shannon.torres@icloud.com,(480)386-3107x4561,Naco,AZ,2025-03-11
CUST_07042,Sean Diaz,sean.diaz@outlook.com,967.684.1383,Matherville,IL,2026-05-19
CUST_07043,Carla Cruz,carla.cruz@icloud.com,(552)957-4191,Fargo,GA,2025-04-07
CUST_07044,Gloria Adams,gloria.adams@yahoo.com,+1-422-585-3704x56067,Winstonville,MS,2026-01-05
CUST_07045,Michael Johnson,michael.johnson@icloud.com,+1-483-955-9386x2498,Breezy Point,NY,2026-02-28
CUST_07046,Melissa Holmes,melissa.holmes@yahoo.com,579-221-0459x0040,Stevenson,CT,2025-03-31
CUST_07047,Ryan Lloyd,ryan.lloyd@aol.com,519.499.7870,Birmingham,AL,2025-02-14
CUST_07048,Molly Rivera,molly.rivera@yahoo.com,+1-821-923-7060x4989,Zephyrhills,FL,2026-01-20
CUST_07049,Julie Knight,julie.knight@yahoo.com,(370)378-5967,Temecula,CA,2025-06-24
CUST_07050,Wesley Krueger,wesley.krueger@gmail.com,4106440506,Verona,NJ,2026-02-16
CUST_07051,Edward Smith,edward.smith@gmail.com,(380)660-0202,Durhamville,NY,2024-08-17
CUST_07052,Latasha Gray,latasha.gray@gmail.com,257-872-1799,Round Lake,NY,2025-05-18
CUST_07053,Tony Davis,tony.davis@outlook.com,+1-722-470-4538x7048,Roundhill,KY,2025-02-16
CUST_07054,Carla Graham,carla.graham@icloud.com,5016189232,West Lebanon,IN,2024-04-14
CUST_07055,Dan Lynch,dan.lynch@outlook.com,(323)661-0082x64749,Prides Crossing,MA,2026-07-16
CUST_07056,Donald Moore,donald.moore@aol.com,4023943266,Moberly,MO,2024-12-09
CUST_07057,Brenda Rivera,brenda.rivera@yahoo.com,426-900-8770,Bakers Mills,NY,2023-10-31
CUST_07058,Juan Wilson,juan.wilson@gmail.com,949-386-0256x3322,Ideal,SD,2025-05-22
CUST_07059,Joshua Smith,joshua.smith@outlook.com,974-772-3039x520,Powhatan,VA,2024-04-27
CUST_07060,Anthony Snow,anthony.snow@outlook.com,763-942-7792x389,Elgin,OR,2025-10-21
CUST_07061,Scott Anderson,scott.anderson@outlook.com,5337230376,Newark,NJ,2025-01-12
CUST_07062,Pedro Conway,pedro.conway@hotmail.com,(769)578-0186x04975,Bass Lake,CA,2024-07-22
CUST_07063,Laura Stevenson,laura.stevenson@hotmail.com,001-451-743-9774,San Juan,PR,2023-12-02
CUST_07064,Tanya Ramos,tanya.ramos@hotmail.com,001-714-357-7658x8173,Ransom,KY,2023-09-21
CUST_07065,Amanda Scott,amanda.scott@aol.com,839.306.4629,Egan,LA,2023-09-06
CUST_07066,Anna Estrada,anna.estrada@aol.com,465-659-0231,Risingsun,OH,2026-07-02
CUST_07067,Angela Moore,angela.moore@outlook.com,001-934-552-0659x0775,Swansboro,NC,2025-12-03
CUST_07068,Connor Khan,connor.khan@yahoo.com,343.942.7315x1594,Piper City,IL,2026-01-29
CUST_07069,Jeremy Boyd,jeremy.boyd@outlook.com,(417)465-5094,Audubon,NJ,2024-01-14
CUST_07070,Shelly Jackson,shelly.jackson@yahoo.com,226.362.7698x12657,Adams,NY,2026-04-02
CUST_07071,Jason Murphy,jason.murphy@gmail.com,(965)857-7058,Greensboro,NC,2025-08-13
CUST_07072,Sarah Mathews,sarah.mathews@yahoo.com,7095391416,New York,NY,2024-12-09
CUST_07073,Tamara Sosa,tamara.sosa@yahoo.com,001-533-643-3611x30441,Tampa,FL,2023-10-26
CUST_07074,Jeffrey Lee,jeffrey.lee@gmail.com,656-966-4921x896,Eckman,WV,2025-08-25
CUST_07075,Andrea Ramirez,andrea.ramirez@hotmail.com,(775)982-2902x016,Cleveland,OH,2023-09-01
CUST_07076,Sheri Russell,sheri.russell@icloud.com,+1-911-708-0675x887,Creola,AL,2026-05-11
CUST_07077,James Miller,james.miller@aol.com,294.716.3416x043,Jasper,FL,2023-09-07
CUST_07078,Michael Brown,michael.brown@gmail.com,494.787.7810x6401,Tallassee,TN,2025-06-28
CUST_07079,Adam Hill,adam.hill@gmail.com,(971)372-5486x61439,Westbrook,TX,2026-05-03
CUST_07080,Stephanie Smith,stephanie.smith@gmail.com,540-976-3087x24267,Richland,WA,2026-03-17
CUST_07081,Tyler Glenn,tyler.glenn@aol.com,(278)641-4910,Woodville,OH,2023-10-03
CUST_07082,Danny Spence,danny.spence@outlook.com,635-234-5449x210,Jamestown,VA,2024-01-06
CUST_07083,Charles Walsh,charles.walsh@hotmail.com,(683)418-7906,Vonore,TN,2024-11-17
CUST_07084,Jennifer Obrien,jennifer.obrien@yahoo.com,977-948-7253,Jackson,MS,2024-08-07
CUST_07085,Kevin Daugherty,kevin.daugherty@outlook.com,731-868-7665,Hakalau,HI,2024-03-31
CUST_07086,Aaron Wilson,aaron.wilson@icloud.com,+1-694-654-4732,Mobile,AL,2026-04-07
CUST_07087,Luis Roberts,luis.roberts@aol.com,+1-907-528-3164x59141,Nunnelly,TN,2024-04-14
CUST_07088,Jacob Mcdonald,jacob.mcdonald@icloud.com,394.456.4255x24167,Alice,TX,2025-09-17
CUST_07089,Travis Conrad,travis.conrad@gmail.com,538-758-3454,Round Hill,VA,2025-03-09
CUST_07090,Cynthia Montes,cynthia.montes@aol.com,764.419.7656,Clayton,NY,2024-03-24
CUST_07091,Mark Rodriguez,mark.rodriguez@gmail.com,494-713-4164,Muskogee,OK,2024-02-09
CUST_07092,Nicole Cardenas,nicole.cardenas@icloud.com,8236120098,Richland,MS,2025-02-08
CUST_07093,Brian Beasley,brian.beasley@hotmail.com,+1-870-490-3809x6677,Dayton,OH,2026-01-25
CUST_07094,Justin Watson,justin.watson@gmail.com,(938)877-4571x40451,Boles,IL,2026-08-06
CUST_07095,Joanna Perez,joanna.perez@gmail.com,249-474-0576x7390,Colorado Springs,CO,2025-05-04
CUST_07096,Rebecca Browning,rebecca.browning@yahoo.com,8888482709,Douglass,TX,2024-07-28
CUST_07097,Diana Perez,diana.perez@yahoo.com,001-235-547-4991,Dayton,OH,2025-08-11
CUST_07098,Megan Smith,megan.smith@aol.com,255-490-9610,Belton,MO,2026-03-04
CUST_07099,Robin Allen,robin.allen@outlook.com,(466)570-9431x59573,Colonial Beach,VA,2025-08-23
CUST_07100,Robert Phillips,robert.phillips@yahoo.com,001-803-394-8358x287,Honolulu,HI,2023-09-18
CUST_07101,Travis Maldonado,travis.maldonado@gmail.com,342.848.6981x4720,Rosedale,VA,2025-09-21
CUST_07102,Jason Shepherd,jason.shepherd@outlook.com,(609)460-9321x75136,Mc Guffey,OH,2024-10-05
CUST_07103,Joseph Sanchez,joseph.sanchez@yahoo.com,(667)914-3267x86324,Saint Francis,MN,2025-06-01
CUST_07104,Bridget Harris,bridget.harris@gmail.com,+1-439-412-3598x59491,Leaf River,IL,2026-02-06
CUST_07105,Sharon Matthews,sharon.matthews@outlook.com,940-586-7730,Wing,AL,2025-02-07
CUST_07106,Roger Wallace,roger.wallace@icloud.com,(383)437-7675,Lazear,CO,2023-11-06
CUST_07107,Natalie Finley,natalie.finley@outlook.com,001-483-486-9492,Edgewater,MD,2024-10-26
CUST_07108,Joan Mann,joan.mann@hotmail.com,251-291-3650,Madison,MD,2023-12-20
CUST_07109,Bill Novak,bill.novak@icloud.com,309.570.9160x5053,Phoenix,AZ,2026-04-15
CUST_07110,Mike Conway,mike.conway@yahoo.com,713.689.0397x3147,Chilhowie,VA,2024-08-03
CUST_07111,Tyler Tran,tyler.tran@icloud.com,690-327-0721x36483,Oakland Mills,PA,2026-03-23
CUST_07112,Jeffrey Bass,jeffrey.bass@gmail.com,573.870.4039,Vancouver,WA,2026-04-05
CUST_07113,Patrick Duncan,patrick.duncan@aol.com,001-849-439-2160x128,Conestoga,PA,2025-08-01
CUST_07114,Ashley Macdonald,ashley.macdonald@gmail.com,001-535-863-2601x1988,Ashley,MI,2025-01-24
CUST_07115,Catherine Rowe,catherine.rowe@yahoo.com,918.646.0229,Tarpon Springs,FL,2026-06-22
CUST_07116,Daniel Rodriguez,daniel.rodriguez@hotmail.com,(326)323-7690x225,Saltillo,MS,2023-09-10
CUST_07117,Michael Rivera,michael.rivera@hotmail.com,(945)834-4134,Hemet,CA,2024-08-26
CUST_07118,Eric Lee,eric.lee@outlook.com,(263)535-4033x651,Free Union,VA,2025-01-12
CUST_07119,Douglas Collins,douglas.collins@yahoo.com,001-504-399-5050x016,Chicago,IL,2024-09-09
CUST_07120,Shannon Zimmerman,shannon.zimmerman@hotmail.com,(300)638-7760,Tangent,OR,2025-03-17
CUST_07121,David Chen,david.chen@outlook.com,(460)834-6569x5249,Waynesville,MO,2026-07-16
CUST_07122,Jason Fischer,jason.fischer@gmail.com,+1-614-283-1918x541,Huntington,WV,2025-05-01
CUST_07123,Diane Davis,diane.davis@yahoo.com,794-921-3158x4427,Beaver Island,MI,2024-04-24
CUST_07124,Brian Dyer,brian.dyer@outlook.com,347-538-4572x0261,Danbury,IA,2026-02-13
CUST_07125,Sarah Wall,sarah.wall@hotmail.com,787-287-4480x683,Lidgerwood,ND,2026-06-25
CUST_07126,Michael Brooks,michael.brooks@yahoo.com,589-720-1940,Kunkletown,PA,2024-01-19
CUST_07127,Kristin Myers,kristin.myers@gmail.com,860.612.4043,Brookfield,IL,2024-02-22
CUST_07128,Jacob Allen,jacob.allen@outlook.com,921-538-3419x66239,Aplington,IA,2026-04-25
CUST_07129,Jeremy Rivera,jeremy.rivera@outlook.com,001-325-201-6529x5305,Denmark,ME,2025-12-03
CUST_07130,Jennifer Lawrence,jennifer.lawrence@hotmail.com,(441)493-4634,Franklintown,PA,2025-03-04
CUST_07131,Janet Barber,janet.barber@yahoo.com,788.570.7485,Delaplane,VA,2025-06-06
CUST_07132,Christina Brock,christina.brock@gmail.com,001-892-359-6331x7822,Hoisington,KS,2024-11-04
CUST_07133,Stacy Castro,stacy.castro@icloud.com,6894088451,Ironton,MO,2023-09-11
CUST_07134,Randall Berg,randall.berg@yahoo.com,(886)753-9025x438,Suitland,MD,2025-08-14
CUST_07135,Amanda Leonard,amanda.leonard@yahoo.com,959.770.1700x696,Fpo,AP,2024-02-26
CUST_07136,Glenn Faulkner,glenn.faulkner@icloud.com,(886)392-5042,West Middletown,PA,2026-04-14
CUST_07137,Darlene Jones,darlene.jones@gmail.com,991.669.6405,Saint Petersburg,FL,2024-01-26
CUST_07138,Melinda Williams,melinda.williams@gmail.com,(907)557-1354x689,Homewood,IL,2025-08-15
CUST_07139,David Parker,david.parker@hotmail.com,001-895-847-6745x184,Ina,IL,2025-04-14
CUST_07140,Christine Henry,christine.henry@yahoo.com,912-210-2645,Clinton,IA,2026-01-18
CUST_07141,Katelyn Davis,katelyn.davis@hotmail.com,+1-326-380-3910,Durant,OK,2024-06-28
CUST_07142,Kathleen Collins,kathleen.collins@yahoo.com,(316)973-6182,Oostburg,WI,2024-10-31
CUST_07143,Christina Hopkins,christina.hopkins@outlook.com,+1-239-322-1143,Gregory,MI,2025-03-19
CUST_07144,Heather Davis,heather.davis@aol.com,001-607-669-4523x8114,Buckley,WA,2024-07-22
CUST_07145,Debra Solis,debra.solis@hotmail.com,(578)712-4907x5988,Morganfield,KY,2026-04-22
CUST_07146,Brent Allen,brent.allen@aol.com,958-918-3748,Crossville,IL,2024-08-18
CUST_07147,Michele Blair,michele.blair@aol.com,353.896.3259,Norcross,GA,2026-03-03
CUST_07148,Randy Duran,randy.duran@yahoo.com,(791)358-1026,Huntsville,AL,2024-04-06
CUST_07149,Christopher Gibson,christopher.gibson@aol.com,+1-357-959-8774,Port Allegany,PA,2025-07-05
CUST_07150,Isaiah Moore,isaiah.moore@outlook.com,(632)848-9963,Grantsboro,NC,2025-12-29
CUST_07151,Lindsey Garcia,lindsey.garcia@yahoo.com,+1-833-299-1558x2959,Des Moines,IA,2024-01-27
CUST_07152,Greg Good,greg.good@aol.com,607-399-7187,Lebanon,IL,2024-08-11
CUST_07153,Douglas Lane,douglas.lane@gmail.com,2909546950,Boston,MA,2026-02-04
CUST_07154,Erika Whitney,erika.whitney@hotmail.com,565-473-4833,Crystal River,FL,2025-07-11
CUST_07155,Marvin Robinson,marvin.robinson@icloud.com,835-554-1219,Hudson,NY,2025-12-15
CUST_07156,Tammy Henry,tammy.henry@outlook.com,(475)320-8111,Brooklet,GA,2024-04-16
CUST_07157,Priscilla Bowman,priscilla.bowman@yahoo.com,001-568-390-8326,Plant City,FL,2026-08-06
CUST_07158,Kelly Gonzales,kelly.gonzales@outlook.com,9248715926,Conroy,IA,2025-11-20
CUST_07159,Kimberly Richardson,kimberly.richardson@hotmail.com,607-387-7982,Noonan,ND,2026-01-06
CUST_07160,Ian Solomon,ian.solomon@aol.com,528.725.6324x184,Terra Bella,CA,2026-06-26
CUST_07161,Kimberly Thompson,kimberly.thompson@gmail.com,352-585-9479x97538,Kenosha,WI,2025-02-20
CUST_07162,Janice Walker,janice.walker@outlook.com,001-251-749-8406x7916,Cherry Creek,NY,2025-12-09
CUST_07163,Stephanie Davis,stephanie.davis@gmail.com,721-587-7750,Harvel,IL,2024-06-19
CUST_07164,Joshua Medina,joshua.medina@gmail.com,(215)289-9280,Phoenix,AZ,2023-12-03
CUST_07165,Brandon Carter,brandon.carter@icloud.com,670.282.7508x877,Portland,OR,2025-04-23
CUST_07166,Dennis Johnson,dennis.johnson@yahoo.com,(909)711-6121x87800,Lumber City,GA,2023-12-18
CUST_07167,Charles James,charles.james@hotmail.com,563.827.4380,Quincy,MA,2025-08-31
CUST_07168,Mary Hendricks,mary.hendricks@yahoo.com,+1-331-820-7019x6390,Belleville,KS,2025-11-10
CUST_07169,Elizabeth Campbell,elizabeth.campbell@hotmail.com,+1-606-564-6222x6702,Saint Joseph,MO,2025-11-14
CUST_07170,Stacy Cox,stacy.cox@aol.com,456-660-9689x4906,Sacramento,CA,2024-07-23
CUST_07171,Cheryl Jones,cheryl.jones@yahoo.com,+1-638-329-3267,Fpo,AE,2026-07-03
CUST_07172,Christopher Howe,christopher.howe@yahoo.com,493-671-4862x08305,Brick,NJ,2025-10-31
CUST_07173,Jill Adams,jill.adams@yahoo.com,942-682-5839x12697,Sierra Blanca,TX,2024-12-27
CUST_07174,Alexander Yang,alexander.yang@gmail.com,(382)997-6882x216,Coosada,AL,2026-01-28
CUST_07175,Jill Donovan,jill.donovan@gmail.com,001-686-403-0787x75599,North Las Vegas,NV,2023-10-13
CUST_07176,Katie Dennis,katie.dennis@outlook.com,440-518-9474x129,Archer,NE,2025-09-17
CUST_07177,Sonya Sanchez,sonya.sanchez@yahoo.com,811-338-8192x4166,Longwood,FL,2024-12-28
CUST_07178,Douglas Roberts,douglas.roberts@hotmail.com,+1-398-827-0725x858,Pigeon,MI,2026-02-21
CUST_07179,Robert Freeman,robert.freeman@yahoo.com,+1-866-632-2231x892,Forest Park,IL,2026-01-23
CUST_07180,Kristen Myers,kristen.myers@gmail.com,+1-488-569-8844x4149,Woodway,TX,2025-09-22
CUST_07181,Scott Jackson,scott.jackson@gmail.com,001-543-291-2507,Pineville,LA,2025-10-05
CUST_07182,Ashley Jones,ashley.jones@aol.com,320.280.2907x05964,Green Cove Springs,FL,2025-03-24
CUST_07183,Stephen Williams,stephen.williams@hotmail.com,(577)502-4820x34970,Harold,KY,2024-12-10
CUST_07184,Beverly Moreno,beverly.moreno@hotmail.com,001-656-985-7582,Bruceton Mills,WV,2026-06-21
CUST_07185,Emily Sutton,emily.sutton@aol.com,(912)654-0472,Gay,GA,2025-01-05
CUST_07186,Calvin Park,calvin.park@yahoo.com,(735)488-3892,Tishomingo,OK,2026-05-14
CUST_07187,Matthew Walker,matthew.walker@icloud.com,5598923446,Sonora,TX,2024-01-20
CUST_07188,Alan Horne,alan.horne@aol.com,+1-401-210-4118x77029,Eden,NY,2025-11-06
CUST_07189,Makayla Gray,makayla.gray@icloud.com,983.328.2475x6573,Charlotte,NC,2024-10-01
CUST_07190,Patricia Williams,patricia.williams@yahoo.com,+1-494-230-8096,Reston,VA,2024-09-11
CUST_07191,Jay Williams,jay.williams@icloud.com,001-643-547-0641x875,Windham,ME,2025-04-30
CUST_07192,Andres Villanueva,andres.villanueva@hotmail.com,525-606-3928,Scottdale,PA,2026-08-03
CUST_07193,Amber Velasquez,amber.velasquez@aol.com,338-559-9738x1090,Martville,NY,2026-06-01
CUST_07194,Madison Clark,madison.clark@outlook.com,310-730-4476x9905,French Lick,IN,2026-04-13
CUST_07195,Timothy Wright,timothy.wright@outlook.com,371-837-0341x74242,Rule,TX,2024-06-15
CUST_07196,Melissa Harris,melissa.harris@aol.com,(752)910-0369x8318,Wedderburn,OR,2025-01-20
CUST_07197,Paul Kramer,paul.kramer@outlook.com,313-501-6313x968,Viola,AR,2026-03-14
CUST_07198,Natalie Swanson,natalie.swanson@outlook.com,001-286-651-1575x69665,Fort Myers,FL,2025-05-07
CUST_07199,Kathleen Carrillo,kathleen.carrillo@hotmail.com,6156777488,Syracuse,NY,2025-01-26
CUST_07200,Alan Jimenez,alan.jimenez@hotmail.com,937.595.1686,Roland,IA,2024-07-20
CUST_07201,Brianna Camacho,brianna.camacho@yahoo.com,001-515-362-7440x1123,Cumberland,NC,2025-10-07
CUST_07202,Abigail Palmer,abigail.palmer@icloud.com,+1-246-778-5732x021,Lewisville,TX,2024-09-01
CUST_07203,Jeffrey Cox,jeffrey.cox@gmail.com,001-229-740-0199x9055,Belsano,PA,2023-09-23
CUST_07204,Patrick Brooks,patrick.brooks@outlook.com,959.725.9693x90240,Gibson,PA,2025-05-13
CUST_07205,Thomas Powell,thomas.powell@gmail.com,249.401.8797,Snyder,CO,2026-02-02
CUST_07206,Christopher Young,christopher.young@yahoo.com,(709)275-1418x630,Milwaukee,WI,2025-03-10
CUST_07207,Stephanie Ford,stephanie.ford@aol.com,+1-484-544-6048x3419,Tuntutuliak,AK,2026-01-08
CUST_07208,Seth Griffin,seth.griffin@outlook.com,(271)428-6580x82367,Girard,KS,2026-06-02
CUST_07209,Kenneth Gonzalez,kenneth.gonzalez@gmail.com,(312)404-8694x924,Albany,NY,2024-01-24
CUST_07210,Michelle Gill,michelle.gill@icloud.com,845-298-5490x9524,Pleasant Mills,IN,2023-11-21
CUST_07211,Todd Martinez,todd.martinez@yahoo.com,001-383-866-9815,Prewitt,NM,2023-10-12
CUST_07212,Evan Nelson,evan.nelson@outlook.com,5596161039,Loleta,CA,2023-10-02
CUST_07213,Ruth Mclean,ruth.mclean@yahoo.com,564-219-7855x3377,Ewing,VA,2025-02-21
CUST_07214,Lisa Meyers,lisa.meyers@gmail.com,(750)448-9808x6045,Saint Johns,FL,2025-08-14
CUST_07215,Amy Lopez,amy.lopez@outlook.com,(725)872-5454,Hopland,CA,2025-08-22
CUST_07216,Dana Benitez,dana.benitez@outlook.com,(437)205-5182x63597,Apo,AP,2024-03-19
CUST_07217,Allison Pitts,allison.pitts@outlook.com,(241)693-4087x1395,East Tallassee,AL,2024-05-26
CUST_07218,Erin Jones,erin.jones@outlook.com,465.520.0361,Fort Wayne,IN,2025-08-01
CUST_07219,Sandra Hebert,sandra.hebert@icloud.com,493.442.8191,Mineral,TX,2025-08-26
CUST_07220,Andrew Barajas,andrew.barajas@aol.com,7955065139,Bass Lake,CA,2024-02-01
CUST_07221,Dale Ruiz,dale.ruiz@hotmail.com,806.577.1285x96880,Parrott,GA,2026-04-05
CUST_07222,Philip Carr,philip.carr@icloud.com,638.903.9888x819,Eden Valley,MN,2026-01-09
CUST_07223,Joshua Kelley,joshua.kelley@gmail.com,001-814-630-4635x69606,Seven Valleys,PA,2024-03-24
CUST_07224,Todd Bailey,todd.bailey@aol.com,001-414-466-5541x6395,Lawton,OK,2026-03-27
CUST_07225,Ashley Mitchell,ashley.mitchell@gmail.com,+1-714-903-1094x791,Smithfield,VA,2024-12-02
CUST_07226,Fernando Campbell,fernando.campbell@aol.com,(354)484-5669x25899,Warnerville,NY,2025-09-16
CUST_07227,Marissa Branch,marissa.branch@outlook.com,597-363-8720x532,Rockville Centre,NY,2024-12-11
CUST_07228,Patricia Brooks,patricia.brooks@yahoo.com,(505)984-8002x1947,Donald,OR,2026-03-27
CUST_07229,Alyssa Hicks,alyssa.hicks@icloud.com,331.634.9628x1516,Atlanta,GA,2023-11-03
CUST_07230,Tracy Roth,tracy.roth@yahoo.com,(480)733-4243x1417,Columbia,SC,2025-05-19
CUST_07231,Jason Henry,jason.henry@icloud.com,353.836.1607,Buckhorn,KY,2025-10-31
CUST_07232,Nicholas Torres,nicholas.torres@icloud.com,702.346.8381,Panna Maria,TX,2025-06-14
CUST_07233,Aaron Armstrong,aaron.armstrong@yahoo.com,9145058813,Enfield,NC,2024-12-14
CUST_07234,Brittany Garza,brittany.garza@icloud.com,+1-202-612-5067x278,Stone Mountain,GA,2025-05-18
CUST_07235,Gregory Elliott,gregory.elliott@aol.com,939-315-5468x843,St Thomas,VI,2024-11-21
CUST_07236,Yolanda Key,yolanda.key@outlook.com,6468198757,Easton,MD,2025-04-26
CUST_07237,Nicole Barron,nicole.barron@gmail.com,792.851.9420,Montana Mines,WV,2024-10-04
CUST_07238,Michael Johnson,michael.johnson@aol.com,225-598-0119,Wacissa,FL,2024-10-24
CUST_07239,Patrick Castillo,patrick.castillo@aol.com,+1-259-897-4712x32548,Washington,DC,2024-08-01
CUST_07240,Jack Shannon,jack.shannon@outlook.com,+1-658-430-7245,Apple Grove,WV,2025-01-01
CUST_07241,Gina Harrington,gina.harrington@aol.com,408.588.5703x13998,Geyserville,CA,2024-05-15
CUST_07242,Dwayne Henry,dwayne.henry@yahoo.com,200-555-0656,Seattle,WA,2026-05-09
CUST_07243,Richard Wilson,richard.wilson@outlook.com,001-401-356-7267x175,Des Moines,IA,2025-02-02
CUST_07244,James Williams,james.williams@gmail.com,(652)210-7084,Kenton,KY,2026-02-28
CUST_07245,Ryan Campbell,ryan.campbell@outlook.com,632-232-5142,South Lake Tahoe,CA,2024-06-12
CUST_07246,Ellen Murphy,ellen.murphy@outlook.com,451.662.6212,Laytonville,CA,2024-06-12
CUST_07247,Gary Powell,gary.powell@hotmail.com,+1-638-387-8278x30140,Saint Johns,MI,2024-06-01
CUST_07248,Timothy Greene,timothy.greene@outlook.com,+1-425-626-3324x714,Gueydan,LA,2026-08-11
CUST_07249,Daniel Montoya,daniel.montoya@gmail.com,001-364-334-7070x8433,Sandyville,OH,2024-10-17
CUST_07250,Kelly Calhoun,kelly.calhoun@hotmail.com,+1-675-517-3194x50473,Black,MO,2025-07-31
CUST_07251,Melvin Joseph,melvin.joseph@gmail.com,957.631.8322,Palatine,IL,2024-06-30
CUST_07252,James Harrison,james.harrison@aol.com,(461)900-3401x201,Jacobs Creek,PA,2025-04-21
CUST_07253,Tiffany Villegas,tiffany.villegas@hotmail.com,(929)900-0675x78372,Dividing Creek,NJ,2026-04-29
CUST_07254,Jessica Cox,jessica.cox@hotmail.com,001-463-457-0251x9632,Alexandria,VA,2025-04-21
CUST_07255,Robert Coleman,robert.coleman@yahoo.com,664.842.6390x4143,Boulder,CO,2026-05-15
CUST_07256,Joshua Baldwin,joshua.baldwin@outlook.com,001-592-416-3707,Jacksonville,FL,2025-10-25
CUST_07257,Mary Hill,mary.hill@yahoo.com,418-456-3964,Colorado Springs,CO,2026-08-10
CUST_07258,William Nash,william.nash@hotmail.com,3616696142,Princeton,ME,2024-01-09
CUST_07259,Jessica Schroeder,jessica.schroeder@gmail.com,231-259-0629,Kansas,OH,2023-10-20
CUST_07260,Leah Mccarthy,leah.mccarthy@hotmail.com,508.297.9492x0795,Westbrookville,NY,2024-08-11
CUST_07261,Christina Wilson,christina.wilson@hotmail.com,541-430-4941,Sheboygan,WI,2024-01-06
CUST_07262,Brandon Rodriguez,brandon.rodriguez@gmail.com,3228221883,Cordova,MD,2024-02-16
CUST_07263,Crystal Jones,crystal.jones@hotmail.com,(408)459-1527x079,Frostproof,FL,2026-07-01
CUST_07264,Ronald Garcia,ronald.garcia@icloud.com,001-834-581-1013,Apo,AE,2025-11-14
CUST_07265,Joseph Smith,joseph.smith@yahoo.com,343-231-1912,Vermilion,OH,2023-09-11
CUST_07266,Christopher Smith,christopher.smith@yahoo.com,993-682-1906x07132,Rosser,TX,2024-12-15
CUST_07267,Joseph Robinson,joseph.robinson@aol.com,(993)796-2355,San Francisco,CA,2023-12-24
CUST_07268,Katie Adams,katie.adams@yahoo.com,001-590-983-5848x2799,Fort Recovery,OH,2026-06-28
CUST_07269,Heidi Chavez,heidi.chavez@outlook.com,(617)730-1796,New York,NY,2024-08-17
CUST_07270,Kathryn Michael,kathryn.michael@aol.com,001-598-447-6614x406,Dale,NY,2026-03-30
CUST_07271,Michael Ferguson,michael.ferguson@hotmail.com,(372)663-1993x889,Sharon Hill,PA,2025-10-03
CUST_07272,Shelly Dalton,shelly.dalton@gmail.com,+1-462-656-2675,Rockford,IL,2023-08-31
CUST_07273,Melissa Macias,melissa.macias@hotmail.com,944-649-9988,Minneapolis,MN,2024-04-15
CUST_07274,Thomas Swanson,thomas.swanson@yahoo.com,+1-201-621-5779,Bostwick,GA,2026-04-12
CUST_07275,John Burton,john.burton@icloud.com,+1-748-979-1376x4227,Pearl,MS,2023-11-22
CUST_07276,Maria Cox,maria.cox@yahoo.com,(795)550-0643,Erie,PA,2024-08-03
CUST_07277,Joseph Choi,joseph.choi@yahoo.com,648.332.5611x736,Sandborn,IN,2025-06-12
CUST_07278,Kristen Anderson,kristen.anderson@gmail.com,235-906-8969x4753,Amenia,NY,2024-10-24
CUST_07279,Summer White,summer.white@icloud.com,797-828-1050x0750,Morongo Valley,CA,2024-01-03
CUST_07280,Kevin Mullins,kevin.mullins@hotmail.com,+1-388-941-7327x809,Atlanta,LA,2025-01-21
CUST_07281,Margaret Burgess,margaret.burgess@outlook.com,+1-670-434-1311x980,Valley Forge,PA,2026-08-01
CUST_07282,Heather Lee,heather.lee@aol.com,+1-907-790-6845x0182,Forbes,MN,2024-08-09
CUST_07283,Paul Nguyen,paul.nguyen@outlook.com,437-275-3994,Snoqualmie Pass,WA,2026-04-27
CUST_07284,Donald White,donald.white@aol.com,863-344-5580x394,Rolla,MO,2025-12-06
CUST_07285,Dalton Hansen,dalton.hansen@yahoo.com,3729143172,Sesser,IL,2025-02-15
CUST_07286,Lindsay Townsend,lindsay.townsend@icloud.com,748.777.1063x821,Rosemount,MN,2026-06-25
CUST_07287,Rita Cruz,rita.cruz@yahoo.com,296-873-4069,Bethune,SC,2026-06-15
CUST_07288,Linda Allen,linda.allen@gmail.com,9515760882,Newark,NJ,2026-04-30
CUST_07289,Tracy Boyer,tracy.boyer@icloud.com,470-451-2380,Prairie City,IL,2025-11-21
CUST_07290,Matthew Harper,matthew.harper@gmail.com,+1-592-759-8805x209,Montrose,NY,2025-08-09
CUST_07291,Nicholas Smith,nicholas.smith@aol.com,+1-263-284-8330,Le Roy,KS,2025-11-16
CUST_07292,Amy Lewis,amy.lewis@hotmail.com,+1-313-360-1011x720,Todd,PA,2026-05-09
CUST_07293,Andrea Elliott,andrea.elliott@yahoo.com,001-346-468-5150x852,Big Bar,CA,2025-03-11
CUST_07294,Angela Lucas,angela.lucas@outlook.com,5592403519,Big Lake,AK,2025-07-25
CUST_07295,Cassandra Hicks,cassandra.hicks@gmail.com,879.419.1980x761,Fpo,AP,2024-04-10
CUST_07296,Thomas Smith,thomas.smith@outlook.com,001-342-369-8362x156,Pomeroy,WA,2025-05-09
CUST_07297,John Becker,john.becker@gmail.com,852.423.6256,Abernant,AL,2024-04-14
CUST_07298,Jorge Medina,jorge.medina@aol.com,954-552-0250x1650,Mount Pleasant,MS,2025-10-06
CUST_07299,Paula Sanders,paula.sanders@outlook.com,+1-794-741-1464x510,Santa Barbara,CA,2025-05-01
CUST_07300,Kendra Mccullough,kendra.mccullough@yahoo.com,(259)564-2737x631,Hannastown,PA,2024-05-02
CUST_07301,Holly Landry,holly.landry@yahoo.com,761-910-0355x4073,Weatherly,PA,2026-03-20
CUST_07302,Tristan Rivera,tristan.rivera@aol.com,+1-707-572-3881,Washington,DC,2025-10-22
CUST_07303,Debra Taylor,debra.taylor@icloud.com,203-338-5163,Athol,ID,2024-01-18
CUST_07304,Crystal Hudson,crystal.hudson@hotmail.com,8939717510,Derrick City,PA,2024-11-26
CUST_07305,Brandon Perez,brandon.perez@aol.com,905-905-3476,Iona,MN,2025-06-30
CUST_07306,David Stewart,david.stewart@hotmail.com,(309)673-0557x586,Tyler,TX,2025-01-23
CUST_07307,Karen Adams,karen.adams@outlook.com,316-935-0153x450,Cocoa Beach,FL,2026-08-26
CUST_07308,Heather Park,heather.park@icloud.com,+1-228-454-4379,Woodstock,MD,2025-08-14
CUST_07309,Nicholas Esparza,nicholas.esparza@yahoo.com,+1-389-604-1256,Hialeah,FL,2024-08-18
CUST_07310,Hayden Murray,hayden.murray@aol.com,001-484-345-9824x9469,Altenburg,MO,2024-03-04
CUST_07311,Amanda Price,amanda.price@icloud.com,(854)678-4564x992,Axtell,KS,2023-11-07
CUST_07312,Jeremy Wright,jeremy.wright@hotmail.com,001-696-472-4291x19882,Plumtree,NC,2026-01-03
CUST_07313,Anne Rivera,anne.rivera@yahoo.com,+1-588-737-6931x4752,Glen Rock,NJ,2023-11-13
CUST_07314,Nicole Campbell,nicole.campbell@yahoo.com,775.409.1690x8445,Bay Saint Louis,MS,2025-12-25
CUST_07315,Kristina Hall,kristina.hall@outlook.com,(741)319-3777x37711,Montgomery,AL,2024-09-24
CUST_07316,Elizabeth Richards,elizabeth.richards@yahoo.com,849.274.1006,Honea Path,SC,2026-03-15
CUST_07317,Dawn Mckay,dawn.mckay@outlook.com,4774113824,Ulysses,NE,2025-02-09
CUST_07318,Paul Johnson,paul.johnson@gmail.com,(500)325-3681,West Point,CA,2024-10-25
CUST_07319,Michael Sanders,michael.sanders@gmail.com,535-308-7713x349,Round Rock,TX,2025-09-10
CUST_07320,Douglas Marshall,douglas.marshall@yahoo.com,+1-308-318-3375,Iowa City,IA,2024-07-02
CUST_07321,Daniel Nash,daniel.nash@hotmail.com,(483)747-9904,Louisville,KY,2025-12-20
CUST_07322,Courtney James,courtney.james@icloud.com,+1-306-694-9590x6369,Huntington,WV,2024-09-17
CUST_07323,Shannon Wilson,shannon.wilson@gmail.com,+1-346-427-0607x5832,Gordon,PA,2023-10-06
CUST_07324,Alicia Griffin,alicia.griffin@outlook.com,001-987-664-8686x974,Cement City,MI,2024-03-11
CUST_07325,Courtney Marshall,courtney.marshall@yahoo.com,001-954-443-7213x30838,Bartlett,NH,2025-10-26
CUST_07326,Dominique Grant,dominique.grant@hotmail.com,7548262258,Stroh,IN,2026-02-09
CUST_07327,Monique Orozco,monique.orozco@gmail.com,368.369.0774x615,Marengo,OH,2026-02-19
CUST_07328,Steven Hobbs,steven.hobbs@aol.com,001-223-686-2653,Houston,TX,2024-02-04
CUST_07329,Melanie Williams,melanie.williams@outlook.com,8134620679,Andover,IL,2024-06-29
CUST_07330,Thomas Robinson,thomas.robinson@hotmail.com,532.273.8069,Helenwood,TN,2026-01-31
CUST_07331,Charles Schmidt,charles.schmidt@yahoo.com,5828180174,Boston,VA,2026-07-16
CUST_07332,Evan Matthews,evan.matthews@gmail.com,595-741-3401x649,Bismarck,ND,2025-09-27
CUST_07333,Dawn Ali,dawn.ali@icloud.com,3805131577,Levels,WV,2026-06-23
CUST_07334,Nathan Foster,nathan.foster@outlook.com,(329)356-8202,Mount Berry,GA,2025-04-25
CUST_07335,Jason Ballard,jason.ballard@hotmail.com,307.835.1858x220,Arrow Rock,MO,2025-11-29
CUST_07336,Jeffrey Lin,jeffrey.lin@icloud.com,+1-809-570-8639x1939,Rockport,MA,2023-10-22
CUST_07337,Cheryl Watson,cheryl.watson@icloud.com,549.510.8481x0714,Morganville,NJ,2024-08-21
CUST_07338,Crystal Hamilton,crystal.hamilton@aol.com,+1-420-861-0624x222,Billings,MT,2026-01-12
CUST_07339,Richard Johnson,richard.johnson@outlook.com,778.724.1394,Mayville,WI,2026-03-31
CUST_07340,Joseph Miller,joseph.miller@outlook.com,+1-798-328-9438,Fresno,CA,2026-02-18
CUST_07341,Cynthia Henry,cynthia.henry@yahoo.com,608.667.4458x77054,Mount Holly,VA,2024-06-29
CUST_07342,Jason Mullins,jason.mullins@hotmail.com,(373)901-8633x99245,Marietta,GA,2024-04-01
CUST_07343,Chloe Kane,chloe.kane@hotmail.com,692-641-1284,Port Republic,NJ,2026-02-10
CUST_07344,Alexander Gates,alexander.gates@aol.com,519-587-2764,Cincinnati,OH,2026-03-13
CUST_07345,Joseph Adams,joseph.adams@gmail.com,(214)744-6300,Keytesville,MO,2025-05-06
CUST_07346,Kristin Macdonald,kristin.macdonald@outlook.com,(962)486-4172x712,Milltown,IN,2025-01-18
CUST_07347,Kristin Fuentes,kristin.fuentes@outlook.com,266.574.1488,Everson,WA,2024-08-13
CUST_07348,Jesse Johnson,jesse.johnson@gmail.com,001-252-891-4745,Lelia Lake,TX,2025-12-25
CUST_07349,Timothy Neal,timothy.neal@icloud.com,3969168726,Lewisville,TX,2024-08-08
CUST_07350,Warren Anderson,warren.anderson@outlook.com,+1-397-660-6302,Worcester,MA,2024-01-24
CUST_07351,Krystal Murray,krystal.murray@aol.com,001-565-799-2840x26602,Winterhaven,CA,2023-12-20
CUST_07352,Mark Kerr,mark.kerr@outlook.com,845.567.9331,Madden,MS,2024-01-25
CUST_07353,Stephanie Tyler,stephanie.tyler@yahoo.com,001-281-287-2469,Helena,AR,2023-11-05
CUST_07354,Kyle Davidson,kyle.davidson@outlook.com,001-626-255-8299x8685,Panama City,FL,2025-12-05
CUST_07355,Richard Hunter,richard.hunter@gmail.com,(873)396-4345x71384,Peachtree Corners,GA,2026-03-25
CUST_07356,Madison Wang,madison.wang@hotmail.com,534-700-9718,Brandt,SD,2024-12-08
CUST_07357,Connor Diaz,connor.diaz@yahoo.com,7195805819,New York,NY,2026-04-06
CUST_07358,Matthew Miller,matthew.miller@hotmail.com,001-502-888-9216x795,Cordova,MD,2025-01-03
CUST_07359,Hunter Kaiser,hunter.kaiser@gmail.com,001-203-293-2091,Milton,NC,2025-05-25
CUST_07360,Katherine Paul,katherine.paul@aol.com,396-767-7608,Newburg,WI,2025-11-06
CUST_07361,Andrea Jackson,andrea.jackson@yahoo.com,(815)856-1590x008,Taylor,NE,2024-06-03
CUST_07362,Jennifer Diaz,jennifer.diaz@yahoo.com,286.701.2537x844,Amarillo,TX,2024-09-20
CUST_07363,Janice Cunningham,janice.cunningham@gmail.com,568.544.2876x532,Weldon,IL,2024-12-22
CUST_07364,Keith Barrett,keith.barrett@icloud.com,574.905.9959,Cosmos,MN,2023-10-04
CUST_07365,Peter Nielsen,peter.nielsen@yahoo.com,001-970-595-9417,Mendon,MA,2025-07-04
CUST_07366,Angela Martin,angela.martin@icloud.com,4548874973,Moxahala,OH,2025-08-20
CUST_07367,Linda Klein,linda.klein@yahoo.com,2223535613,Miami,FL,2024-03-22
CUST_07368,Amber Blair,amber.blair@yahoo.com,(961)818-3969x895,Tyngsboro,MA,2023-09-20
CUST_07369,Christopher Conway,christopher.conway@outlook.com,(583)929-6961x6716,North Smithfield,RI,2024-09-03
CUST_07370,Stephen Fisher,stephen.fisher@gmail.com,(486)843-5340,Washington,DC,2024-02-17
CUST_07371,Jeffrey Powell,jeffrey.powell@outlook.com,+1-858-906-5151,Boulder,CO,2025-07-11
CUST_07372,John Robbins,john.robbins@outlook.com,001-970-497-9192x59778,Jesup,IA,2025-12-16
CUST_07373,Brenda Hutchinson,brenda.hutchinson@gmail.com,6998769188,Wells,MN,2023-12-28
CUST_07374,Eugene Avery,eugene.avery@hotmail.com,740.942.3634x96623,Wilkes Barre,PA,2025-01-10
CUST_07375,Renee Williams,renee.williams@gmail.com,931.969.3457,North Woodstock,NH,2023-08-31
CUST_07376,Fernando Martin,fernando.martin@yahoo.com,+1-261-412-4281x4771,Bourg,LA,2024-08-03
CUST_07377,Robert Hunt,robert.hunt@icloud.com,+1-588-297-1713x02465,Elma,IA,2023-12-20
CUST_07378,Nicole King,nicole.king@hotmail.com,001-591-694-6836x09372,Charlotte,NC,2025-07-05
CUST_07379,Kimberly Garcia,kimberly.garcia@icloud.com,894.492.5927x4759,Woodland,WI,2023-11-09
CUST_07380,Jeffrey Johnson,jeffrey.johnson@hotmail.com,(635)356-8714,Freeport,MI,2025-10-20
CUST_07381,Katelyn Carter,katelyn.carter@yahoo.com,001-898-232-4703,Syracuse,NY,2024-08-26
CUST_07382,Virginia Douglas,virginia.douglas@icloud.com,(445)633-3797x6516,Davenport,NE,2025-06-23
CUST_07383,Angela Smith,angela.smith@yahoo.com,969.714.1526,Seville,FL,2026-03-29
CUST_07384,Vanessa Morris,vanessa.morris@hotmail.com,+1-989-782-9917x75271,Lancaster,CA,2025-07-23
CUST_07385,Kim Beard,kim.beard@gmail.com,216.507.4179x51460,Lionville,PA,2023-09-26
CUST_07386,Paul Davis,paul.davis@outlook.com,+1-309-778-4728x937,Milwaukee,WI,2023-11-11
CUST_07387,Jeremiah Gonzalez,jeremiah.gonzalez@aol.com,001-693-374-6134x844,Lakeland,FL,2026-01-12
CUST_07388,Randall Buchanan,randall.buchanan@icloud.com,001-800-289-1685x326,Morristown,OH,2025-05-28
CUST_07389,Kiara Nguyen,kiara.nguyen@outlook.com,247.396.7070,Rustburg,VA,2023-10-22
CUST_07390,John Murphy,john.murphy@aol.com,597-891-9907x4230,Sioux Falls,SD,2025-03-06
CUST_07391,Shannon Garcia,shannon.garcia@aol.com,501-834-6992x6430,Lake View,IA,2025-09-26
CUST_07392,John Smith,john.smith@hotmail.com,(645)579-7242,Moran,KS,2026-04-08
CUST_07393,Michael Daniels,michael.daniels@gmail.com,961.288.3139,Asher,KY,2024-10-07
CUST_07394,Tiffany Valentine,tiffany.valentine@yahoo.com,365-911-8097x5643,Dallas,WI,2024-04-18
CUST_07395,William Kaiser,william.kaiser@gmail.com,+1-694-442-5891x959,Bush,LA,2025-07-04
CUST_07396,Ricardo Olson,ricardo.olson@outlook.com,(951)755-9686x752,Poulsbo,WA,2025-10-28
CUST_07397,Joe Garrison,joe.garrison@gmail.com,001-645-746-4683x099,Smilax,KY,2024-04-18
CUST_07398,Jasmine Padilla,jasmine.padilla@outlook.com,699-347-0225x0968,Fowlstown,GA,2026-06-08
CUST_07399,Edward Mcdonald,edward.mcdonald@yahoo.com,(623)430-3552,Hope,MI,2025-06-25
CUST_07400,Michelle Morgan,michelle.morgan@hotmail.com,427.817.4619x00476,La Rue,OH,2024-01-29
CUST_07401,Renee Garcia,renee.garcia@outlook.com,907-780-0461,Vesta,VA,2024-03-13
CUST_07402,Pamela Reilly,pamela.reilly@icloud.com,7813041605,Fpo,AP,2026-05-22
CUST_07403,Andrew Scott,andrew.scott@yahoo.com,5279024849,Monticello,AR,2026-08-30
CUST_07404,Jose Ellis,jose.ellis@aol.com,(536)501-6160,Deepwater,NJ,2024-07-28
CUST_07405,Ryan Oneill,ryan.oneill@outlook.com,001-582-312-6489x1510,New Orleans,LA,2023-12-04
CUST_07406,Nicole Smith,nicole.smith@outlook.com,265-287-8423x308,San Diego,CA,2024-12-11
CUST_07407,Alexis Robertson,alexis.robertson@hotmail.com,981.852.3494x9061,Kansas City,MO,2025-09-12
CUST_07408,Jonathan Adkins,jonathan.adkins@outlook.com,+1-423-534-0178x426,Rock Island,WA,2025-11-05
CUST_07409,Adam Gilbert,adam.gilbert@hotmail.com,(326)981-8948x973,Norwell,MA,2024-01-26
CUST_07410,Brian Becker,brian.becker@outlook.com,(954)891-4127x296,West Danville,VT,2023-09-18
CUST_07411,Susan Ali,susan.ali@yahoo.com,264.842.3760x3033,Lyons,NJ,2026-05-26
CUST_07412,Ray Matthews,ray.matthews@yahoo.com,5767085911,Orient,IL,2023-11-12
CUST_07413,Annette Bowers,annette.bowers@outlook.com,237.721.6649x8492,Pfeifer,KS,2026-05-16
CUST_07414,Cheryl Floyd,cheryl.floyd@hotmail.com,270.744.4710x709,Aroma Park,IL,2025-02-10
CUST_07415,Aaron Mcclain,aaron.mcclain@icloud.com,382.604.5520x109,Williamsburg,MI,2025-11-20
CUST_07416,Robin Miller,robin.miller@aol.com,699.498.0665,Crandall,IN,2024-09-15
CUST_07417,Steven Kaufman,steven.kaufman@icloud.com,(581)288-8077x5068,Long Beach,CA,2024-01-22
CUST_07418,Diana Monroe,diana.monroe@icloud.com,001-393-813-2602x954,Saratoga,CA,2024-03-13
CUST_07419,Randy Navarro,randy.navarro@gmail.com,988-595-5744x96116,Mcconnelsville,OH,2023-11-21
CUST_07420,Mary Nelson,mary.nelson@outlook.com,496-899-4502x6063,Ellsworth,PA,2024-09-18
CUST_07421,Justin Knox,justin.knox@hotmail.com,+1-513-581-3935x01918,Maple,NC,2024-09-07
CUST_07422,Kristina Guzman,kristina.guzman@yahoo.com,428-684-8016,Richlandtown,PA,2026-08-06
CUST_07423,Cassandra Jones,cassandra.jones@gmail.com,202-873-8306x437,El Paso,TX,2025-11-04
CUST_07424,Elizabeth Richard,elizabeth.richard@outlook.com,465.458.1923,Bethesda,MD,2024-02-23
CUST_07425,Randy Garcia,randy.garcia@icloud.com,937-807-3588x92023,Washington,DC,2024-12-08
CUST_07426,Rebecca Hall,rebecca.hall@outlook.com,307.705.6753,Las Vegas,NV,2024-09-05
CUST_07427,Heather Martinez,heather.martinez@outlook.com,(788)792-1772x3555,Wallingford,KY,2026-01-05
CUST_07428,Luke Bailey,luke.bailey@yahoo.com,(230)371-1207,Purvis,MS,2026-02-07
CUST_07429,Megan Burns,megan.burns@outlook.com,(431)502-6319x157,Siloam,NC,2025-09-24
CUST_07430,Jay Leonard,jay.leonard@aol.com,+1-958-770-8367,Bentonia,MS,2025-05-14
CUST_07431,Kelly Watts,kelly.watts@gmail.com,764-278-0360x09226,Neoga,IL,2026-06-22
CUST_07432,James Murray,james.murray@icloud.com,389-527-6061x0798,Malvern,AL,2023-09-01
CUST_07433,Jo Owens,jo.owens@aol.com,893-688-4803,Hilo,HI,2026-05-15
CUST_07434,Emily Bennett,emily.bennett@gmail.com,911-555-7497x64585,Fort Worth,TX,2024-11-21
CUST_07435,Tyler Peters,tyler.peters@yahoo.com,+1-536-671-8249x375,Colorado Springs,CO,2025-08-03
CUST_07436,Nicole Sullivan,nicole.sullivan@yahoo.com,+1-921-860-7858x76219,Breda,IA,2024-09-30
CUST_07437,Michaela Diaz,michaela.diaz@gmail.com,297-652-9065x460,Bassfield,MS,2024-10-01
CUST_07438,Madison Williams,madison.williams@outlook.com,(691)387-8744,Mantachie,MS,2024-02-05
CUST_07439,Jessica Bowers,jessica.bowers@gmail.com,762-652-1437x63632,Lakewood,WA,2024-05-18
CUST_07440,Edward Acosta,edward.acosta@icloud.com,(516)794-4685x80871,Ponchatoula,LA,2026-02-14
CUST_07441,Gregory Montgomery,gregory.montgomery@outlook.com,585-878-0848x0657,Phillips,NE,2024-04-23
CUST_07442,Cindy Lopez,cindy.lopez@outlook.com,(300)758-2091,Fort Collins,CO,2023-11-23
CUST_07443,Julia Avila,julia.avila@aol.com,286-960-8865,Ellamore,WV,2024-01-22
CUST_07444,Erika Wyatt,erika.wyatt@gmail.com,623-568-8850x24717,Taloga,OK,2026-07-10
CUST_07445,Kimberly Watson,kimberly.watson@aol.com,+1-562-674-9496,Votaw,TX,2026-03-15
CUST_07446,Kristin Powell,kristin.powell@hotmail.com,394.656.5210x8275,New Hudson,MI,2023-11-18
CUST_07447,Paul Mckee,paul.mckee@aol.com,(756)535-3936x068,Belleville,IL,2024-06-24
CUST_07448,Steven Gentry,steven.gentry@icloud.com,(738)895-7527x58419,Gilchrist,TX,2026-03-24
CUST_07449,Katherine Brown,katherine.brown@icloud.com,001-949-800-8853x9851,Branchville,VA,2025-01-10
CUST_07450,Sandra Cruz,sandra.cruz@yahoo.com,001-555-311-6155x33398,Fresno,CA,2024-02-17
CUST_07451,Terry Murphy,terry.murphy@gmail.com,001-378-965-8174x29611,Stamford,CT,2025-06-13
CUST_07452,Curtis Morgan,curtis.morgan@outlook.com,001-451-421-4794x397,Dover,KS,2024-08-03
CUST_07453,Ray Henson,ray.henson@gmail.com,825.207.1444,Bushnell,FL,2025-03-04
CUST_07454,Michael Richards,michael.richards@gmail.com,552.946.7661x4397,Langtry,TX,2026-07-10
CUST_07455,Brian Chambers,brian.chambers@yahoo.com,001-891-303-6811x1047,Alton,MO,2026-04-24
CUST_07456,James Butler,james.butler@yahoo.com,001-977-703-0026,Newport News,VA,2026-03-05
CUST_07457,Mark Walton,mark.walton@hotmail.com,+1-590-423-1353,Huachuca City,AZ,2025-05-11
CUST_07458,Stephanie Davis,stephanie.davis@aol.com,001-669-469-2789x05806,Cazadero,CA,2024-09-30
CUST_07459,Rebecca Miller,rebecca.miller@yahoo.com,988-206-2560x3668,Saint Petersburg,FL,2025-06-27
CUST_07460,Todd Meyer,todd.meyer@outlook.com,953.378.4794x8289,Conway,NC,2024-07-09
CUST_07461,James Garcia,james.garcia@yahoo.com,698-227-5514,Portsmouth,OH,2024-10-18
CUST_07462,Thomas Young,thomas.young@icloud.com,+1-847-354-7897x0276,Haslet,TX,2026-04-04
CUST_07463,Robin Anderson,robin.anderson@aol.com,001-930-428-9357x7525,Salem,NM,2026-04-28
CUST_07464,Rick White,rick.white@icloud.com,(625)254-3407,Rural Retreat,VA,2025-10-04
CUST_07465,Cynthia Heath,cynthia.heath@gmail.com,391.337.7128x333,Oneida,KS,2023-12-16
CUST_07466,George Baker,george.baker@gmail.com,725-643-0827x411,Scottsville,NY,2023-09-15
CUST_07467,Jennifer Pham,jennifer.pham@yahoo.com,486-560-9380x975,Topanga,CA,2025-04-17
CUST_07468,Juan Lee,juan.lee@gmail.com,(987)534-5768x7399,New London,WI,2026-01-17
CUST_07469,Brenda Sellers,brenda.sellers@gmail.com,3216072292,Berkeley,CA,2025-11-22
CUST_07470,Thomas Boyd,thomas.boyd@aol.com,431-865-9208,Childwold,NY,2023-12-03
CUST_07471,Tiffany Stone,tiffany.stone@outlook.com,(779)557-9736,North Jay,ME,2024-08-27
CUST_07472,Jeremiah Clark,jeremiah.clark@hotmail.com,785.492.9666,Scotland,PA,2023-11-30
CUST_07473,Robert Rose,robert.rose@aol.com,001-848-854-8165x820,Gobles,MI,2025-01-16
CUST_07474,Michael Nichols,michael.nichols@hotmail.com,+1-915-589-3990,Northport,AL,2026-01-21
CUST_07475,Carlos Stewart,carlos.stewart@yahoo.com,252.203.2548,Spraggs,PA,2025-05-30
CUST_07476,Joe Higgins,joe.higgins@gmail.com,969.577.3573x248,Opdyke,IL,2023-09-08
CUST_07477,John Barr,john.barr@outlook.com,001-907-871-5127x90428,El Paso,TX,2024-08-20
CUST_07478,Debra Rose,debra.rose@outlook.com,(703)299-0285x49327,Phoenix,AZ,2026-07-15
CUST_07479,Adam Padilla,adam.padilla@yahoo.com,+1-643-885-9155x8330,Whitewater,CA,2024-10-03
CUST_07480,Kenneth Johnson,kenneth.johnson@outlook.com,001-286-553-0561x248,Fort Collins,CO,2024-03-11
CUST_07481,Joseph Mitchell,joseph.mitchell@yahoo.com,001-429-860-7097x0961,Kirkwood,NY,2025-07-01
CUST_07482,John Reyes,john.reyes@aol.com,948-684-9102,Arcadia,MO,2025-07-05
CUST_07483,Megan Nelson,megan.nelson@yahoo.com,+1-692-774-5959x09758,Greenbelt,MD,2026-04-19
CUST_07484,Caleb Ford,caleb.ford@hotmail.com,001-654-410-1186x30619,Saint Cloud,MN,2024-01-18
CUST_07485,Tanya Best,tanya.best@hotmail.com,(880)997-9786x033,Mercer,ND,2025-09-21
CUST_07486,Monica Sawyer,monica.sawyer@outlook.com,477-966-2017,Orange City,FL,2024-05-23
CUST_07487,Brian Marshall,brian.marshall@outlook.com,+1-741-286-2555,Lahaina,HI,2026-04-11
CUST_07488,Richard Mccall,richard.mccall@yahoo.com,+1-735-519-6131,Chilton,TX,2025-10-24
CUST_07489,Maria Shepard,maria.shepard@hotmail.com,(629)494-5075x8364,Port Orford,OR,2024-09-30
CUST_07490,Sean Clark,sean.clark@outlook.com,001-381-591-7778,Hiller,PA,2023-11-05
CUST_07491,Tonya Le,tonya.le@gmail.com,001-254-796-2819,Reedsburg,WI,2026-08-11
CUST_07492,Marcus Hernandez,marcus.hernandez@gmail.com,+1-530-709-8198x924,Half Moon Bay,CA,2023-11-13
CUST_07493,Courtney Walker,courtney.walker@gmail.com,001-922-755-1305x2285,Alba,PA,2025-11-04
CUST_07494,William Rojas,william.rojas@hotmail.com,537-255-6809x2815,Yellow Pine,ID,2025-12-31
CUST_07495,Pamela Webb,pamela.webb@yahoo.com,001-656-376-4138x566,Glenn,CA,2024-10-23
CUST_07496,Rachel Wood,rachel.wood@aol.com,567-346-3792x9253,Durham,NC,2025-07-20
CUST_07497,Jose Cook,jose.cook@hotmail.com,9859881456,Hope,IN,2024-07-18
CUST_07498,Jody Wong,jody.wong@outlook.com,001-722-942-2920x5434,Kent City,MI,2026-01-16
CUST_07499,David Benitez,david.benitez@aol.com,+1-795-406-4201x03236,Grandview,TN,2023-11-15
CUST_07500,Jose Tucker,jose.tucker@outlook.com,(445)384-1259,Baltimore,MD,2024-07-08
CUST_07501,Jennifer Foster,jennifer.foster@outlook.com,764-907-0613x0566,Birmingham,AL,2024-11-15
CUST_07502,Samantha Hunter,samantha.hunter@icloud.com,(804)224-9065,Delano,CA,2024-03-28
CUST_07503,Yolanda Stewart,yolanda.stewart@gmail.com,+1-451-622-5956x930,Bonlee,NC,2024-01-19
CUST_07504,Jessica Fisher,jessica.fisher@hotmail.com,(342)422-5241x804,Birdsnest,VA,2025-03-08
CUST_07505,Sherry Shelton,sherry.shelton@yahoo.com,+1-614-437-2517x55442,Wilmington,DE,2025-04-03
CUST_07506,Samuel Estes,samuel.estes@outlook.com,(336)358-8650x3119,Model City,NY,2023-12-01
CUST_07507,Benjamin Ruiz,benjamin.ruiz@hotmail.com,+1-234-399-5959x06716,Longboat Key,FL,2024-04-16
CUST_07508,Kristen Barker,kristen.barker@gmail.com,(477)964-0650,Pierce City,MO,2024-06-07
CUST_07509,Teresa Ward,teresa.ward@outlook.com,518.376.3869x1828,Rushville,NY,2025-03-11
CUST_07510,Erik Kane,erik.kane@yahoo.com,001-515-298-9259x34165,Huntsville,TN,2025-05-04
CUST_07511,Mark Golden,mark.golden@icloud.com,3175795869,Longford,KS,2025-12-18
CUST_07512,Amy Bautista,amy.bautista@yahoo.com,4905512670,Turtle Creek,PA,2025-08-21
CUST_07513,Joseph Lee,joseph.lee@outlook.com,249-959-2635x84010,Soldier,KS,2024-01-29
CUST_07514,Katrina Mccoy,katrina.mccoy@gmail.com,+1-999-751-2097x73237,Sayre,OK,2025-09-30
CUST_07515,Elijah Fletcher,elijah.fletcher@yahoo.com,450-656-3289x70075,Beasley,TX,2024-08-04
CUST_07516,Nathaniel Johnson,nathaniel.johnson@hotmail.com,496-537-7256x1669,Soldier,KS,2024-12-12
CUST_07517,Sarah Knight,sarah.knight@hotmail.com,001-437-739-4445x099,Southeastern,PA,2026-02-02
CUST_07518,Julie Whitehead,julie.whitehead@aol.com,(358)333-3235,Norman,OK,2023-11-11
CUST_07519,Kenneth Garcia,kenneth.garcia@outlook.com,784-860-0196x60433,Inverness,FL,2025-02-24
CUST_07520,Anita Miller,anita.miller@yahoo.com,680-959-1064x45623,Denio,NV,2025-09-07
CUST_07521,Eric Smith,eric.smith@icloud.com,001-926-942-5598x72950,Fpo,AA,2024-07-02
CUST_07522,Ethan Burton,ethan.burton@gmail.com,572-751-0846,Garden Prairie,IL,2024-04-13
CUST_07523,Joshua Johnson,joshua.johnson@gmail.com,+1-385-504-5512x3170,Pensacola,FL,2025-10-29
CUST_07524,Krystal Sanchez,krystal.sanchez@outlook.com,(222)328-6969,Norris,SC,2024-12-29
CUST_07525,Ashley Sheppard,ashley.sheppard@gmail.com,822.817.1606x8575,Hewitt,TX,2025-10-14
CUST_07526,Steve Blackburn,steve.blackburn@hotmail.com,001-927-206-4424x1060,Parcel Return Service,DC,2024-04-24
CUST_07527,John Taylor,john.taylor@yahoo.com,429.997.4793,Odessa,TX,2023-12-18
CUST_07528,Robin Tyler,robin.tyler@yahoo.com,412-755-3604x8053,Irvine,CA,2026-01-04
CUST_07529,Nicolas Oconnor,nicolas.oconnor@hotmail.com,881-627-5127,Marblehead,MA,2024-11-03
CUST_07530,Kevin Mcguire,kevin.mcguire@hotmail.com,001-293-642-8609,Malone,WA,2024-03-31
CUST_07531,Vernon Waters,vernon.waters@hotmail.com,(582)773-4182x38600,El Paso,TX,2024-09-05
CUST_07532,Marcus Harvey,marcus.harvey@gmail.com,(565)962-8501,Greenville,SC,2026-07-11
CUST_07533,Gloria James,gloria.james@icloud.com,600.219.5385x6363,Harrison,OH,2024-07-04
CUST_07534,Dawn Oconnell,dawn.oconnell@hotmail.com,+1-823-429-6733x888,Tacoma,WA,2024-05-14
CUST_07535,Jason Ross,jason.ross@gmail.com,+1-533-376-0067x55824,Garrison,TX,2024-01-09
CUST_07536,Jonathan Villa,jonathan.villa@gmail.com,222-526-1658x251,Groom,TX,2024-07-25
CUST_07537,Alicia Smith,alicia.smith@icloud.com,+1-369-901-2532,Silver Spring,MD,2023-10-14
CUST_07538,Kayla Nelson,kayla.nelson@icloud.com,+1-450-885-4528x7823,Mossy Head,FL,2025-07-09
CUST_07539,Jennifer Simpson,jennifer.simpson@icloud.com,678.714.9103x773,House,NM,2025-06-10
CUST_07540,John Richmond,john.richmond@yahoo.com,4559980096,Springlake,TX,2024-08-24
CUST_07541,Eddie Short,eddie.short@outlook.com,2415843898,Beaumont,CA,2026-05-01
CUST_07542,Matthew Hall,matthew.hall@outlook.com,+1-416-900-9626x038,Whitsett,TX,2025-09-06
CUST_07543,William Melton,william.melton@gmail.com,301.438.4931x82914,Greenville,WI,2023-09-23
CUST_07544,Jennifer Walls,jennifer.walls@hotmail.com,797.922.4045,Commerce,GA,2024-02-13
CUST_07545,Michelle Meyer,michelle.meyer@aol.com,(588)933-9699x3048,Kansas City,MO,2024-04-12
CUST_07546,Renee Moody,renee.moody@hotmail.com,368-421-8746x45190,Wellsville,UT,2026-03-16
CUST_07547,Dennis Nelson,dennis.nelson@aol.com,422-687-5071,Santa Fe,TX,2025-12-14
CUST_07548,Nancy Dixon,nancy.dixon@icloud.com,(666)288-2099x1016,Gravity,IA,2025-03-02
CUST_07549,Kevin Love,kevin.love@yahoo.com,576.580.4186,Minnetonka Beach,MN,2024-01-10
CUST_07550,Bill Donaldson,bill.donaldson@aol.com,582.203.5920,Quinebaug,CT,2024-04-04
CUST_07551,Michelle Wilson,michelle.wilson@hotmail.com,457-803-3169,Powderhorn,CO,2024-07-31
CUST_07552,Melissa Mata,melissa.mata@icloud.com,(972)472-0679x596,Early,IA,2026-01-21
CUST_07553,Jason Haynes,jason.haynes@aol.com,001-739-513-9475x4336,Coeburn,VA,2025-10-29
CUST_07554,Michael Scott,michael.scott@yahoo.com,332-493-8909,Coal Mountain,WV,2025-09-21
CUST_07555,Jonathan Jackson,jonathan.jackson@yahoo.com,(896)826-4000x096,Houston,TX,2026-08-19
CUST_07556,David Perez,david.perez@gmail.com,216-632-0172x65794,Jackson,MS,2023-10-18
CUST_07557,Donna Barron,donna.barron@gmail.com,+1-832-214-5360x5786,Northridge,CA,2024-01-08
CUST_07558,Natalie Boone,natalie.boone@aol.com,+1-383-318-3659x618,Augusta,GA,2026-08-18
CUST_07559,Walter Oneill,walter.oneill@yahoo.com,206-622-0008x26219,Jefferson City,MO,2026-01-24
CUST_07560,Karen Holmes,karen.holmes@icloud.com,659-603-4192x8171,Haverhill,IA,2024-11-29
CUST_07561,Sara Carr,sara.carr@yahoo.com,001-495-245-2075,Fayetteville,AR,2024-05-03
CUST_07562,Philip Rivas,philip.rivas@outlook.com,(221)351-1881,Canistota,SD,2025-04-06
CUST_07563,Mitchell Sherman,mitchell.sherman@hotmail.com,(911)705-5878,Greensboro,AL,2026-08-13
CUST_07564,William Anderson,william.anderson@gmail.com,001-265-486-7677x12842,Coloma,WI,2025-01-03
CUST_07565,Amber Hernandez,amber.hernandez@yahoo.com,348.585.9879x9088,Pearl City,IL,2024-01-03
CUST_07566,Justin Hayes,justin.hayes@outlook.com,9536097849,Oakland,CA,2025-08-15
CUST_07567,Sergio Edwards,sergio.edwards@icloud.com,932.935.4770x479,Franklinville,NY,2026-03-22
CUST_07568,Kimberly Baker,kimberly.baker@gmail.com,(396)293-7015,Little Rock Air Force Base,AR,2026-03-03
CUST_07569,Jessica Mitchell,jessica.mitchell@yahoo.com,7434450845,Keokee,VA,2023-12-09
CUST_07570,Megan Elliott,megan.elliott@aol.com,800-272-4055,Roxboro,NC,2025-10-15
CUST_07571,Eric Vasquez,eric.vasquez@icloud.com,595.995.1608x674,Ash Flat,AR,2024-05-23
CUST_07572,Zachary Jenkins,zachary.jenkins@aol.com,+1-381-222-3176x308,El Paso,TX,2025-06-16
CUST_07573,Robyn Whitehead,robyn.whitehead@gmail.com,644.714.6205x5511,Springfield,OR,2025-07-22
CUST_07574,Jared Brown,jared.brown@icloud.com,843.569.5049x0720,Golf,IL,2025-04-29
CUST_07575,Deborah Sanchez,deborah.sanchez@aol.com,+1-922-823-5563x3516,Charlottesville,VA,2024-02-04
CUST_07576,Kristie Lee,kristie.lee@yahoo.com,+1-463-448-8972x349,Salisbury,MO,2025-01-30
CUST_07577,Linda Martinez,linda.martinez@yahoo.com,+1-378-267-6404x270,Aldie,VA,2024-06-22
CUST_07578,Joshua Long,joshua.long@yahoo.com,(935)544-0145x65624,Woodbine,KY,2026-04-21
CUST_07579,Debra Miller,debra.miller@gmail.com,(889)431-5607x541,Lafayette,LA,2025-06-30
CUST_07580,Tiffany James,tiffany.james@yahoo.com,644.272.7445,Abbotsford,WI,2023-12-27
CUST_07581,Michael Hunter,michael.hunter@hotmail.com,257.951.8030x750,Orlando,FL,2025-04-12
CUST_07582,Sean Mcmahon,sean.mcmahon@icloud.com,310-450-0597,Peterborough,NH,2024-07-28
CUST_07583,Susan Riley,susan.riley@yahoo.com,(996)372-6199,Washington,DC,2024-10-20
CUST_07584,Tracy Price,tracy.price@outlook.com,629-400-0269x53289,Great Falls,MT,2024-08-07
CUST_07585,Patrick Medina,patrick.medina@yahoo.com,601.974.9984x884,Fpo,AP,2023-12-29
CUST_07586,Joe Mclaughlin,joe.mclaughlin@outlook.com,001-333-767-5549,Mcdonald,NM,2024-11-04
CUST_07587,Manuel Mcclure,manuel.mcclure@outlook.com,001-664-840-5660x3544,Upper Marlboro,MD,2026-06-13
CUST_07588,Kayla Matthews,kayla.matthews@yahoo.com,800-598-0562x0859,Palm Springs,CA,2025-09-30
CUST_07589,James Galvan,james.galvan@hotmail.com,4835413689,Mcallen,TX,2023-12-20
CUST_07590,Martha Moore,martha.moore@aol.com,+1-925-676-1131x674,Altus,OK,2023-11-29
CUST_07591,Anthony Cole,anthony.cole@yahoo.com,001-223-836-4857x9253,Centreville,VA,2024-04-15
CUST_07592,Brittany Scott,brittany.scott@aol.com,946-340-7073,Friesland,WI,2025-06-01
CUST_07593,Kristy Johnson,kristy.johnson@icloud.com,001-876-827-1659x061,Brooks,KY,2024-02-07
CUST_07594,Alex Smith,alex.smith@gmail.com,001-437-648-9821,Caledonia,MI,2023-11-02
CUST_07595,Tonya Hoffman,tonya.hoffman@yahoo.com,8213195586,Mckeesport,PA,2026-02-26
CUST_07596,Jason Roach,jason.roach@aol.com,898.880.7877,Santa Fe,NM,2025-12-08
CUST_07597,David Lopez,david.lopez@yahoo.com,202-543-5447x3171,Boston,MA,2024-04-17
CUST_07598,Angela Novak,angela.novak@outlook.com,001-905-380-3776,Cleveland,SC,2025-12-12
CUST_07599,Seth Wade,seth.wade@yahoo.com,540.777.6536x545,Alma,CO,2024-08-02
CUST_07600,Alexander Lopez,alexander.lopez@gmail.com,001-318-229-4992x1530,Northbrook,IL,2024-11-10
CUST_07601,Edward Thompson,edward.thompson@outlook.com,+1-475-450-2904,Turtle Creek,WV,2026-06-19
CUST_07602,Alex Hill,alex.hill@gmail.com,635.653.4071,Bergholz,OH,2026-08-18
CUST_07603,Amy Calderon,amy.calderon@icloud.com,406.921.3786x5545,Dodgeville,WI,2026-01-26
CUST_07604,Jessica Cook,jessica.cook@outlook.com,001-857-294-5278,Southeastern,PA,2024-03-15
CUST_07605,John Jordan,john.jordan@hotmail.com,001-615-533-2909x628,Warwick,RI,2024-02-07
CUST_07606,Ann Walker,ann.walker@hotmail.com,+1-453-491-9657x268,Geneva,MN,2024-06-23
CUST_07607,Cynthia Lopez,cynthia.lopez@outlook.com,985-785-1140,Goleta,CA,2025-02-17
CUST_07608,Lisa Griffin,lisa.griffin@hotmail.com,+1-471-893-3183x31062,Spring,TX,2024-11-14
CUST_07609,Tammy Hawkins,tammy.hawkins@hotmail.com,(356)717-5064,Pennington Gap,VA,2024-12-06
CUST_07610,Justin Barber,justin.barber@gmail.com,001-548-335-2496,Santa Clara,UT,2024-08-06
CUST_07611,Rachel Brewer,rachel.brewer@yahoo.com,001-411-715-6568x86262,Milford,NH,2025-09-22
CUST_07612,Joshua Chapman,joshua.chapman@hotmail.com,769.475.8866x856,Shawsville,VA,2026-05-13
CUST_07613,Nicholas Jackson,nicholas.jackson@hotmail.com,539.503.8062,Brooklyn,NY,2024-11-27
CUST_07614,Brian Cervantes,brian.cervantes@hotmail.com,882-592-5008x715,Cornish Flat,NH,2024-07-27
CUST_07615,Michelle Sharp,michelle.sharp@icloud.com,3354995032,Corpus Christi,TX,2026-05-12
CUST_07616,David Parker,david.parker@aol.com,(974)618-7475,Romney,IN,2024-05-03
CUST_07617,Kathleen Santiago,kathleen.santiago@yahoo.com,+1-934-961-8855x3467,Georgetown,TX,2026-03-27
CUST_07618,Elizabeth Graham,elizabeth.graham@yahoo.com,8265301841,Louisville,KY,2026-01-15
CUST_07619,Derek Brown,derek.brown@aol.com,794-556-2543,Calhoun Falls,SC,2024-04-28
CUST_07620,Joel Nguyen,joel.nguyen@yahoo.com,(530)901-6910,Enumclaw,WA,2026-06-05
CUST_07621,Gloria Frazier,gloria.frazier@aol.com,506.574.4089,Urbana,IA,2025-04-06
CUST_07622,Jonathan Bailey,jonathan.bailey@yahoo.com,796-451-4340,Berkley,MI,2026-01-21
CUST_07623,Andrea King,andrea.king@icloud.com,861.768.4050x326,Issaquah,WA,2025-09-08
CUST_07624,William Murray,william.murray@aol.com,+1-633-887-6210,Campbell,MN,2025-11-01
CUST_07625,John Rogers,john.rogers@outlook.com,496.798.6077x4823,Lansing,OH,2023-11-04
CUST_07626,Allison Mckinney,allison.mckinney@aol.com,(787)871-8048,Spring Valley,CA,2023-10-03
CUST_07627,Edgar Hoffman,edgar.hoffman@outlook.com,(361)765-6554,South Lancaster,MA,2026-02-02
CUST_07628,Timothy Smith,timothy.smith@outlook.com,+1-267-441-7936x1976,Castlewood,VA,2025-03-16
CUST_07629,Karen Jenkins,karen.jenkins@aol.com,912-561-5973x210,Macon,GA,2025-05-17
CUST_07630,Christy Preston,christy.preston@gmail.com,(834)850-4548x02222,Toledo,OH,2026-01-24
CUST_07631,David Riley,david.riley@aol.com,610.409.3815x378,Dana,IL,2025-07-18
CUST_07632,Erin Lewis,erin.lewis@aol.com,540-849-1761x637,Greenville,WI,2025-05-01
CUST_07633,Christopher Montgomery,christopher.montgomery@gmail.com,(952)425-1311x04426,Sodus,MI,2026-02-07
CUST_07634,Tammy Palmer,tammy.palmer@aol.com,+1-791-585-2789x5001,Terre Hill,PA,2025-12-03
CUST_07635,Christina Vazquez,christina.vazquez@hotmail.com,8594136982,Laketon,IN,2024-07-16
CUST_07636,Angela Huffman,angela.huffman@hotmail.com,4782282736,Birmingham,AL,2024-02-23
CUST_07637,Stacy Evans,stacy.evans@yahoo.com,(684)966-8937,Montello,NV,2024-12-06
CUST_07638,Charles Jackson,charles.jackson@outlook.com,+1-455-910-8621x193,Los Angeles,CA,2025-12-13
CUST_07639,Jessica Gonzalez,jessica.gonzalez@yahoo.com,+1-231-919-3729x3908,Deweyville,TX,2026-03-30
CUST_07640,Sarah Knapp,sarah.knapp@outlook.com,574.224.6074x295,Lorraine,NY,2024-03-12
CUST_07641,Isaiah Austin,isaiah.austin@aol.com,832.562.7217,Brooks,MN,2025-11-09
CUST_07642,Ashley Hale,ashley.hale@gmail.com,447-613-6024,Yukon,OK,2026-07-12
CUST_07643,Andrew Bryant,andrew.bryant@hotmail.com,820-848-8298x69676,Earleville,MD,2024-05-14
CUST_07644,Lisa Hayes,lisa.hayes@icloud.com,441.317.4839x9756,Galesville,MD,2026-03-09
CUST_07645,Jenny Roberts,jenny.roberts@aol.com,658-740-6443x6253,Paton,IA,2024-01-11
CUST_07646,Rachel Rush,rachel.rush@aol.com,+1-583-601-8800,Sherwood,MI,2024-04-08
CUST_07647,Alicia Eaton,alicia.eaton@aol.com,+1-310-505-9522x49866,Annapolis,MD,2023-10-14
CUST_07648,Ethan Kelly,ethan.kelly@yahoo.com,(210)420-4036x0168,Edna,TX,2025-06-05
CUST_07649,Andrew Bailey,andrew.bailey@aol.com,692.837.1538x558,Chicago,IL,2023-09-30
CUST_07650,Marcus Haynes,marcus.haynes@gmail.com,4694123381,Feura Bush,NY,2026-04-03
CUST_07651,Laura Ayala,laura.ayala@hotmail.com,801-958-2759x8465,Peoria,IL,2024-11-01
CUST_07652,Cheryl May,cheryl.may@outlook.com,(472)903-4983,Lamar,AR,2023-10-20
CUST_07653,Carrie Gates,carrie.gates@outlook.com,(682)765-2460,Warwick,RI,2026-07-14
CUST_07654,Dylan Wood,dylan.wood@yahoo.com,510-642-3213x7104,Napoleon,OH,2026-02-05
CUST_07655,Lori King,lori.king@gmail.com,6845957215,Albany,NY,2025-02-04
CUST_07656,Brian Taylor,brian.taylor@aol.com,643-430-8586x4816,Fort Lauderdale,FL,2026-04-26
CUST_07657,Carla Ball,carla.ball@aol.com,(921)590-4358x41705,Dallas,TX,2025-05-19
CUST_07658,Abigail Ramirez,abigail.ramirez@yahoo.com,+1-825-623-5206,Eagle Mountain,UT,2025-03-29
CUST_07659,Mary Nolan,mary.nolan@aol.com,001-761-230-5926x026,Stockholm,WI,2026-02-01
CUST_07660,Joshua Robertson,joshua.robertson@aol.com,530-492-2358x516,Lexington,KY,2024-07-28
CUST_07661,Stephanie Ferguson,stephanie.ferguson@hotmail.com,(328)413-3447x41918,Dallas,TX,2025-02-11
CUST_07662,Brandon Nguyen,brandon.nguyen@hotmail.com,+1-331-373-8567,Grand Forks,ND,2026-02-13
CUST_07663,Michael Baldwin,michael.baldwin@aol.com,+1-922-668-4731x3183,Riverside,CA,2023-10-25
CUST_07664,Bridget Rice,bridget.rice@icloud.com,635-702-4063x996,Aurora,KS,2024-08-27
CUST_07665,Victor Sawyer,victor.sawyer@gmail.com,641-845-5613,Santa Fe,TX,2024-01-28
CUST_07666,Toni Perez,toni.perez@gmail.com,(734)266-5262x4208,Kincheloe,MI,2025-07-22
CUST_07667,Alan Martinez,alan.martinez@yahoo.com,824-807-6595x952,Britt,MN,2024-09-09
CUST_07668,Cheryl Heath,cheryl.heath@aol.com,562.939.8846x054,Scotts Mills,OR,2025-05-29
CUST_07669,Sandra Booth,sandra.booth@outlook.com,5236046777,Baltimore,MD,2023-11-30
CUST_07670,Kimberly Wilson,kimberly.wilson@gmail.com,816.329.9668x2228,Spearfish,SD,2025-06-17
CUST_07671,Brian Montgomery,brian.montgomery@aol.com,879-483-2539x052,Stockton Springs,ME,2026-06-09
CUST_07672,Michelle Lee,michelle.lee@outlook.com,567.302.8008,Grand Canyon,AZ,2025-09-28
CUST_07673,Cynthia Reyes,cynthia.reyes@icloud.com,777-637-1286x3267,Apo,AP,2024-05-27
CUST_07674,Kimberly Burton,kimberly.burton@hotmail.com,365-449-2685,Estcourt Station,ME,2024-12-24
CUST_07675,Julia Lynch,julia.lynch@outlook.com,401-889-6981,Twining,MI,2025-10-22
CUST_07676,Alexandra Walker,alexandra.walker@hotmail.com,869.474.6099,Laguna Beach,CA,2023-12-16
CUST_07677,Frances Harris,frances.harris@outlook.com,397.800.2040x24211,Cleveland,OH,2026-02-23
CUST_07678,Allison Fleming,allison.fleming@icloud.com,+1-446-365-8726,Lexington,NC,2026-05-25
CUST_07679,Todd Davis,todd.davis@icloud.com,(423)835-9540x80851,Valley Head,AL,2026-08-28
CUST_07680,Alyssa Steele,alyssa.steele@aol.com,213.391.4690,Monson,MA,2025-02-13
CUST_07681,Sandra Taylor,sandra.taylor@aol.com,001-719-915-1524x257,Porter Corners,NY,2023-12-22
CUST_07682,Donald Hutchinson,donald.hutchinson@gmail.com,9748448266,Arnegard,ND,2024-08-31
CUST_07683,Laura Glover,laura.glover@gmail.com,788.487.7477,Arden,NY,2023-09-08
CUST_07684,Cindy Jimenez,cindy.jimenez@yahoo.com,+1-976-993-4189x59843,Whitehouse,TX,2026-01-15
CUST_07685,Scott Fields,scott.fields@icloud.com,001-645-992-0388,Detroit,MI,2024-11-11
CUST_07686,Jeffrey Rivas,jeffrey.rivas@aol.com,(806)872-3514,Fort Myers,FL,2023-09-14
CUST_07687,Jesse Jones,jesse.jones@outlook.com,001-384-956-1565x14535,Jefferson,AL,2023-09-28
CUST_07688,Jodi Thomas,jodi.thomas@yahoo.com,+1-506-956-7600x7495,Elizabethtown,KY,2026-03-11
CUST_07689,Tina Wood,tina.wood@aol.com,001-814-419-4306x922,Telluride,CO,2025-05-23
CUST_07690,Brianna Jones,brianna.jones@hotmail.com,001-962-819-8622x18998,Call,TX,2025-07-30
CUST_07691,Elizabeth Davis,elizabeth.davis@outlook.com,572-280-9915,Crystal River,FL,2025-01-12
CUST_07692,Courtney Ford,courtney.ford@aol.com,(986)705-9020x9281,Fond Du Lac,WI,2025-06-16
CUST_07693,Michael Miller,michael.miller@gmail.com,(542)560-5641x568,Huntington,WV,2025-08-08
CUST_07694,Stacy Rollins,stacy.rollins@gmail.com,+1-905-579-1354x0336,Hewitt,NJ,2026-05-08
CUST_07695,Victor Stephenson,victor.stephenson@aol.com,583.779.6925,Bostwick,GA,2023-10-23
CUST_07696,Brandon Henderson,brandon.henderson@hotmail.com,4663503591,Portland,OR,2025-05-21
CUST_07697,Christine Thompson,christine.thompson@hotmail.com,(514)909-0924x15653,Raleigh,NC,2026-07-02
CUST_07698,Walter Smith,walter.smith@outlook.com,311-970-2503,Dover,DE,2026-03-30
CUST_07699,William Colon,william.colon@hotmail.com,679-523-1910x615,Newberry Springs,CA,2025-05-07
CUST_07700,John Glass,john.glass@yahoo.com,(801)927-6383,Silvana,WA,2024-09-29
CUST_07701,Laura Dominguez,laura.dominguez@aol.com,832-632-2297,Walnut Creek,CA,2026-03-02
CUST_07702,Renee Newton,renee.newton@gmail.com,976-321-9797x571,Alexandria,VA,2024-04-14
CUST_07703,Angela Adams,angela.adams@yahoo.com,599-747-2419,Kunkle,OH,2025-03-25
CUST_07704,Lucas Flores,lucas.flores@aol.com,448.569.3026,Pickens,WV,2026-02-12
CUST_07705,Andrea Ryan,andrea.ryan@outlook.com,001-379-584-4062x7610,Brentwood,TN,2023-10-12
CUST_07706,Christian Olsen,christian.olsen@outlook.com,525.469.8010x640,Bakerstown,PA,2026-01-16
CUST_07707,Anthony Cooper,anthony.cooper@icloud.com,733.268.6529,Rogersville,TN,2025-05-26
CUST_07708,David Murphy,david.murphy@yahoo.com,274-791-4964,Silver Spring,MD,2024-01-19
CUST_07709,Derrick Hernandez,derrick.hernandez@yahoo.com,558.875.2168,Seaview,VA,2024-08-22
CUST_07710,Jerome Thompson,jerome.thompson@aol.com,+1-869-355-1508,Lufkin,TX,2025-11-18
CUST_07711,Anthony Jones,anthony.jones@yahoo.com,351-606-6015x138,Houston,TX,2026-08-15
CUST_07712,Brian Stephens,brian.stephens@aol.com,5764994498,Milo,MO,2025-10-28
CUST_07713,Tyler Mcpherson,tyler.mcpherson@aol.com,672.598.2847x3725,New Haven,CT,2025-08-21
CUST_07714,Adam Gutierrez,adam.gutierrez@yahoo.com,(400)569-4907x5621,Kersey,PA,2024-03-24
CUST_07715,Randy Harper,randy.harper@hotmail.com,229.656.0147,Harper,WV,2024-09-14
CUST_07716,Maurice Jones,maurice.jones@yahoo.com,(358)594-8365x289,Millbrae,CA,2025-05-10
CUST_07717,Luke Cruz,luke.cruz@yahoo.com,(765)909-3048x7886,Charleston,SC,2025-08-22
CUST_07718,Joshua Kim,joshua.kim@gmail.com,+1-611-916-5344,Schenectady,NY,2025-01-20
CUST_07719,David Porter,david.porter@aol.com,001-459-407-0269x92112,Trenton,NJ,2025-12-13
CUST_07720,Jasmine Allison,jasmine.allison@yahoo.com,+1-911-339-7640,Rockland,DE,2024-04-06
CUST_07721,Theresa Smith,theresa.smith@icloud.com,001-957-754-6336x207,Hartford,CT,2026-02-03
CUST_07722,Michael Vasquez,michael.vasquez@gmail.com,639.489.7070x10765,Carrollton,GA,2026-04-04
CUST_07723,David Long,david.long@hotmail.com,216.551.6391x33489,Hondo,TX,2026-07-12
CUST_07724,Alison Burke,alison.burke@hotmail.com,001-365-353-7196x465,Blaine,TN,2026-03-20
CUST_07725,Tiffany Taylor,tiffany.taylor@yahoo.com,251.274.9342,Mc Dermitt,NV,2025-08-18
CUST_07726,Shannon Mcmillan,shannon.mcmillan@icloud.com,8416522374,Rowland,NC,2026-04-09
CUST_07727,Erin Powell,erin.powell@hotmail.com,+1-346-821-5891x69391,Morristown,NY,2024-10-14
CUST_07728,Eric Delacruz,eric.delacruz@gmail.com,(886)447-4812x880,Honolulu,HI,2024-01-17
CUST_07729,Kristina Barnes,kristina.barnes@outlook.com,+1-768-806-4586,Dudley,PA,2024-03-27
CUST_07730,Debbie Parker,debbie.parker@yahoo.com,521-506-4433x208,Mc Neill,MS,2024-01-01
CUST_07731,Alicia Graves,alicia.graves@hotmail.com,+1-882-265-0863,Port Austin,MI,2024-12-12
CUST_07732,Heather Brown,heather.brown@hotmail.com,+1-440-582-9840x69027,Waterbury,CT,2024-04-27
CUST_07733,Robert Torres,robert.torres@aol.com,+1-924-902-7540x362,Wahiawa,HI,2023-11-15
CUST_07734,Kevin Bennett,kevin.bennett@icloud.com,872.598.2221,Fpo,AP,2026-05-27
CUST_07735,Lori Carpenter,lori.carpenter@aol.com,(228)496-5627x446,Colorado Springs,CO,2025-07-13
CUST_07736,Brenda Hall,brenda.hall@gmail.com,+1-708-482-6115x63122,Raleigh,NC,2025-04-21
CUST_07737,Brianna Miller,brianna.miller@gmail.com,4329486092,Holt,FL,2023-12-12
CUST_07738,Amy Smith,amy.smith@aol.com,955-543-8429,Temple,ME,2025-04-27
CUST_07739,Jeffery Calhoun,jeffery.calhoun@gmail.com,428.467.1557x336,Bessemer,AL,2026-08-28
CUST_07740,Kelli Wilson,kelli.wilson@outlook.com,443.562.2867,Griffin,IN,2024-07-08
CUST_07741,Steven Bates,steven.bates@hotmail.com,404.887.2633,South Milwaukee,WI,2024-09-30
CUST_07742,Katherine Zamora,katherine.zamora@hotmail.com,001-496-597-7201x02777,Grand Rapids,MN,2025-08-06
CUST_07743,Jennifer Bailey,jennifer.bailey@icloud.com,+1-443-652-6381x086,Trenton,NJ,2025-06-26
CUST_07744,Marcus Delacruz,marcus.delacruz@yahoo.com,001-802-412-0108x380,Henderson,IA,2025-07-18
CUST_07745,Ray Lutz,ray.lutz@outlook.com,2439384031,Houston,TX,2025-01-02
CUST_07746,George Haynes,george.haynes@gmail.com,4377906808,Union City,IN,2024-03-01
CUST_07747,Donna Sanchez,donna.sanchez@aol.com,980.296.5969x927,Clearfield,KY,2024-04-07
CUST_07748,Wanda Newman,wanda.newman@gmail.com,842.540.0633,Pilot Point,TX,2024-11-15
CUST_07749,Phillip Hall,phillip.hall@gmail.com,218.484.7831x918,Issue,MD,2026-07-03
CUST_07750,Amy Moss,amy.moss@yahoo.com,001-236-729-1463x148,Mc Clave,CO,2026-07-16
CUST_07751,Samantha Turner,samantha.turner@icloud.com,(947)866-3991,Orlando,FL,2026-03-29
CUST_07752,Amber Bates,amber.bates@gmail.com,962.252.0948,Dallas,TX,2024-01-10
CUST_07753,Michael Gibbs,michael.gibbs@hotmail.com,(337)850-0296x3277,Fremont,OH,2025-12-11
CUST_07754,Christopher Mendoza,christopher.mendoza@gmail.com,001-411-407-0588x876,Evanston,IL,2026-04-05
CUST_07755,Eddie Cox,eddie.cox@outlook.com,001-726-823-6378,Memphis,TN,2024-03-15
CUST_07756,Sandra Fry,sandra.fry@icloud.com,001-830-209-6716x955,Seneca,IL,2024-08-12
CUST_07757,Paul Butler,paul.butler@outlook.com,001-671-753-0629x95285,Laingsburg,MI,2024-11-20
CUST_07758,Robin Carey,robin.carey@yahoo.com,268.939.6994x3718,Baileys Harbor,WI,2025-07-24
CUST_07759,Jennifer Johnson,jennifer.johnson@outlook.com,(808)632-6164,Minnesota City,MN,2026-01-19
CUST_07760,Pamela Church,pamela.church@aol.com,(289)905-3459x616,Newport Beach,CA,2025-05-18
CUST_07761,Blake Cunningham,blake.cunningham@aol.com,+1-626-548-1472x5708,Oberlin,KS,2025-08-25
CUST_07762,Angela Garcia,angela.garcia@yahoo.com,(858)990-8076x08501,Medinah,IL,2025-05-14
CUST_07763,Justin Wood,justin.wood@yahoo.com,001-843-507-8698x632,Arroyo,PR,2025-08-07
CUST_07764,Cassandra Hahn,cassandra.hahn@yahoo.com,806.339.3922x1191,Stamford,CT,2026-06-10
CUST_07765,Patricia Campbell,patricia.campbell@outlook.com,(686)830-8993x3590,Doniphan,NE,2024-07-20
CUST_07766,Elizabeth Williamson,elizabeth.williamson@icloud.com,001-999-305-4092x175,Woodville,AL,2025-02-20
CUST_07767,Richard Herring,richard.herring@outlook.com,(671)318-6536x28929,Monticello,GA,2024-12-09
CUST_07768,Briana York,briana.york@outlook.com,+1-995-876-8688,Salem,SC,2025-12-07
CUST_07769,Nathaniel Rivera,nathaniel.rivera@aol.com,514-621-3371,Freeport,KS,2024-03-02
CUST_07770,Albert Edwards,albert.edwards@icloud.com,001-390-241-6968x514,Lansing,MI,2025-09-07
CUST_07771,Howard Gentry,howard.gentry@yahoo.com,+1-633-984-4420x0082,Sealston,VA,2025-11-06
CUST_07772,Dana Bennett,dana.bennett@hotmail.com,(601)275-4528x66737,Clarkston,MI,2024-10-18
CUST_07773,Lisa Contreras,lisa.contreras@gmail.com,211-655-5740x20250,West Hatfield,MA,2025-02-21
CUST_07774,Carolyn Stephens,carolyn.stephens@yahoo.com,254-899-6373x621,Bluefield,VA,2026-01-16
CUST_07775,John Spencer,john.spencer@hotmail.com,213.206.1117x3081,Huron,SD,2024-12-20
CUST_07776,Alec Potts,alec.potts@icloud.com,+1-880-677-1451x582,South Orleans,MA,2025-08-04
CUST_07777,Darrell Collins,darrell.collins@icloud.com,745.827.6691,Tuscaloosa,AL,2024-07-16
CUST_07778,James Lawrence,james.lawrence@yahoo.com,222-259-9286x3292,West Groton,MA,2026-06-24
CUST_07779,Jessica Casey,jessica.casey@aol.com,(506)388-1480x2954,Fort Worth,TX,2024-01-07
CUST_07780,Kenneth Perez,kenneth.perez@aol.com,(363)474-2824x479,Jessup,PA,2026-06-13
CUST_07781,Brittany Freeman,brittany.freeman@yahoo.com,(863)210-4995x3305,Fitzhugh,OK,2026-03-26
CUST_07782,Christopher Perez,christopher.perez@aol.com,726.478.4726,Howells,NE,2024-01-29
CUST_07783,Stephanie Shea,stephanie.shea@gmail.com,+1-807-416-5576x80302,Mifflintown,PA,2025-05-29
CUST_07784,Virginia Wood,virginia.wood@outlook.com,001-325-285-5082,Florence,KY,2023-12-21
CUST_07785,Richard Armstrong,richard.armstrong@gmail.com,+1-217-520-9871,Whiteclay,NE,2025-06-23
CUST_07786,Steven Wright,steven.wright@yahoo.com,492-907-2790,Rock Falls,WI,2026-07-01
CUST_07787,Rhonda Carter,rhonda.carter@hotmail.com,716.377.2919x7058,Wanatah,IN,2023-09-24
CUST_07788,Robert Green,robert.green@yahoo.com,762.799.1398x80030,Honolulu,HI,2026-06-06
CUST_07789,Andrea Wilkerson,andrea.wilkerson@aol.com,441-488-6540,Willis Wharf,VA,2024-03-17
CUST_07790,Carlos Caldwell,carlos.caldwell@outlook.com,(205)753-9245,Mc Calla,AL,2024-02-17
CUST_07791,Rebecca Brooks,rebecca.brooks@yahoo.com,661-356-1809,Pembine,WI,2024-03-16
CUST_07792,Jennifer King,jennifer.king@gmail.com,(547)546-7754x35055,Adin,CA,2024-09-16
CUST_07793,Linda Carter,linda.carter@icloud.com,+1-612-638-9322x762,Waubun,MN,2025-07-10
CUST_07794,Keith Suarez,keith.suarez@hotmail.com,+1-788-271-7611x78747,Monte Vista,CO,2023-11-16
CUST_07795,Heather Stanton,heather.stanton@outlook.com,+1-509-473-6037,Suffield,CT,2024-05-17
CUST_07796,Ariel Jones,ariel.jones@outlook.com,608-677-9602x07910,Fulton,SD,2025-06-05
CUST_07797,Richard Page,richard.page@gmail.com,375.607.0951x3863,Hunter,OK,2024-01-12
CUST_07798,Joshua Smith,joshua.smith@yahoo.com,+1-436-521-4171x4623,Lenoxville,PA,2026-07-30
CUST_07799,Pamela Baker,pamela.baker@icloud.com,(344)254-7424,Corpus Christi,TX,2026-01-28
CUST_07800,Brady Brown,brady.brown@yahoo.com,798-207-4252x2078,Corona,CA,2024-09-27
CUST_07801,Jordan Smith,jordan.smith@aol.com,709.361.5769x1270,Tiverton,RI,2024-05-14
CUST_07802,Deborah Serrano,deborah.serrano@icloud.com,(650)264-3736x000,Anchorage,AK,2024-09-11
CUST_07803,Cheryl Snyder,cheryl.snyder@aol.com,668-359-3967,Belleview,MO,2023-09-04
CUST_07804,Samuel Miller,samuel.miller@aol.com,564-243-6601,Lempster,NH,2023-10-19
CUST_07805,Benjamin Jones,benjamin.jones@yahoo.com,540.938.8503,Dallas,TX,2023-09-28
CUST_07806,Edward Miller,edward.miller@yahoo.com,777-565-8529x950,Thousandsticks,KY,2025-03-09
CUST_07807,Jason Johnson,jason.johnson@hotmail.com,001-707-446-8799x8693,Philadelphia,PA,2024-10-23
CUST_07808,Kenneth Clements,kenneth.clements@yahoo.com,618-833-3683,Phoenix,AZ,2025-05-12
CUST_07809,Nancy Garcia,nancy.garcia@aol.com,408-991-5770,Hartford,CT,2024-09-27
CUST_07810,Tiffany Black,tiffany.black@outlook.com,467-327-3211x7707,Lexington,KY,2024-04-30
CUST_07811,Christie Ibarra,christie.ibarra@aol.com,267.225.4714,Freeport,OH,2025-10-01
CUST_07812,Laura Hale,laura.hale@yahoo.com,615.499.9080,Costilla,NM,2024-12-11
CUST_07813,William Hawkins,william.hawkins@outlook.com,(675)565-6991x74811,Abingdon,MD,2025-10-01
CUST_07814,Robert Young,robert.young@hotmail.com,328.723.0180x2902,Brownstown,PA,2025-08-09
CUST_07815,Zoe Roberts,zoe.roberts@yahoo.com,+1-818-481-7700,Banquete,TX,2024-09-14
CUST_07816,Scott Hester,scott.hester@outlook.com,3633874350,Dell,AR,2024-08-07
CUST_07817,Jared Garcia,jared.garcia@yahoo.com,978-907-5579x12455,Derby,VT,2026-04-12
CUST_07818,Adrienne Fischer,adrienne.fischer@icloud.com,330-676-3878x56793,Washington,DC,2026-07-16
CUST_07819,Joel Johnson,joel.johnson@gmail.com,(511)222-1456x3609,Orlando,FL,2025-05-13
CUST_07820,Katherine Johnson,katherine.johnson@aol.com,+1-613-592-4090x79248,Lawn,PA,2024-06-12
CUST_07821,David Fitzpatrick,david.fitzpatrick@outlook.com,001-469-986-4373,Pineville,PA,2025-06-01
CUST_07822,Erin Valdez,erin.valdez@aol.com,834.584.1514,Apple Springs,TX,2025-12-10
CUST_07823,Barry Barnett,barry.barnett@yahoo.com,809-838-8600x616,Riverside,PA,2025-11-08
CUST_07824,Latoya Williams,latoya.williams@gmail.com,001-638-257-5357x093,Malta,ID,2024-12-28
CUST_07825,Kristen Bell,kristen.bell@aol.com,491-274-8182x118,Fitzhugh,OK,2026-08-24
CUST_07826,Brian Ortega,brian.ortega@aol.com,001-677-839-4136,Cheswold,DE,2025-08-03
CUST_07827,Todd Brown,todd.brown@outlook.com,673-938-5315x49942,Collierville,TN,2023-10-23
CUST_07828,James Wilson,james.wilson@icloud.com,769.623.7630x0871,Spearsville,LA,2024-06-01
CUST_07829,Donna Fitzgerald,donna.fitzgerald@yahoo.com,001-954-374-4730x93830,Preston,MD,2026-03-15
CUST_07830,Kevin Moore,kevin.moore@gmail.com,+1-332-935-0532,Merrill,MI,2025-05-10
CUST_07831,Mary Ellis,mary.ellis@gmail.com,(922)562-1543,Bathgate,ND,2024-09-13
CUST_07832,Willie Hayes,willie.hayes@gmail.com,277.307.2607x3012,Clarendon,NY,2025-03-05
CUST_07833,Kristen Haley,kristen.haley@outlook.com,+1-524-720-7168x3191,Strang,NE,2025-09-12
CUST_07834,Laura Aguirre,laura.aguirre@outlook.com,698-621-5224x4822,Venice,CA,2025-05-21
CUST_07835,Douglas Taylor,douglas.taylor@gmail.com,(258)774-2043,Indianapolis,IN,2024-11-27
CUST_07836,Ronald Taylor,ronald.taylor@hotmail.com,783-988-1076,Lansing,MI,2025-02-27
CUST_07837,Loretta Cummings,loretta.cummings@icloud.com,632-409-1306x464,Canton,GA,2024-02-24
CUST_07838,Gregory Watts,gregory.watts@outlook.com,+1-339-745-6288x88788,South Walpole,MA,2025-10-12
CUST_07839,Matthew Johnson,matthew.johnson@icloud.com,301-953-1386x91697,Smackover,AR,2025-01-14
CUST_07840,George Krueger,george.krueger@yahoo.com,+1-698-367-6701x4511,Martinsville,MO,2025-07-06
CUST_07841,Corey Lee,corey.lee@icloud.com,001-389-202-3748,Dpo,AP,2024-04-14
CUST_07842,Robert Novak,robert.novak@aol.com,271.312.7390,Texline,TX,2026-07-03
CUST_07843,Suzanne Tanner,suzanne.tanner@icloud.com,321-935-0611,Copenhagen,NY,2024-09-24
CUST_07844,Jeffrey Reilly,jeffrey.reilly@hotmail.com,001-511-442-5663x2501,Oklahoma City,OK,2025-08-13
CUST_07845,April Thompson,april.thompson@outlook.com,+1-476-732-6709x5367,League City,TX,2023-10-31
CUST_07846,Vincent Andrews,vincent.andrews@yahoo.com,(506)439-9007,Sherwood,MD,2024-01-23
CUST_07847,Christina Harrison,christina.harrison@yahoo.com,(658)270-9429,Livingston,AL,2024-04-16
CUST_07848,Tyler Melton,tyler.melton@outlook.com,939.636.7571,Pompano Beach,FL,2024-11-05
CUST_07849,Gabriela Schmidt,gabriela.schmidt@hotmail.com,435-841-1454x0131,Whitehall,MT,2026-05-14
CUST_07850,Cameron Martinez,cameron.martinez@yahoo.com,001-680-821-5056x78775,Salida,CA,2026-02-28
CUST_07851,Ashley Washington,ashley.washington@gmail.com,+1-946-779-5802x531,Commerce,MO,2024-05-18
CUST_07852,Sharon Bush,sharon.bush@outlook.com,746.373.6093,Memphis,TN,2026-07-25
CUST_07853,Michael Hebert,michael.hebert@outlook.com,281-873-0486x274,Wilmington,DE,2026-01-12
CUST_07854,Jennifer Sims,jennifer.sims@icloud.com,(882)332-0874x948,Albuquerque,NM,2024-04-07
CUST_07855,Nathaniel Carpenter,nathaniel.carpenter@yahoo.com,(607)515-5890x8528,Phoenix,AZ,2026-05-19
CUST_07856,Mario Fields,mario.fields@yahoo.com,+1-280-517-5499x052,Lithopolis,OH,2023-11-21
CUST_07857,Tyler Fernandez,tyler.fernandez@hotmail.com,5349280098,San Juan,PR,2024-05-09
CUST_07858,Robin Harris,robin.harris@icloud.com,8135716976,Tipton,KS,2025-02-20
CUST_07859,Jorge Nixon,jorge.nixon@aol.com,(590)948-7076,Orlando,FL,2026-03-01
CUST_07860,Andrea Valdez,andrea.valdez@gmail.com,242.725.7916x3331,Vernon,VT,2024-02-14
CUST_07861,Darryl Wall,darryl.wall@outlook.com,224-876-7286,Chilhowee,MO,2024-08-29
CUST_07862,Patricia Lester,patricia.lester@gmail.com,001-881-510-7476x0374,Wellington,IL,2023-09-19
CUST_07863,Margaret Williams,margaret.williams@outlook.com,(293)603-1177,Orlando,FL,2023-11-23
CUST_07864,Mia Byrd,mia.byrd@yahoo.com,343-348-4407,Hubert,NC,2024-07-25
CUST_07865,Teresa Russell,teresa.russell@yahoo.com,3963191923,Massapequa,NY,2023-12-10
CUST_07866,Michaela Garcia,michaela.garcia@yahoo.com,001-622-468-7640x1824,Usk,WA,2025-01-01
CUST_07867,Amy Hughes,amy.hughes@outlook.com,(204)382-7567x28073,Bee,VA,2024-12-21
CUST_07868,Jean Maldonado,jean.maldonado@hotmail.com,(228)768-2923,Dorothy,WV,2025-05-18
CUST_07869,Brandon Calderon,brandon.calderon@hotmail.com,286.632.3367x79429,Barstow,IL,2025-02-08
CUST_07870,Tammy Knight,tammy.knight@aol.com,342.887.2649x38443,Hillsboro,WV,2025-05-12
CUST_07871,Selena Mason,selena.mason@yahoo.com,+1-201-335-3369,Quebeck,TN,2026-02-05
CUST_07872,Raymond Carter,raymond.carter@gmail.com,001-449-612-0862x65022,Coventry,CT,2025-06-20
CUST_07873,James Wise,james.wise@hotmail.com,4308979937,Unity,WI,2023-12-30
CUST_07874,Kevin Smith,kevin.smith@outlook.com,303-395-7600x9423,Brainerd,MN,2024-10-14
CUST_07875,Ashley Cook,ashley.cook@outlook.com,+1-857-963-9990x3297,Philadelphia,PA,2026-07-03
CUST_07876,Todd Hoover,todd.hoover@icloud.com,326.986.8515,Greencastle,IN,2024-08-03
CUST_07877,Claudia Jenkins,claudia.jenkins@icloud.com,917.274.4096x11913,Searles,MN,2024-07-17
CUST_07878,Monica Mccarty,monica.mccarty@yahoo.com,+1-855-672-3674x98571,Westmoreland City,PA,2025-12-31
CUST_07879,William Griffith,william.griffith@gmail.com,+1-566-359-3251,Houlka,MS,2024-04-22
CUST_07880,Bobby Hogan,bobby.hogan@gmail.com,729.500.9132,Bradford,PA,2024-06-10
CUST_07881,Stephanie Gordon,stephanie.gordon@gmail.com,(296)230-1607x7844,Parcel Return Service,DC,2025-10-02
CUST_07882,Jessica Barnes,jessica.barnes@outlook.com,594.336.2517x5344,Gold Hill,OR,2026-02-18
CUST_07883,Matthew Jacobs,matthew.jacobs@outlook.com,(965)280-1078x1458,Prudence Island,RI,2024-12-18
CUST_07884,Christine Oconnor,christine.oconnor@yahoo.com,(443)563-7193x73883,Banks,ID,2024-08-16
CUST_07885,Michael Brewer,michael.brewer@gmail.com,(855)337-9852x7464,Lexington,KY,2023-11-09
CUST_07886,Colleen Carter,colleen.carter@yahoo.com,001-730-227-2332x6128,Winston Salem,NC,2024-05-17
CUST_07887,Brittney Morris,brittney.morris@outlook.com,912-501-0252,Sebastian,FL,2025-10-23
CUST_07888,Daniel Martinez,daniel.martinez@aol.com,938.773.0665x536,Bellingham,WA,2023-10-04
CUST_07889,Jason Spencer,jason.spencer@icloud.com,576-891-0814,Mollusk,VA,2024-07-30
CUST_07890,Angel Gonzalez,angel.gonzalez@icloud.com,+1-334-622-7995x3215,Pengilly,MN,2026-06-15
CUST_07891,Hector Melton,hector.melton@hotmail.com,286-409-6795x8281,Durango,IA,2023-09-04
CUST_07892,Robert Cooper,robert.cooper@yahoo.com,+1-905-436-5362x93228,Apo,AE,2026-01-18
CUST_07893,John Miller,john.miller@yahoo.com,334.477.1758x6345,Cullman,AL,2025-09-26
CUST_07894,Deanna Jones,deanna.jones@aol.com,+1-547-362-5122,Nicollet,MN,2024-07-17
CUST_07895,Elizabeth Hopkins,elizabeth.hopkins@yahoo.com,001-690-517-1879x03298,Pompeys Pillar,MT,2025-04-02
CUST_07896,Jesus Bradley,jesus.bradley@aol.com,751.465.3435x8079,Fairfield,CT,2024-10-18
CUST_07897,Susan Beck,susan.beck@icloud.com,001-566-349-3922x41612,Bridgeport,MI,2024-12-31
CUST_07898,Victoria Long,victoria.long@outlook.com,+1-534-691-2633x68095,Wellford,SC,2024-08-19
CUST_07899,Cheryl Harvey,cheryl.harvey@icloud.com,588.295.9691x81613,Simpsonville,SC,2024-03-03
CUST_07900,Joanna Cowan,joanna.cowan@gmail.com,9168399992,Warwick,RI,2026-01-15
CUST_07901,John Kelly,john.kelly@outlook.com,793.866.9025x97534,Mattoon,WI,2026-03-12
CUST_07902,Melissa Calderon,melissa.calderon@hotmail.com,4688737876,Tupelo,MS,2026-02-05
CUST_07903,Emily Tanner,emily.tanner@aol.com,839.474.8442x498,Salt Lake City,UT,2025-09-03
CUST_07904,Stefanie Fuller,stefanie.fuller@outlook.com,+1-473-618-4573x575,Brokaw,WI,2026-02-06
CUST_07905,Nicole Smith,nicole.smith@outlook.com,971-562-9219x77945,Mobile,AL,2026-06-03
CUST_07906,Samantha Thompson,samantha.thompson@yahoo.com,001-882-474-3792x0978,Washington,DC,2026-06-23
CUST_07907,Brad Sparks,brad.sparks@hotmail.com,001-427-856-0121x989,Kewanee,IL,2026-04-24
CUST_07908,Jamie Elliott,jamie.elliott@yahoo.com,702.417.6357,Winston Salem,NC,2026-08-10
CUST_07909,Samuel Morales,samuel.morales@icloud.com,(911)515-2425,Cordova,MD,2025-05-01
CUST_07910,Nancy Carter,nancy.carter@gmail.com,(336)287-9183x744,Valley City,OH,2025-01-13
CUST_07911,Bonnie Gonzalez,bonnie.gonzalez@icloud.com,+1-459-485-2157x90761,Plains,MT,2025-04-17
CUST_07912,Jamie Bender,jamie.bender@icloud.com,8882234432,Pendleton,KY,2025-04-24
CUST_07913,Sharon Diaz,sharon.diaz@aol.com,001-950-830-3275x19664,Notus,ID,2026-07-11
CUST_07914,Roberto Wilson,roberto.wilson@hotmail.com,+1-975-562-2927x4660,Butte,NE,2026-03-05
CUST_07915,Laura Jensen,laura.jensen@gmail.com,265.923.8880x00999,Minnetonka,MN,2026-06-21
CUST_07916,Albert Sims,albert.sims@yahoo.com,001-213-535-9130x345,Roslyn Heights,NY,2024-05-20
CUST_07917,Gavin Oconnell,gavin.oconnell@hotmail.com,001-408-876-9272x77232,Denver,NC,2025-07-01
CUST_07918,William Gibson,william.gibson@outlook.com,2758771150,Caledonia,MI,2023-11-09
CUST_07919,Ralph Dickerson,ralph.dickerson@outlook.com,+1-834-290-9729x59201,Amenia,NY,2024-10-06
CUST_07920,Nancy Butler,nancy.butler@icloud.com,001-498-449-6393x8236,Grundy,VA,2025-11-19
CUST_07921,Edward Collins,edward.collins@icloud.com,453-745-1845,Braidwood,IL,2024-01-27
CUST_07922,Debra Williams,debra.williams@outlook.com,(964)215-6259x084,Barnwell,SC,2026-06-30
CUST_07923,Carl Hicks,carl.hicks@gmail.com,378-442-5741x55506,The Dalles,OR,2025-12-22
CUST_07924,Brooke Nielsen,brooke.nielsen@aol.com,597-354-9060,North Street,MI,2025-04-23
CUST_07925,Alexandra Choi,alexandra.choi@aol.com,948.556.7633,Turbeville,SC,2025-05-15
CUST_07926,Joshua Jones,joshua.jones@yahoo.com,001-443-737-0673x029,Pittsburgh,PA,2024-05-03
CUST_07927,Victoria Gibbs,victoria.gibbs@outlook.com,465-238-7202x35498,Richardson,TX,2025-05-18
CUST_07928,Kristen Obrien,kristen.obrien@outlook.com,(753)782-4598,Perry,IA,2023-11-01
CUST_07929,Garrett Thomas,garrett.thomas@icloud.com,(431)660-6341x424,Holly Springs,MS,2026-07-24
CUST_07930,Travis Riley,travis.riley@yahoo.com,310-987-9383x210,Stamford,CT,2024-10-21
CUST_07931,Katherine Taylor,katherine.taylor@yahoo.com,+1-436-399-4608x784,Dudley,PA,2025-06-17
CUST_07932,Sally Sanchez,sally.sanchez@icloud.com,+1-224-385-3983,Mccomb,MS,2025-09-17
CUST_07933,Michael Jimenez,michael.jimenez@yahoo.com,709-999-4366x3729,Mackeyville,PA,2024-10-14
CUST_07934,Jeremy Walker,jeremy.walker@outlook.com,267.723.4731,Strawberry Point,IA,2024-05-23
CUST_07935,Andrew Cooper,andrew.cooper@yahoo.com,+1-514-811-0061x38522,Sparta,NC,2025-11-05
CUST_07936,Mark Bowman,mark.bowman@icloud.com,001-665-372-5154x7669,Boyle,MS,2026-08-20
CUST_07937,Julia Fleming,julia.fleming@yahoo.com,001-426-981-4551x779,El Paso,TX,2025-04-18
CUST_07938,Olivia Boone,olivia.boone@outlook.com,253.966.4228,Macon,IL,2025-01-01
CUST_07939,Elizabeth Oconnor,elizabeth.oconnor@outlook.com,(932)433-1831,Frakes,KY,2026-02-01
CUST_07940,Daniel Murray,daniel.murray@yahoo.com,(940)507-8117x776,Nazareth,TX,2025-04-24
CUST_07941,Christina Beard,christina.beard@hotmail.com,(639)491-9022,Sun City,AZ,2023-12-24
CUST_07942,Allison Mitchell,allison.mitchell@icloud.com,+1-576-799-4364x195,Festus,MO,2024-04-25
CUST_07943,Michael Mccoy,michael.mccoy@aol.com,(549)992-1147x5604,Fort Worth,TX,2025-04-25
CUST_07944,Robert Vargas,robert.vargas@yahoo.com,414-839-2030,Golden,MO,2025-04-28
CUST_07945,Bradley Ramirez,bradley.ramirez@outlook.com,001-904-699-2144x7253,South Charleston,WV,2024-04-08
CUST_07946,Jeffrey Garcia,jeffrey.garcia@yahoo.com,001-263-686-5000x6901,Silsbee,TX,2024-02-27
CUST_07947,Brian Harmon,brian.harmon@hotmail.com,+1-871-589-4688x7016,Oakville,CT,2026-03-03
CUST_07948,Ashley Thomas,ashley.thomas@outlook.com,740-520-1941x64390,Roulette,PA,2024-01-31
CUST_07949,Scott Nelson,scott.nelson@hotmail.com,+1-603-934-7728x20826,Letha,ID,2025-07-30
CUST_07950,Alex Palmer,alex.palmer@outlook.com,+1-264-948-7112x4977,Parkesburg,PA,2025-10-15
CUST_07951,Elizabeth Morrison,elizabeth.morrison@outlook.com,+1-897-271-1306x881,Durham,NC,2024-10-12
CUST_07952,Levi Bennett,levi.bennett@outlook.com,928-364-7468,Solano,NM,2025-01-05
CUST_07953,Lisa Bryant,lisa.bryant@gmail.com,001-241-906-9455x6717,Le Roy,WV,2024-02-09
CUST_07954,Kimberly Walters,kimberly.walters@outlook.com,(377)486-2737x2457,Brinktown,MO,2025-05-14
CUST_07955,Susan Hester,susan.hester@hotmail.com,001-734-285-3159x33237,Satsuma,AL,2025-08-20
CUST_07956,Ashley Mercer,ashley.mercer@icloud.com,(910)790-0948,Fort Worth,TX,2025-07-11
CUST_07957,Joy Larson,joy.larson@outlook.com,(625)987-1298x698,Petersburg,NY,2025-02-06
CUST_07958,Jessica Martinez,jessica.martinez@icloud.com,969-541-2736x049,Newington,VA,2024-01-14
CUST_07959,Jason Rodriguez,jason.rodriguez@aol.com,810-368-5625x851,Manchester,NH,2026-06-22
CUST_07960,Andres Glenn,andres.glenn@outlook.com,+1-519-331-3374x755,Dundee,NY,2025-05-27
CUST_07961,Michael Hays,michael.hays@yahoo.com,215-985-5856x6974,New Bremen,OH,2026-01-18
CUST_07962,Cheryl Glenn,cheryl.glenn@gmail.com,694.497.6757,Millport,NY,2023-09-20
CUST_07963,Jessica Chapman,jessica.chapman@gmail.com,+1-309-804-0695x6692,Belford,NJ,2025-11-28
CUST_07964,Kaitlyn Vang,kaitlyn.vang@hotmail.com,(272)420-6127x305,Hampton,VA,2026-07-22
CUST_07965,Jay Mcintyre,jay.mcintyre@icloud.com,724.272.3791,Saint Rose,LA,2025-07-07
CUST_07966,Joel Bean,joel.bean@aol.com,+1-348-913-0607x06637,Allentown,PA,2025-12-02
CUST_07967,Karen Merritt,karen.merritt@outlook.com,001-889-727-9987x10626,Kunkletown,PA,2025-09-23
CUST_07968,Steven Patel,steven.patel@aol.com,001-617-617-9301,Boca Raton,FL,2024-08-19
CUST_07969,Hannah Zamora,hannah.zamora@yahoo.com,584.361.2411x91448,Saint Louis,MO,2026-05-19
CUST_07970,Steven Miller,steven.miller@aol.com,982-292-3162x62524,North Aurora,IL,2025-12-19
CUST_07971,Tamara Johnson,tamara.johnson@gmail.com,717-897-3023x456,Dover,TN,2025-10-06
CUST_07972,Chad Mcdaniel,chad.mcdaniel@outlook.com,(320)937-7346,Fort Wayne,IN,2025-06-29
CUST_07973,Samuel Newman,samuel.newman@icloud.com,(796)261-0535x053,Waverly,AL,2026-05-21
CUST_07974,Kristen Weber,kristen.weber@outlook.com,362-755-1626x115,Carriere,MS,2024-10-21
CUST_07975,Susan Jordan,susan.jordan@aol.com,(836)635-9543x969,Sanderson,FL,2024-01-16
CUST_07976,Kevin Gonzales,kevin.gonzales@aol.com,971.478.4384,Shelby,NC,2024-05-13
CUST_07977,Sydney Terry,sydney.terry@gmail.com,(756)749-3841,Chatham,NY,2025-05-06
CUST_07978,Thomas Walker,thomas.walker@hotmail.com,(923)462-9436x1943,Haverhill,NH,2024-02-01
CUST_07979,Jonathan Cooper,jonathan.cooper@gmail.com,001-757-602-6678,Elmwood Park,IL,2024-02-18
CUST_07980,Elizabeth Patterson,elizabeth.patterson@outlook.com,582-657-3786,Elm Grove,WI,2024-01-12
CUST_07981,Michelle Garcia,michelle.garcia@hotmail.com,503.849.7300,Apo,AE,2026-01-11
CUST_07982,Amy Pearson,amy.pearson@outlook.com,926-320-2484x60138,Lumberton,NJ,2026-01-30
CUST_07983,Monica Shelton,monica.shelton@yahoo.com,+1-248-543-9760x5217,Detroit,MI,2025-11-19
CUST_07984,Jessica Maldonado,jessica.maldonado@aol.com,(449)370-0207,Neligh,NE,2023-09-26
CUST_07985,Joshua Terrell,joshua.terrell@icloud.com,(390)295-4426x08642,New Orleans,LA,2023-09-10
CUST_07986,Frank Howard,frank.howard@hotmail.com,531.710.1380x512,Surprise,NY,2024-04-28
CUST_07987,John Black,john.black@gmail.com,3977404742,Corrales,NM,2025-07-04
CUST_07988,Crystal Armstrong,crystal.armstrong@yahoo.com,+1-906-868-3733x79145,El Paso,TX,2025-08-31
CUST_07989,Dawn Wright,dawn.wright@yahoo.com,346.873.7175,Faith,NC,2026-01-05
CUST_07990,Jill Robinson,jill.robinson@icloud.com,(441)659-7955x137,Carmel,IN,2024-03-11
CUST_07991,Alexander Forbes,alexander.forbes@hotmail.com,001-250-393-7126x65771,Lindsborg,KS,2025-10-14
CUST_07992,Amy Lewis,amy.lewis@outlook.com,490.219.1686x8930,Slick,OK,2025-01-30
CUST_07993,Timothy Hines,timothy.hines@icloud.com,9266720395,Oklahoma City,OK,2024-11-11
CUST_07994,Courtney Holden,courtney.holden@yahoo.com,(717)341-8545,Newtown Square,PA,2024-05-15
CUST_07995,Theresa Higgins,theresa.higgins@gmail.com,+1-398-374-6442x03715,Sawyer,MN,2024-05-22
CUST_07996,Ryan Randall,ryan.randall@icloud.com,(619)508-0605,Wyoming,NY,2025-01-20
CUST_07997,Kathleen Watkins,kathleen.watkins@icloud.com,981.726.1701x01015,West Olive,MI,2024-05-04
CUST_07998,Robert Johnson,robert.johnson@outlook.com,313-353-2583x842,Center Lovell,ME,2025-01-31
CUST_07999,Cynthia Ramos,cynthia.ramos@hotmail.com,(304)779-0525x58102,Dimock,SD,2024-03-27
CUST_08000,William Wright,william.wright@icloud.com,+1-822-433-8810x9353,Stoughton,WI,2024-02-20
CUST_08001,Angela Rodriguez,angela.rodriguez@gmail.com,(373)246-5155x49344,Washington,DC,2026-02-23
CUST_08002,Philip Hunter,philip.hunter@gmail.com,(472)453-1961,Greens Farms,CT,2025-09-10
CUST_08003,Carol Davis,carol.davis@icloud.com,870.259.0198x3311,Jonesboro,AR,2024-06-24
CUST_08004,David Smith,david.smith@gmail.com,(302)604-2828x0104,Albion,IA,2024-09-16
CUST_08005,Kristin Silva,kristin.silva@outlook.com,910.722.8627x392,Rodney,MI,2025-10-26
CUST_08006,Steven Henderson,steven.henderson@gmail.com,(322)769-8725x9312,Stirling City,CA,2025-08-10
CUST_08007,Tyler Hall,tyler.hall@hotmail.com,001-765-231-0521x83510,Browerville,MN,2026-02-15
CUST_08008,Ronald Phillips,ronald.phillips@aol.com,2383284036,Nemaha,IA,2025-04-20
CUST_08009,Christine Matthews,christine.matthews@gmail.com,434.371.4174x0919,Austell,GA,2024-12-15
CUST_08010,Justin Mann,justin.mann@icloud.com,468-487-0460,Roberts,MT,2025-07-22
CUST_08011,Michael Castillo,michael.castillo@aol.com,916.947.0816x0466,Calumet,OK,2024-03-02
CUST_08012,Christine Torres,christine.torres@outlook.com,(287)899-2086,Albany,NY,2026-06-12
CUST_08013,Virginia Carter,virginia.carter@outlook.com,001-237-357-5157x935,Blowing Rock,NC,2025-07-11
CUST_08014,Jonathan Lee,jonathan.lee@icloud.com,680.471.6269x35000,Dallas,TX,2025-03-20
CUST_08015,Tara Anderson,tara.anderson@hotmail.com,001-238-675-7689x0302,Pittsburg,OK,2024-01-30
CUST_08016,Jacob James,jacob.james@outlook.com,+1-497-809-9453,Douglas,GA,2024-09-27
CUST_08017,Christopher Davidson,christopher.davidson@gmail.com,2412181564,Shreveport,LA,2025-01-24
CUST_08018,James Allen,james.allen@yahoo.com,631.956.6868,Stillwater,OK,2024-06-18
CUST_08019,Sarah Spencer,sarah.spencer@gmail.com,569-811-5219x951,Ten Mile,TN,2026-01-07
CUST_08020,Gregory Nelson,gregory.nelson@gmail.com,274.571.4722x6327,Susanville,CA,2024-07-31
CUST_08021,Patrick Hall,patrick.hall@yahoo.com,001-274-807-1940x928,New Haven,MO,2026-04-12
CUST_08022,Erin Harding,erin.harding@yahoo.com,(915)505-2898,Ashley,IL,2026-08-01
CUST_08023,Robert Thomas,robert.thomas@gmail.com,(968)233-1033,Mystic,GA,2026-08-02
